Country,1961,1962,1963,1964,1965,1966,1967,1968,1969,1970,1971,1972,1973,1974,1975,1976,1977,1978,1979,1980,1981,1982,1983,1984,1985,1986,1987,1988,1989,1990,1991,1992,1993,1994,1995,1996,1997,1998,1999,2000,2001,2002,2003,2004,2005,2006,2007,2008,2009,2010,2011,2012,2013,2014
South Africa,65.14,69.91,70.42,70.55,77.67,83.65,86.14,89.58,91.44,94.39,96.29,99.67,101.51,104.44,106.24,108.15,107.89,109.42,110.81,112.61,120.04,117.86,111.51,113.64,110.85,107.83,102.36,105.16,104.13,102.56,100,98.42,101.18,99.09,101.24,97.96,94.53,93.38,89.84,87.35,85.83,87.22,83.49,84.88,80.45,86.41,87.15,86.67,86.06,85.15,86.84,88.05,87.5,88.09
Cameroon,49.35,49.96,53.92,52.69,54.49,58.47,60.72,63.45,65.88,70.47,71.92,69.87,71.85,74.25,75.38,76.77,83.28,85.54,86.04,92.18,91.97,90.52,91.44,90.03,97.23,100.48,97.08,99.37,99.4,99.72,100,102.14,105.3,108.48,110.3,111.7,114.53,118.77,120.69,124.8,126.94,127.9,133.07,138.14,138.18,141.78,144.56,140.68,146.36,152.59,156.67,160.03,161.95,162.51
Central African Republic,47.21,47.7,48.45,48.89,49.79,53.3,57.27,59.91,62.41,65.13,67.52,69.95,72.12,76.09,74.37,76.66,80.4,82.16,91,93.44,95.26,95.97,96.21,90.96,89.84,96.96,94.88,96.74,97.42,98.65,100,100.24,101.04,105.58,109.13,115.6,118.84,120.98,123.41,123.67,126.41,126.64,128.08,131.27,134.69,137.93,144.47,145.31,150.3,143.9,148.55,148.39,152.57,154.77
Congo,52.49,54.5,56.86,59.74,61.17,62.18,58.63,65.26,67.18,70.4,71.34,71.7,72.19,74.17,75.57,78.25,82.79,83.71,82.94,82.6,85.09,90.09,93.66,93.92,99.78,98.99,98.46,97.89,99.83,98.12,100,101.04,103.56,104.19,107.19,109.18,110.63,108.24,114.1,114.83,117.27,119.53,123.29,134.98,145.32,154.48,161.45,166.8,169.76,174.77,177.26,179.1,184.19,184.68
"Congo, DR",45.34,48.32,48.23,49.13,47.73,49.79,52.11,55.11,57.7,62.22,63.41,64.25,67.32,68.87,72.08,74,73.57,74.43,74.43,76.32,77.78,79.63,82.22,84.69,84.13,82.2,88.88,88.31,97.24,99.89,100,95.81,98.78,104.83,97.87,96.35,94.25,90.64,82.26,81.43,84.3,80.35,83.45,82.98,78.64,88.04,90.12,92.77,92.53,95.41,96.72,97.44,101.95,107.22
Equatorial Guinea,68.39,69.75,68.89,70.99,74.65,77.16,79.39,83.33,82.83,83.95,84.63,79.74,78.58,77.82,78.23,77.36,78.15,78.6,78.47,79.71,82.99,84.92,86.76,89.73,92.91,94.63,95.97,96.53,98.67,101.82,100,104.62,98.36,101.79,99.85,103.32,106.24,103.85,108.57,109.27,109.16,102.64,106.14,109.44,111.38,109.26,111.33,110.3,109.36,111.3,110.46,111.14,114.09,111.96
Gabon,38.09,40.19,41.38,42.86,44.7,46.83,47.37,49.07,49.41,51.5,52.8,54.28,59.98,61.22,62.16,66.52,71.55,75.65,76,77.19,77.27,76.66,78.09,80.41,84.5,89.15,90.97,93.75,95.48,95.65,100,103.08,103.44,101.69,101.76,105.64,107.86,108.82,109.18,110.53,109.41,109.75,110.33,109.23,110.9,111.3,110.7,112.55,114.34,116.35,118.51,118.99,123.25,121.52
Sao Tome and Principe,81.2,83.99,81.63,81.23,80.77,78.73,82.43,82.8,81.72,81.44,79.96,78.37,80.01,77.34,80.99,84.84,87.97,84.06,90.73,87.43,88.64,93.99,92.51,90.35,90.14,89.46,88.41,87.5,91.91,95.88,100,105.12,105.14,106.88,103.23,106.22,107.28,107.31,110.97,119.45,123.97,126.31,136.86,129.6,127.21,127.64,132.65,130.05,139.44,138.26,133.63,134.13,148.85,145.44
Burundi,54.35,54.92,56.58,59.37,62.77,63.98,68.09,70.03,72.39,74.68,76.19,76.64,80.52,78.24,83.64,85.69,88.61,91.01,93.2,89,83.32,84.63,85.8,84.64,87.24,94.83,94.11,96.95,95.44,96.87,100,102.57,100.99,92.38,95.99,96.59,97.51,95.12,95.43,95.24,99.06,101.41,99.43,107.65,105.87,112.08,110.51,118.35,122.77,135.19,139.67,144.96,152.29,141.53
Kenya,44.5,46.8,47.59,49.87,52.21,53.06,54.85,56.21,57.62,59.81,60.42,63.02,64.97,66.65,67.94,69.32,70.87,73.61,73.7,72.62,72.29,75.79,80.97,80.05,87.75,89.17,91.01,95.68,99.28,99.94,100,102.01,101.06,106.62,103.71,103.03,103.97,103.58,110.86,106.78,110.63,111.87,115.94,116.18,121.45,123.7,140.05,139.56,144.43,149.37,155.74,158.45,161.47,159.65
Rwanda,40.76,44.39,43.5,43.32,45.24,50.87,55.25,54.32,57.36,61.54,63.35,63.96,65.93,67.02,68.92,70.24,73.44,75.48,76.73,79.57,83.45,84.04,86.51,86,90.57,87.59,86.32,90.38,94.19,96.6,100,97.76,83.94,71.03,69.08,76.23,84.11,89.66,99.07,106.31,113.51,115.45,123.35,128.15,133,139.49,144.98,152.62,156.81,164.2,165,170.41,176.86,175.02
Seychelles,73.6,76.39,76.76,84.69,85.89,96.21,107.09,115.21,97.06,97.38,98.48,117.97,114.67,113.91,110.83,110.72,102.83,99.92,104.12,109.35,109.53,110.43,119.57,101.64,119.92,123.45,100.78,89.09,91.77,88.41,100,85.46,88.89,102.91,114.92,112.71,116.52,111.29,109.46,110.57,109.7,100.59,102.4,90.19,89.31,88.16,82.21,83,71.55,63.7,68.69,58.17,52.55,49.9
Tanzania,46.55,46.87,49.97,51,55.45,57.93,57.77,58.85,61.43,64.55,65.15,66.05,68.32,72.19,73.41,76.89,78.93,81.4,82.12,84.62,85.59,83.05,84.36,87.07,90.82,93.82,95.48,94.07,97.62,95.98,100,101.17,101.24,98.56,103.69,104.22,107.23,111.52,108.96,112.97,116.58,128.51,139.33,147.65,148.82,152,154.91,160.66,168.05,175.15,187.39,198.29,217.3,222.65
Uganda,54.25,53.21,55.54,57.43,58.35,59.04,62.49,64.73,69.38,75.89,80.07,81.02,82.39,81.62,84.51,86.29,86.88,91.68,79.61,75.53,77.89,80.69,84.14,84.89,84.1,88.24,81.95,86.47,91.22,95.94,100,102.57,105.69,105.03,108.21,110.9,113.39,116.45,120.62,123.51,126.05,129.72,135.47,138.24,141.42,143.96,147.11,167.59,173.73,178.12,179.42,176.76,181.81,181.52
Djibouti,21.89,22.5,23.59,24.43,25.94,26.99,27.85,29.25,30.44,31.71,32.74,34.2,34.97,35.87,37.57,39.28,43.32,45.94,52.64,61.12,62.83,62.63,65.23,68.12,71.19,76.58,82.64,81.88,86.57,101.89,100,101.82,119.49,109.51,116.7,114.57,118.51,126.76,138.62,122.24,122.88,142.86,134.75,134.35,137.56,134.22,135.25,136.02,138.97,139.73,139.32,144.24,147.15,142.68
"Ethiopia, former",60.18,61.46,62.17,63.55,65.2,68.86,71.27,73.95,76.36,78.85,82.75,80.82,80.25,81.14,80.45,78.88,79.14,80.46,82.93,85.79,85.3,85.44,89.7,86.07,85.22,93.44,93.91,96,98.36,131.35,100,102.7,101.32,105.55,112.37,121.85,121.33,123.95,128.37,126.97,137.69,136.87,134.02,151.29,159.22,158.07,167.34,173.38,180,187.36,192.68,200.95,207.91,213.75
Somalia,60.03,61.38,62.84,64.47,67.16,70.05,73.25,74.49,76.65,78.17,76.72,82.79,76.8,76.4,83.6,88.32,96.26,99.34,101.34,101.85,112.53,114.18,106.99,113.2,113.45,109.32,115.81,119.14,119.71,112.29,100,94.02,96.12,113.56,104.97,106.11,109.63,104.72,107.65,108.96,109.69,112.34,115.03,117.97,117.99,115.87,107.44,111.25,118.34,122.06,108.92,112.33,117.19,115.82
"Sudan, former",46.07,46.52,49.55,50.7,51.01,53.13,58.64,58.76,60.18,64.21,66.23,71.51,72.69,74.53,80.37,80.29,78.19,74.84,78.96,86.32,91.56,90.16,90.6,94.21,101.54,96.36,89.36,103.11,94.47,90.18,100,112.96,110.79,126.04,123.37,131.99,136.76,131.71,130.54,131.24,144.56,140.04,146.73,138.35,161.16,152.21,152.83,155.95,158.26,154.03,166.02,158.77,181.93,189.3
Burkina Faso,32.61,36.25,36.42,38.25,40.12,41.05,43.05,42.69,47.53,48.21,49.32,48.44,46.62,51.59,52.96,56.31,58.57,60.9,61.1,58.13,65.19,67.2,68.97,66.79,75.88,83.93,86.75,90.81,94.44,93.04,100,102.55,101.28,105.72,107.08,110.11,117.02,123.51,122.98,116.54,132.39,136.85,157.52,153.64,163.66,164.02,161.97,182.01,176.78,191.48,185.66,197.43,207.72,207.79
Cape Verde,45.25,48.19,49.68,51.27,57.22,61.46,61.62,50.24,48.19,36.4,35.34,34.9,33.34,36.36,37.71,41.65,35.7,39.48,52.4,62.23,47.41,54.09,50.49,54.53,48.89,71.51,90.56,91.49,98.56,98.57,100,108.32,105.68,100.58,105.65,96.38,100.25,100.86,98.4,104.43,101.49,103.41,104.11,102.85,95.53,105.31,103.04,105.22,102.99,102.38,93.17,97.16,97.52,85.72
Chad,67.75,69.03,70.12,71.25,73.07,72.06,74.07,76.13,75.96,76.63,79.26,80.55,76.99,72.5,75.67,78.75,82.77,83.94,81.97,82.11,76.28,76.11,82.62,75.61,84.85,84.73,84.99,88.9,91.36,92.13,100,102.52,101.19,109.27,111.83,113.77,125.89,131.76,132.63,132.88,141.48,136.16,145.58,141.39,157.91,160.7,162.99,165.61,171.28,199.04,174.72,198.32,196.04,200.68
Gambia,50.9,53.15,55.27,57.25,59.64,61.1,59.93,62.97,64.91,67.75,71.37,71.44,74.44,71.37,70.38,71.32,72.41,76.41,68.58,72.9,79.66,84.03,82.09,81.74,85.75,89.53,93.26,94.52,96.34,96.64,100,94.14,96.26,98.42,102.7,99.75,108.31,108.85,120.59,126.66,131.55,125.63,139.71,147.34,149.31,155,153.69,167.76,182.18,187.62,162.12,166.2,168.84,171.5
Mali,46.81,53.12,55.12,53.25,57.22,62.31,65.44,65.93,68.51,71.75,72.36,69.64,69.31,68.82,66.75,77.02,78.64,72.98,77.7,81.88,83.27,88.54,85.83,89.5,84.92,84.2,85.34,95.81,97.05,101.63,100,107.95,112.88,113.19,112.49,109.51,115.14,118.86,126.4,122.04,130.3,146.13,150.71,152.4,155.6,160.48,171.71,171.64,168.59,184.04,211.02,206.1,200.23,210.22
Mauritania,76.66,78.45,80.68,81.97,86.73,86.29,88.43,91.05,90.78,91.05,91.23,86.42,83.19,80.18,78.94,78.69,80.54,84.62,84,84.69,90.24,89.98,87.46,84.28,93.87,96.11,94.58,98.23,100.25,94.79,100,97.99,104.4,110.93,111.24,115,115.32,118.45,124.47,123.57,130.72,124.02,134.05,131.9,136.34,140.13,140.11,137.08,142.18,150.56,141.32,152.25,155.84,156.56
Niger,40.56,42.74,43.96,45.44,46.98,48.97,54.45,56.52,60.65,61.44,65.36,66.71,59.23,58.79,63.94,71.3,77.88,80.22,82.37,88.87,95.96,96.16,96.58,87.28,86.01,85.09,89.54,92.17,98.03,107.05,100,114.9,113.5,124.97,134.01,135.21,117.93,124.62,143.44,142.63,152.3,158.02,162.23,157.03,170.81,183.43,187.48,190.91,196.43,219.05,212.68,227.92,233.17,247.43
Senegal,61.58,60.73,65.14,67.64,73.2,76.01,79.92,78.25,75.58,75.88,79.76,79.13,82.26,88.12,90.31,89.61,89.17,92.03,87.88,86.64,88.81,88.89,85.21,85.52,91.12,91.06,94.64,97.45,94.54,97.35,100,102.16,106.52,110.81,108.19,113.52,112.01,109.45,124.36,125.26,122.91,124.36,122.29,123.72,127.35,125.08,126.17,142.92,146.85,155.62,146.73,147.83,151.63,153.34
Angola,56.25,60.62,62.34,65.76,68.56,70.81,74.44,75.97,80.35,82.65,86.43,87.62,90.19,90.56,88.83,86.01,87.94,89.71,89.92,90.3,92.03,92.96,95.01,95.37,97.45,101.09,101.07,99.7,99.88,97.14,100,104.26,106.48,104.38,103.08,107.53,111.16,121.15,121.29,132.35,140.27,146.59,152.58,164.71,174.41,178.26,186.18,177.86,207.08,213.82,225.91,201.84,242.91,242
Botswana,71.04,62.67,63.53,64.09,61.1,62.07,73.32,70.66,79.37,82.89,87.57,82.51,86.91,90.99,93.78,101.21,104.99,99.1,93.01,104.77,107.73,95.83,94.83,94.35,98,97.85,97.49,111.47,114.14,110.02,100,93.55,94.54,108.11,108.15,116.64,111.19,104.23,113.36,118.4,103.76,105.03,96.55,106.22,106.56,110.73,102.4,113.54,121.26,125.36,125.95,113.14,111.87,115.94
Comoros,53.43,55.38,58.25,60.5,64.44,67.16,67.43,67.63,69.33,70.62,71.96,72.51,73.94,75.16,75.88,77.05,80.41,83.71,84.64,85.33,87.04,87.59,87.41,86.49,91.45,91.38,93.03,94.91,97.76,98.65,100,102.22,105.3,106.57,109.88,113.93,116.07,121.62,126.08,126.26,128.56,129.48,128.25,130.91,130.47,136.36,138.41,141.24,143.51,146.86,147.97,148.18,153.19,154.17
Lesotho,86.27,88.58,87.43,87.24,94.1,89.18,97.59,99.59,102.61,109.43,111.25,105.68,104.53,111.08,103.8,100.05,94.03,100.46,99.92,103.35,105.79,104.7,101.89,104.51,112.34,108.73,120.94,126.5,116.49,114.09,100,105.25,106.27,125.02,92.17,114.58,111.43,95.82,120.66,121.48,130.73,117.11,116.63,112.58,114.75,128.99,116.26,115.73,114.67,120.48,111.79,105.97,107.19,111.63
Madagascar,57.18,59.65,61.06,62.97,65.29,69.15,70.97,72.54,73.02,72.39,71.89,73.45,74.61,75.68,77.08,79.36,82.17,86.14,87.33,89.44,91.52,91.54,92.98,92.78,94.64,96.49,95.07,95.9,98.51,99.11,100,100.38,102.39,101.14,102.57,103.61,105.04,105.24,106.47,106.06,101.78,99.12,101.61,104.44,114.26,116.17,116.57,119.33,124.05,126.8,126.23,128.69,124.39,125.19
Malawi,42.42,43.14,44.04,45.23,49.23,49.99,51.67,54.89,56.89,58.58,61.79,64.21,67.1,67.49,68.44,73.31,74.33,77.31,77.97,77.37,82,84.2,84.89,86.97,87.48,90.72,94.11,91.73,93.35,95.31,100,98.94,101.56,89.02,97.49,101.09,101.02,106.34,108.83,117,115.58,118.16,124.98,129.94,130.54,141.26,142.5,156.1,162.08,174.05,178.03,191.22,200.39,197.69
Mauritius,79.14,80.82,82.57,83.93,84,82.9,84.31,84.72,84.26,84.51,83.46,85.93,83.82,80.97,78.9,77.99,84.68,82.74,84.73,91.86,88.89,90.4,91.24,91.61,92.16,94.06,96.97,97.33,101.12,100.35,100,103.37,105.83,106.86,108.29,109.01,108.19,106.64,108.37,111.32,110.1,113.17,111.51,108.68,108.57,106.68,110.74,110.46,109.17,109.93,108.66,105.37,104.97,103.26
Mozambique,66.49,67.8,69.07,72.79,74.91,75.22,77.56,80.63,83.12,83.6,88.95,91.09,94.81,92.43,90.77,91.67,92.68,95.69,98.47,102.09,106.26,105.58,99.01,93.43,94.39,94.29,93.15,87.26,89.51,94.55,100,100.42,99.81,107,113.97,117.24,119.46,124.15,122.89,129.53,129.31,140.89,128.65,139.75,146.76,150.19,159.33,181.7,168.86,179.74,186.62,180.2,191.57,197.5
Namibia,67.4,68.87,70.04,71.8,74.03,75.8,77.21,78.75,80.01,80.81,82.84,83.92,84.79,86.8,79.57,80.14,85.64,85.92,87.12,88.64,85.02,82.08,82.14,82.63,82.41,84.89,84.44,87.33,90.05,98.39,100,102.02,99.46,105.11,104.8,108.87,111.97,108.08,113.79,118.71,110.91,108.16,112.48,109.83,118.04,111.93,108.09,109.79,113.01,112.52,109.53,118.07,108.86,114.83
Réunion (France),79.96,80.96,80.93,81.55,84.68,85.96,84.09,82.08,85.51,85.97,90.22,88.54,84.02,85.53,87.31,95.42,99.01,95.72,96.58,99.26,103.34,101.63,101.27,98.51,98.71,97.56,98.89,101.63,96.78,95.98,100,99.13,94.41,94.85,95.73,96.54,99.13,97.33,100.74,96.33,94.23,95.83,96.9,97.91,99.75,98.03,97.05,94.64,94.96,94.75,90.46,92.16,91.79,85.28
Swaziland,71.13,71.71,70.6,71.87,72.9,74.8,78.65,80.3,83.21,86.3,81.7,83.57,85.72,85.48,85.17,87,84.35,88.06,90.47,92.85,89.78,87.06,83.95,94.88,97.36,94.52,95.08,103.97,104.97,103.62,100,101.35,94.76,95.25,97.4,98.74,104.42,102.26,106.37,102.95,92.42,95.03,98.47,96.4,98.89,94.28,94.43,96.69,97.2,102.68,100.14,101.44,107.19,107.04
Zambia,50.46,50.88,50.18,50.52,51.37,54.06,56.38,58.78,61.33,64.29,69.52,72.73,72.32,75.82,76.67,82.86,82.66,79.92,74.1,76.16,76.82,77.34,78.78,77.24,84.39,86.98,91.8,95.59,102.88,100.56,100,102.4,102.92,100.94,94.93,98.46,103.83,100.66,106.59,103.3,105.59,102.29,107.98,107.29,107.08,118.29,108.69,111.08,133.45,137.46,132.6,156.68,171.65,175.74
Zimbabwe,55.14,55.89,56.56,57.88,59.06,59.19,64.35,63.45,73.2,74.6,79.29,81.78,78.91,85.46,86.5,87.42,83.88,83.96,80.82,85.62,90.51,92.64,92.62,92.25,94.51,96.41,97.61,102.07,100.53,103.82,100,94.78,94.59,99.41,100.2,110.19,112.66,108.93,114.85,116.6,114.31,109.03,97.94,101.36,102.56,102.75,103.49,103.5,102.05,107.97,113.43,109.28,109.72,131.45
Benin,47.02,49.08,50.24,51.07,53.96,54.92,57.94,57.94,60.13,61.7,61.48,63.36,64.76,62.03,62.22,62.64,65.97,72.71,73.04,71.49,75.64,76.47,80.03,83.48,88.43,85.68,83.23,89.73,91.16,94.69,100,102.43,105.84,112,113.55,124.64,130.1,132.05,136.42,141.74,144.59,152.59,154.59,159.25,161.71,151.85,162.29,176.54,180.54,182.13,181.92,193.78,202.54,206.68
Côte d'Ivoire,30.58,33.34,35.77,37.38,39.33,40.55,42.34,43.73,46.2,48.19,49.62,51.79,53.52,55.91,60.25,63.29,67.47,69.9,73.51,74.01,76.21,78.5,79.86,82.78,84.48,87.01,87.31,93.67,96.11,99.88,100,100.38,102.93,106.16,111.69,112.12,116.48,116.23,116.18,116.73,114.48,119.63,119.34,121.86,124.56,128.24,131.12,131.01,131.44,133.04,136.37,145.59,151.98,157.76
Ghana,48.2,52.97,54.74,57.22,57.1,57.88,60.77,60.8,63.4,73.03,73.1,75.38,77.33,83.5,85.06,82.16,81.63,78.06,81.63,80.65,85.31,83.95,82.09,89.48,90.64,87.96,92.36,94.17,95.21,90.84,100,101.65,101.51,102.48,109.5,117.39,120.67,125.26,128.47,130.22,140.86,143.14,153.15,162.8,157.43,173.39,169.11,178.29,185.62,190.53,191.39,206.96,207.49,208.91
Guinea,54.47,56.1,57.27,59.54,61.11,63.24,64.24,65.47,65.55,67.37,68.3,68.65,70.29,71.06,72.53,74.38,76.54,78.19,78.89,80,81.61,81.1,82.36,83.95,82.47,75.23,80.08,85.43,90.57,93.71,100,107.06,113.46,118.32,124.63,130.49,135.73,140.58,146.61,151.96,153.71,160.3,168.26,175.77,184.47,192,198,205.67,208.5,230.26,235.23,248.59,259.81,256.65
Guinea-Bissau,61.23,62.56,63.55,66.31,65.85,64.62,63.43,63.21,62.72,63.49,62.93,65.38,65.77,69.23,74.58,79.19,80.48,80.17,82.36,85.09,92.61,98.87,97.37,99.24,91.82,94.16,92.87,89.13,97.21,99.21,100,104.25,107.5,108.46,112.71,112.87,120.16,122.09,129.99,136.16,136.69,135.31,134.74,136.92,139.68,142.47,145.19,151.61,155.46,164.18,164.67,168.18,179.07,170.2
Liberia,57.05,60.65,64.68,69.63,73.14,66.22,68.21,70.61,79.16,84.02,86.54,94.43,94.09,97.83,94.26,97.45,103.88,109.35,112.18,113.71,120.97,117.66,124.27,125.49,125.36,124.11,128.93,128.42,128.22,110.62,100,106.13,111.9,96.83,104.21,115.3,133.05,141.57,146.64,152.22,150.61,151.84,154.97,158.73,163.32,168.65,179.81,184.47,192.48,191.1,200.17,202.28,203.93,197.34
Nigeria,39.89,42.2,44.95,45.65,48.52,48.55,52.93,53.82,57.63,58.62,58.94,56.6,60.38,61.79,63.46,66.66,63.06,61.7,63.03,67.09,66.03,67.1,68.21,73.06,74.97,81.01,82.63,86.17,91.25,94.88,100,102.79,106.88,107.36,108.19,109.43,110.32,115.33,116.58,119.27,120.25,122.63,126.2,129.2,134.46,138.12,139.48,146.78,138.21,146.71,151.74,155.81,162.78,163.59
Sierra Leone,49.21,49.41,51.57,53.01,56.23,58.08,60.15,60.03,60.12,62.16,64.02,64.69,65.81,66.72,67.8,70.02,72.6,73.57,72.96,75.78,78.59,80.02,79.08,76.06,80.78,81.23,83.45,84.81,86.63,100.13,100,97.77,100.18,100.51,96.34,96.91,98.95,96.73,89.37,84.07,91.22,99.89,117.46,132.31,139.13,155.61,142.97,151.61,163.3,175.55,182.4,180.93,191.73,190.38
Togo,44.41,45.91,49.33,52.54,56.61,60.48,59.73,58.49,55.3,59.54,59.35,56.83,58.7,57.37,59.02,60.54,62.56,65.04,69.45,69.38,69.8,72.28,72.7,79.23,80.75,85.23,87.69,97.27,102.55,107.3,100,97.38,103.96,104.52,101.22,116.87,119.38,123.26,123.57,125.47,127.6,130.73,134.28,136.52,140.81,146.33,146.28,149.97,158.97,164.7,167.61,186.43,195.68,200.24
Bahamas ,70.99,70.64,71.68,75.75,75.8,78.54,77.24,80.37,77.69,74.66,75.93,75.36,84.63,77.98,72.8,77.49,83.2,77.81,73.8,75.39,81.78,81.72,82.12,84.93,90.54,90.33,90.53,91.3,103.76,101.53,100,94.22,92.44,87.65,107.86,108.62,113.09,129.82,110.04,118.65,116.53,120.76,113.61,113.75,108.81,107.17,110.16,101.9,130.34,132.26,128.81,128.73,129.54,115.21
Cuba,52.51,55.35,58.54,62.83,61.76,62.03,65.49,71.08,75.98,81.63,81.2,82.07,85.06,85.07,87.54,88.23,94.16,93.43,95.9,96.23,93.93,95.36,95.16,96.66,97.13,99.51,101.52,102.47,104,103.11,100,97.34,93.12,92.71,92.83,90.23,91.44,88.43,89.27,88.98,89.64,88.88,87.41,86.24,87.54,86.03,85.64,86.09,83.73,82.88,84.31,82.9,83.24,83.8
Dominican Republic,58.19,58.79,59.74,60.95,61.94,63.28,64.37,64.95,67.92,69.37,72.53,74.64,76.77,80.52,80.21,82.08,83.89,84.46,84.87,86.37,85.14,86.64,90.58,92.14,92.53,93.08,96.21,96.57,98.96,98.23,100,99.86,100.9,99.8,100.44,101.52,101.73,99.64,97.32,96.8,98.99,106.45,103.54,104.38,105.13,108.94,109.83,107.2,107.75,109.72,108.05,105.92,104.3,104.59
Haiti,85.73,86.89,88.17,89.79,90.81,90.9,92.71,93.81,95.15,96.45,98.47,95.69,95.17,95.48,95.15,96.14,97.6,98.84,100.24,101.43,102.31,103.16,104.57,106.67,106.71,107.77,107.94,107.72,107.65,102.46,100,102.54,98.76,99.15,94.86,96.98,100.87,104.25,102.67,108.72,109.45,112.73,113.69,113.26,113.16,110.8,116.71,111.2,120.8,120.26,119.85,116.9,121.63,120.69
Jamaica,77.25,77.52,78.49,82.78,82.49,84.16,75.61,75.96,76.48,76.12,78.86,79.91,81.47,84.06,86.67,88.23,89.62,90.01,89.8,91.47,91.97,92.2,94.64,95.9,93.43,95.19,96.47,95.17,95.78,99.2,100,105.39,108.28,106.36,105.68,105.69,106.7,106.27,105.84,106.39,106.45,109.9,111.08,109.12,103.66,99.14,95.26,87.86,88.83,89.69,91.53,88.94,91.3,89.09
Lesser Antilles,92.68,92.67,95.38,95.1,93.29,93.57,94.61,94.91,94.07,94.25,95.84,97.01,96.66,96.66,96.39,98.72,98.8,100.29,100.62,100.54,102.02,101.71,102.3,104.5,108,107.84,107.82,103.17,102.23,99.41,100,98.99,96.84,98.19,97.04,102.86,105.45,102.53,103.18,100.4,100.4,102.98,103.13,99.43,92,89.71,90.28,87.7,86.62,86.99,87.79,86.29,87.39,82.48
Puerto Rico (USA),176.54,173.55,174.32,168.36,174,166.02,159.53,155.56,151.15,145.85,141.03,137.5,130.22,127.91,126.85,126.46,125.31,122.77,118.04,107.78,106.65,106.93,105.29,106.46,103.41,103.26,100.08,103.23,102.39,101.23,100,90.87,86.07,84.97,83.77,83.29,83.54,86.52,84.7,83.9,83.7,83.36,82.38,79.34,81.57,79.18,78.99,77.83,76.2,75.92,74.49,72.96,71.18,71.19
Trinidad and Tobago,73.23,78.27,78.87,79.01,80.56,78.61,79.59,81.11,82.61,83.38,84.38,86.84,89.47,90.23,90.12,91.73,92.16,93.13,94.25,88.46,95.42,96,92.93,93.01,91.48,90.85,91.59,88.36,94.63,98.42,100,100.97,100.32,97.37,101.04,103.27,101.65,98.95,97.9,103.02,103.98,110.26,105,106.59,105.52,106.7,106.84,112.37,105.49,107.26,109.62,111.09,111.57,111.35
Belize,43.18,43.95,45.85,47.86,48.31,49.68,52.65,53.72,54.49,56.96,59.23,59.91,61.46,62.02,63.84,66.1,66.22,67.33,68.98,70.68,72.5,72.82,73.73,75.27,76.08,77.28,84.22,86.19,87.63,94.49,100,106.22,106.62,104.18,100.93,106.19,106.9,109.16,114.88,112.65,118.8,124.47,126.02,120.81,119.31,121.55,127.15,130.06,136.99,141.62,145.25,149.04,159.73,154.52
Costa Rica,65.29,66.59,68.09,69.39,70.64,71.52,72.5,74.13,75.48,76.28,78,78.15,80.05,80.92,82.69,84.06,86.04,89.05,91.01,92.4,95.35,94.5,97.36,98.77,97.64,97.65,98.57,99.72,99.99,101.52,100,101.06,100.24,104.17,100.9,102.56,103.81,104.89,103.4,102.55,100.1,100.55,100.14,98.68,99.81,101.59,105.27,105.1,105.77,107.7,109.97,108.55,108.56,110.52
El Salvador,68.78,70,72.46,73.92,73.36,74.41,75.9,76.91,78.9,79.63,82.73,84.7,85.37,87.09,88.01,89.15,92.91,97.05,98.79,97.02,93.06,89.26,89.24,88.14,91.83,93.02,94.72,96.51,97.42,98.72,100,105.29,104.38,104.87,103.95,106.44,104.59,101.86,103.61,107.51,110.46,111.53,110.71,112.83,113.01,112.55,113.77,116.04,112.53,110.82,107.57,110.87,105.51,108.66
Guatemala,60.82,62.34,63.97,65.11,65.57,67.85,68.28,70.89,71,72.88,73.85,76.44,78.94,80.24,80.47,80.46,84.25,85.5,86.63,89.27,89.42,88.82,91.4,91.31,91.71,92.21,93.3,94.76,96.68,98.02,100,104.42,106.78,106.45,107.23,107.64,109.59,112.27,113.29,115.2,119.7,122.88,128.81,131.17,131.55,137.58,142.43,141.63,142.61,147.11,147.65,145.49,146.52,147.91
Honduras,49.71,50.46,51.1,52.43,53.74,54.23,59.01,61.06,62.53,64.09,66.31,68.88,70.65,72.53,74.1,75.65,78.38,80.29,80.68,82.1,83.04,84.34,89.8,91.62,92.07,93.16,95.28,95.51,96.56,98.79,100,100.69,103.09,105.87,102.32,106.13,107.83,105.59,102.94,96.35,98.75,106.73,112.54,111.81,114.22,111.02,112.12,108.73,113.9,116.5,116.87,118.09,119.62,117.65
Mexico,48.73,49.17,50.15,51.11,52.27,53.39,54,55.1,55.9,55.33,55.96,57.04,58.22,59.58,61.49,62.15,63.41,64.58,65.57,67.51,73.78,74.75,76.45,77.45,81.65,85.36,88.42,90.92,95.58,99.01,100,100.75,101.69,100.68,98.65,101.21,100.53,102.47,101.29,101.44,102.45,101.41,101.78,101.66,100.43,100.85,100.63,101.21,101.53,102.78,101.47,101.75,102.11,101.82
Nicaragua,49.85,50.68,53.84,54.81,58.34,59.36,61.35,62.95,64.45,65.79,66.72,66.96,70.99,73.22,76.56,82.07,86.81,89.06,86.59,87.42,89.55,91.96,91.7,95.32,97.11,94.63,92.43,96.42,100.21,104.37,100,103.39,104.59,103.67,106.79,108.93,113.59,115.9,122.05,125.25,123.24,127.34,132.71,131.21,129.94,133.62,135.79,130.91,128.51,129.31,127.9,130.74,129.24,129.2
Panama,63.29,66.76,69.47,71.61,74.1,74.66,76.14,78.35,79.82,79.69,82.25,83.98,86.51,89.06,89.86,91,92.11,92.98,94.88,95.33,96.89,97.21,98.1,98.41,98.53,98.75,100.3,100.25,101.06,101.22,100,104.8,105.66,110.72,112.48,115.75,115.34,119.35,121.44,125.6,130.46,135.89,136.06,134.24,135.17,130.93,133.6,130.54,133.08,137.76,138.6,138.45,139.93,137.56
Bolivia,47.68,48.57,49.67,50.64,52.09,53.1,55.27,55.78,57.69,57.9,61.01,62.74,64.66,66.74,67.53,68.94,70.81,73.23,74.19,75.49,85.03,77.49,89.11,86.33,89.95,92.47,93.21,90.56,100.61,92.75,100,107.2,107.44,108.03,105.92,111.46,122.12,112.24,103.83,123.74,140.78,147.65,148.87,163.73,182.84,171.22,196.25,191.57,195.73,213.17,221.48,225.14,241.41,240.17
Colombia,67.32,67.48,68.72,69.98,70.3,71.22,72.03,72.82,73.53,74.85,76.97,78.57,80.09,81.28,82.16,83.75,85.71,86.86,88.21,89.57,89.89,91.56,92.69,94.32,94.41,96.73,99.55,99.17,97.93,100.04,100,98.9,98.53,98.45,96.38,95.36,97.07,98.02,98.79,101.78,100.57,100.74,102.92,103.4,105.04,105.06,106.88,102.95,102.64,105.24,107.23,108.02,106.48,110.72
Ecuador,59.76,61.25,62.92,62.56,64.78,66.69,68.96,70.38,70.73,71.16,70.56,72.61,74.08,75.23,75.38,76.96,78.27,78.2,78.91,79.15,81.45,80.91,81.66,84.33,86.44,87.94,88.5,93.44,94.71,94.7,100,103.13,103.05,113.16,113.53,117.22,123.82,124.94,125.01,124.73,135.39,134.21,137.78,143.16,129.58,143.05,142.08,140.41,139.3,150.08,153.57,147.11,152.73,158.41
Peru,64.8,67.19,69.65,71.94,73.42,73.12,74.44,75.44,77.41,79.14,80.74,83.09,84.36,85.87,86.6,88.96,90.23,90.71,91.83,91.89,94.66,93.55,88.96,91.37,93.77,108.11,113.53,114.66,108.36,103,100,100.97,108.14,114.81,117.24,121.21,123.86,133.46,135.21,138.03,144.72,145.75,146.16,146.99,154.64,160.22,160.74,155.7,159.73,164.37,169.68,170.79,176.14,177.95
Venezuela,64.48,64.92,66.31,68.19,69.31,69.73,70.82,72.14,72.31,74.07,75.15,75.27,76.96,77.86,79.68,80.56,81.99,83.07,82.94,83.63,79.57,82.35,81.51,90.37,97.23,100.92,105.8,109.25,104.94,99.82,100,99.36,98.96,95.03,99.11,99.84,98.43,96.71,94.16,98.15,99.89,100.27,101.15,103.37,104.1,101.6,108.87,106.16,104.51,106.71,109.14,111.49,108.18,108.48
Brazil,54.6,57.08,60.04,61.41,63.34,64.99,67.44,70.38,72.07,74.97,77.65,80.47,81.95,84.64,88.05,90.94,93.38,94.91,97.55,100.3,96.29,96.92,93.34,99.2,98.51,101.76,102.21,101.09,99.73,97.76,100,103.14,105.77,108.54,108.75,108.78,110.37,110.55,110.76,114.52,113.56,115.27,124.33,126.88,120.09,120.18,125.08,122.7,119.4,122.86,127.45,129.73,132.42,133.86
French Guiana (France),32.34,35.32,32.64,31.17,31.4,30.9,31.14,31.43,33.57,29.84,34.71,35.22,34.97,34.84,38.76,38.8,41.3,48.57,49.71,51.21,53.93,60.49,65.13,69.62,68.52,79.56,80.75,86.72,97.57,101.22,100,101.05,100.43,100.39,100.8,108.25,112.05,112.31,109.75,115.95,111.29,136.37,132.28,125.02,125.85,118.42,108.5,96.54,100.86,104.89,101.89,102.76,106.65,97.51
Guyana,86.05,88.17,88.38,92.07,95.29,95.69,94.79,95.63,95.08,95.51,95.97,96.61,97.47,98.79,99.92,101.58,104.56,106.15,104.68,106.69,108.97,105.37,101.54,101.07,96.83,100.67,100.51,99.94,97.62,96.88,100,100.49,102.21,103.1,106.76,110.22,113.69,112.87,111.75,109.68,107.64,127.85,135.14,123.44,112.74,100.24,101.66,94.35,104.79,109.42,108.08,108.75,116.67,120.71
Suriname,57.7,58.57,59.57,63.54,63.96,67.04,67.97,68.25,72.72,74.03,75.3,75.48,76.05,76.17,76.47,77.07,77.21,79.33,80.79,83.62,88.53,88.76,90.14,92.46,92.86,96.48,96.92,98.77,100.08,100.75,100,100.59,97.48,92.39,91.51,94.77,96.83,96.01,97.2,96.03,97.21,108.39,116.69,108.63,99.96,88.44,91,84.26,100.96,103.49,104.08,100.85,107.43,108.07
Argentina,78.63,78.31,79.08,80.56,82.66,85.01,86.23,88.02,89.76,89.42,89.9,90.38,90.44,90.27,90.17,90.16,90.27,89.62,89.76,88.59,87.52,91.08,92.84,97.09,97.66,97.61,100.27,100.25,99.34,100.39,100,106.97,110.74,117.07,117.53,122.79,123.73,122.99,123.93,123.4,126.34,124.21,130.88,139.31,136.87,144,153.71,139.51,134.59,147.35,152.46,147.19,149.14,149.88
Chile,73.71,73.77,74.23,74.49,74.62,75.49,75.69,75.73,75.54,75.89,76.59,77.8,79.07,80.88,79.63,80.14,80.01,80.55,81.02,81.64,81.22,79.65,82.43,86.11,88.56,93.17,95.27,97.26,98.37,96.44,100,102.95,106.18,108.29,108.18,109.3,114.3,116.09,117.86,116.72,115.75,117.02,118.26,123.39,121.93,120.62,122.82,116.84,115.44,113.42,114.55,114.71,113.18,112.49
Paraguay,38.33,39.02,39.94,41.9,43,43.97,44.65,45.23,45.97,48.12,47.65,48.19,48.08,50.15,52.03,54.76,57.6,61.41,64.95,67.63,73.34,74.48,78.29,80.71,84.7,87.4,93.21,89.21,101.44,100.85,100,105.04,108.14,112.11,116.87,122.11,133.02,139.76,147.58,150.45,164.95,170.9,189.41,202.82,196.1,204.68,223.86,208.23,206.39,230.38,248.78,232.58,256.04,269.68
Uruguay,116.73,115.96,115.51,115.49,113.6,113.16,111.71,111.59,109.89,106.85,107.15,106.19,104.66,103.16,103.37,102.38,101.06,99.67,100.27,99.97,98.68,96.99,91.16,93.02,95.73,95.02,96.57,97.66,96.91,95.87,100,102.71,104.29,101.58,102.62,113.82,111.1,111.53,108.91,111.36,113.47,109.83,119.52,119.76,121.24,120.64,128.31,125.7,133.7,131.76,136.2,148.29,148.54,141.84
Canada,66.1,70.35,74.14,75.07,79.62,83.8,83.6,79.99,82.85,84.9,87.14,87.87,92.74,93.33,96.42,96.21,101.93,106.04,109.35,110.47,111.63,110.37,114.57,112.36,115.36,111.05,110.88,105.4,105.32,101.15,100,98.92,104.1,102.21,103.16,104.25,103.4,103.45,103.08,100.33,99.39,100.09,102.74,97.47,95.09,98.61,104.01,97.53,96.33,97.32,97.57,99.55,99.53,100.71
United States ,86.8,87.56,88.83,88.85,91.99,93.14,93.69,95.21,96.53,96.94,98.22,99.36,100.12,94.48,99.13,100.41,99.99,104.05,104.97,104.22,102.46,99.94,102.41,102.58,100.2,100.44,100.93,97.6,99.6,100.47,100,100.86,101.42,101.09,99.78,101.32,100.3,99.3,99.43,98.61,99.48,97.81,100.78,99.55,97.52,98.01,95.86,89.43,92.67,92.63,91.96,92.53,92.4,91.34
Japan,95.27,99.06,102.22,104.61,106.06,109.92,111.06,110.93,110.63,109.84,107.91,109.13,111.61,111.6,108.79,110.71,111.68,111.21,110.17,107.43,106.53,107.56,108.89,108.89,108.85,108.56,107.81,106.59,105.28,103.63,100,98.71,97.15,94.42,92.06,89.15,87.25,84.2,82.38,79.56,76.99,75.04,73.17,71.04,69.54,67.95,65.5,61.85,60.23,59.37,56.74,55.13,55.61,53.13
"Korea, Republic ",62.48,62.25,64.84,68.85,69.1,72.05,74.24,75.27,78.35,80.34,82.14,84.51,86.15,87.28,90.01,89.65,92.53,96.08,100.16,97.3,98.73,96.49,100.1,99.31,100.52,101.47,103.48,102.5,103.38,99.47,100,100.45,99.55,97.62,99.32,97.5,96.09,92.77,91.85,91.12,89.19,88.61,86.75,86.28,85.57,81.5,82,79.67,77.29,76.53,74.34,74.84,73.66,72.1
Singapore,544.19,534.36,580.84,590.21,622.65,689.63,778.21,821.6,817.01,741.66,827.85,802.09,840.02,705.8,639.88,657.61,715.03,666.17,643.36,544.23,599.05,615,573.69,533.25,435.77,374.7,344.56,239.92,176.4,157.39,100,93.83,81.77,80.78,89.24,94.27,102.82,94.94,104.27,105.72,111.18,123.54,135.26,147.8,149.79,154.13,149.6,147.96,149.14,154.86,171.96,192.28,199.59,115.16
Taiwan (China) ,90.74,90.21,87.47,90.62,92.37,94.88,97.12,99.32,96.45,96.27,96.27,97.31,97.64,96.68,100.43,100.27,100.16,100.84,101.41,100.82,100.85,99.67,101.19,101.02,100.68,102.54,102.6,102.66,103.21,99.9,100,97.9,97.42,95.84,96.35,95.32,91.99,89.14,87.69,86.13,83.95,83.29,83.13,80.88,78.51,77.8,77.59,73.95,74.15,75.23,73.89,72.44,71.96,72.87
China,41.23,42.48,44.34,46.75,49.25,52.16,53.47,54.75,56.43,57.9,60.13,61.92,64.66,65.12,66.82,67.67,69.31,69.34,71.19,72.79,73.81,75.85,78.35,79.31,79.2,80.93,84.82,87.03,89.72,97.94,100,100.11,98.04,99.91,102.72,103.81,105.03,105.94,108.24,109.65,110.92,113.49,113.11,114.33,115.73,116.13,115.88,116.77,117.17,118.07,116.72,116.66,114.9,111.28
"Korea, DPR",53.31,56.23,57.22,56.95,57.43,58.83,59.94,61.12,62.55,64.25,65.58,67.58,69.77,72.3,74.12,77.14,78.83,81.01,82.16,83.68,86.2,87.66,89.48,91.52,93.96,95.05,96.79,99.31,99.52,100.21,100,97.34,94.3,82.38,69.13,65.29,67.56,69.15,74.87,75.96,76.77,75.72,76.14,76.49,76.31,76.29,75.6,74.25,73.58,75.07,74.81,75.69,74.42,73.58
Mongolia,62.47,63.4,65.73,67.37,68.02,69.94,72.11,72.01,71.61,71.77,75.21,73.93,80.3,77.19,75.09,74.74,78.46,81.08,82.22,78.56,88.4,93.92,96.56,97.4,97.73,97.92,101.17,98.69,97.42,97.61,100,97.52,91.69,86.2,85.7,85.06,89.88,80.29,80.86,76.79,73.93,70.7,66.58,67.87,73.62,74.54,76.77,78.84,81.85,77.98,91.04,94.14,99.94,103.36
Brunei Darussalam,141.78,142.72,140.1,138.48,129.6,143.71,143.83,152.01,148.29,148.76,141.73,130.17,136.94,119.83,115.64,114.06,113.73,113.55,116.23,119.04,133.54,118.4,118.77,120.75,124.48,122.45,129.77,122.58,96.9,98.71,100,102.56,99.85,97.86,101.31,102.1,83.81,82.47,85.7,97.07,99.89,107.08,94.03,97.34,99.04,94.98,101.8,102.75,107.63,110.53,112.04,116.05,124.12,115.5
Cambodia,52.29,53.54,56.4,56.35,57.55,62.45,70.25,74.21,74.99,74.55,68.54,65.95,65.57,61.13,58.48,56.02,55.88,56.05,53.41,55.88,61.19,68.91,71.8,71.62,78.32,82.72,87.33,92.66,96.04,97.6,100,102.02,103.62,102.53,110.08,110.86,115.29,112.18,116.62,119.05,122.06,122.87,127.88,130.93,144.31,147.99,152.78,155.1,160.25,162.96,172.09,171.03,175.23,176.2
Indonesia,48.84,50.03,50.2,50.48,51.77,51.58,50.23,54.39,53.32,53.52,54.47,55.64,56.92,57.82,58.38,59.07,60.84,62.71,64.13,66.39,69.68,71.7,76.33,80.29,81.85,88.94,92.27,95.05,97.05,100.07,100,102.57,103.79,106.26,110.87,112.47,111.21,108.62,113.44,117.22,118.76,122.47,125.04,127.73,128.02,127.95,132.59,133.58,137.93,140.17,143.61,145.17,147.08,147.47
Laos,40.03,40.99,43.18,47.24,49.5,53.67,58.78,59.59,61.18,59.58,60.9,61.3,64.58,63.41,61.53,61.52,65.4,68.01,70.92,72.05,79,82.32,83.75,86.88,88.25,90.11,93.19,92.77,95.85,99.24,100,103.79,102.44,107.15,108.53,109.84,116.15,113.16,118.77,125.99,129.57,133.84,135.4,142.47,151.7,159.05,166.5,179.01,184.03,187.74,202.29,208.17,217.11,221.49
Malaysia,54.6,56.29,57.99,58.82,60.55,62.06,63.46,64.17,66.26,68.42,70.16,71.3,73.02,73.75,75.86,77.76,79.71,82.07,84.18,85.57,85.51,85.98,87.18,88.88,89.49,90.51,93.21,94.4,96.76,97.84,100,102.23,103.98,105.66,107.28,107.48,108.88,106.82,106.39,106.6,106.5,107.52,110.71,113.85,111.26,111.68,111.7,107.81,109.59,112.62,112.79,114.17,115.34,115.58
Myanmar,52.07,53.24,55.27,58.84,59.73,60.75,64.69,66.79,67.81,68.3,71.7,73.87,74.25,76.12,77.84,78.78,80.49,83.92,86.34,88.53,92.24,95.78,96.87,99.64,102.13,102.82,102.34,101.31,99.27,99.62,100,101.15,104.76,110.09,113.52,115.69,116.68,118.69,122.57,127.22,125.9,129.71,132.65,133.32,136.09,140.98,145.76,147.98,150.23,154.5,155.31,158.05,162.29,175.64
Philippines,54.05,56.12,56.57,57.93,60.36,62.21,63.3,66.35,68.33,69.57,71.46,73.09,76.33,77.04,76.67,76.97,79.08,82.25,83.79,85.7,86.83,88.57,89.99,89.12,90.09,93.87,95.54,97.67,99,100.56,100,101.76,103.9,105.55,107.97,110.16,113.35,113.52,113.47,114.4,117.08,118.41,119.9,121.76,119.94,121.6,123.77,125.57,127.03,125,126.33,128.88,129.64,130.88
Thailand,44.27,45.8,47.51,48.84,49.46,51.72,53.61,55.36,56.78,58.44,58.51,61.03,62.77,63.83,66.45,67.69,70.02,73.22,73.53,73.74,77.08,78.96,83.53,84.78,87.19,87.76,90.79,95.43,96.71,98.07,100,102.87,103.43,104.28,105.15,105.13,104.19,102.47,101.78,102.39,103.21,103.83,104.79,104.25,105.31,105.43,106.42,106.59,106.54,108.42,108.13,109.41,108.83,107.39
Timor Leste,49.33,49.76,51.76,53.08,54.28,57.09,59.07,61,62.94,65.94,67.93,69.45,74.62,73.12,70.13,69.39,69.67,69.77,67.51,63.73,68.24,71.54,73.22,74.54,76.24,77.86,81.16,80.64,83.72,91.83,100,102.03,104.88,109.31,110.77,111.26,111.22,103.48,100.03,103.87,110.66,114.06,116.86,121.88,132.36,136.07,137.14,139.34,143.85,141.76,141.99,147.17,151.03,148.27
Viet Nam,54.25,55.65,58.12,58.16,58.82,58.05,58.64,58.6,60.86,61.75,61.8,62.6,64.85,66.34,66.03,67.25,70.15,70.52,69.73,71.23,73.68,76.97,80.54,83.48,86.59,89.05,89.62,92.91,94.93,96.03,100,103.39,106.34,111.17,113.9,118.9,121.98,125.3,130.39,136.05,140.28,144.33,148.81,153.07,158.19,160.93,162.75,163.5,165.17,169.73,170.36,171.46,172.27,174.24
Fiji,42.49,47.23,48.71,49.93,50.25,50.95,53.77,55.45,56.63,57.17,59.16,60.22,61.8,64.64,66.02,68.42,70.59,72.12,75.11,77.12,79.86,80.83,82.83,86.15,90.47,93.86,94.53,95.26,98.21,101.55,100,103.56,104.6,107.02,109.56,110.12,111.76,106.36,105.04,106.06,108.81,107.33,105.62,109.35,108.98,109.12,108.32,110.48,108.42,110.39,109.91,109.96,107.01,108.66
Micronesia,70.27,76.74,81.28,81.32,84.51,88.19,89.1,92.28,94.65,98.27,98.53,98.96,99.4,100.91,99.03,96.78,99.22,100.16,100.43,101.34,108.47,106.83,107.3,113.5,113.84,120.74,122.26,125.14,124.99,126.3,100,101.2,101.13,111.3,144.81,130.23,133.29,123.96,122.83,121.16,123.64,125.09,141,149.57,144.56,145.34,139.98,139.53,143.46,141.67,145.82,145.72,141.63,143.08
New Caledonia (France),55.33,62.66,64.44,63.93,65.19,67.71,67.59,68.73,69.68,71.05,72.04,75.17,77.4,78.91,78.83,81.23,83.2,85.2,85.97,87.12,87.54,86.27,92.25,93.81,94.91,100.56,101.46,103.36,101.49,102.19,100,101.05,101.17,102.23,103.39,107.72,109.83,110.68,107.6,109.08,113.9,114.24,113.55,117.53,117.63,114.42,115.55,116.08,112.69,113.81,113.2,112.82,108.51,107.29
Papua New Guinea,46.28,51.94,53.34,55.46,55.93,57.11,59.53,61.96,64.27,66.48,68.83,70.75,72.27,74.96,75.43,77.06,78.5,79.95,81.31,81.81,84.12,84.12,85.37,88.33,89.76,93.85,95.45,97.56,99.35,100.67,100,102.4,104.69,108,112.15,114.3,116.47,118.57,119.61,120.56,125.28,125.42,125.02,128.77,131.76,133.79,135.37,145.76,147.27,149.14,151.62,153.26,149.73,148.81
Polynesia,69.15,78.45,80.67,82.38,82.9,83.66,84.22,85.67,87.59,88.18,90.93,90.42,91.12,93.36,94.49,98.23,98.93,100.11,101.12,102.73,107.43,106.64,102.41,104.5,107.2,110.29,113.61,113.63,106.36,105.12,100,103.05,105.06,107.43,106.16,106.44,105.62,105.32,104.78,103.36,103.51,101.74,98.85,100.51,100.16,100.81,99.8,99.67,96.91,94.77,94.79,94.64,91.82,91.22
Solomon Islands,36.38,40.74,43.91,45.63,48.02,46.41,49.7,53.25,55,57.68,60.23,61.66,63.16,66.4,67.76,72.33,74.96,76.57,78.59,81.61,84.13,83.99,84.84,86.07,86.95,89.89,74.3,89.76,95.2,96.24,100,107.17,109.67,112.44,116.08,106.62,117.2,117.9,125.37,124.73,130.32,132.89,133.36,133.81,140.63,144.03,149.5,153.47,157.28,165.07,170.09,172.22,168.93,171.94
Vanuatu,43.21,50.29,52.9,54.51,57.59,60.21,61.73,63.56,66.29,68.65,71.01,73.88,76.33,80.72,81.5,82.01,84.21,83.8,84.33,87.12,88.79,86.98,87.19,89.7,93.16,96.98,96.51,96.83,99.27,100.61,100,102.34,104.4,104.86,108.78,109.29,108.8,110.88,110.66,111.18,113.77,114.2,113.03,117.92,121.35,127.09,138.21,133.57,137.62,138.55,134.97,135.02,132.88,134.44
Afghanistan,95.64,95.93,97.45,98.99,100.38,102.85,108.41,110.57,111.35,112.03,112.78,111.97,111.87,116.16,119.22,121.79,122.13,122.43,121.05,119.85,116.21,115.62,112.2,108.99,104.5,99.67,99.97,96.61,96.69,96.7,100,103.49,109.04,110.28,110.93,110.97,113.82,116.7,118.27,116.47,125.58,135.2,133.89,140.59,147.61,168.96,177.23,160.64,166.89,169.6,170.96,175.58,178.25,180.79
Bangladesh,53.84,54.8,56.64,58.07,58.72,59.95,61.65,64.48,66.53,65.86,65.16,66.94,67.66,67.51,70.4,71.19,72.62,76.71,78.46,71.91,72.92,75.14,77.99,79.71,81.53,84.11,87.34,90.66,94.98,96.94,100,100.74,102.17,103.84,107.92,109.2,110.11,112.17,115.95,118.55,121.32,124.27,127.41,129.67,131.5,133.27,135.5,135.6,137.8,140.43,141.42,141.94,144.05,145.32
Bhutan,42.1,43.27,44.3,45.27,46.14,48.35,49.91,51.11,52.24,54.56,56.57,57.65,61.08,61.67,61.09,63.45,67.54,70.29,72.9,72.78,80.79,84.99,87.56,89.99,91.41,93.5,98.83,95.91,96.22,98.63,100,97.85,95.62,94.01,97.07,97.35,100.54,98.53,102.87,100.38,105.1,107.88,112.66,125.82,138.66,140.67,144.91,137.98,140.41,144.12,154.26,156.43,161.07,159.92
India,58.76,59.37,59.91,60.6,61,61.9,63.19,64.06,64.5,65.65,67.44,68.16,69.17,69.93,71.13,72.32,74.35,76.26,77.3,78.6,80.63,81.79,84.18,86.62,88.39,90.06,90.3,93.82,95.9,97.77,100,101.33,102.61,104.77,106.25,108.14,110.22,112.09,113.94,114.63,116.47,116.72,119.43,121.22,123.86,125.78,128.16,129.46,131.96,135.27,136.79,138.27,139.31,141.2
Nepal,47.96,48.37,48.94,49.49,50.01,50.92,52.03,52.86,53.9,55.76,57.35,59.85,61.27,63.02,64.92,67.15,69.57,71.64,73.09,75.8,77.79,79.38,82.62,84.72,86.63,87.92,90.84,92.95,96,98.26,100,103.17,107.01,112.41,116,119.83,122.72,126.15,128.03,129.38,132.51,134.77,137.07,133.53,132.25,137.52,136.05,140.61,144.02,150.82,157.6,169.1,173.47,178.88
Pakistan,51.11,51.66,52.77,54.23,55.15,57.21,58.67,59.83,60.39,61.41,63.07,64.7,65.97,67.02,69.57,71.28,73.73,76.02,78.4,79.96,84.07,86.69,85.93,88.46,89.54,91.53,93.55,94.43,96.01,96.53,100,102.14,102.93,104.21,105.59,108.73,112.45,114.53,117.75,120.32,121.1,123.29,126.52,131.77,136.4,140.94,142.63,145.04,148.61,149.81,153.47,154.91,157.91,160.81
Sri Lanka,69.31,69.72,76.26,79.62,79.68,79.59,79.78,81.59,81.55,83.34,84.09,84.16,85.18,88.19,86.7,89.45,89.18,90.21,91.03,92.96,93.82,93.31,94.14,95.45,96.51,95.98,99.3,100.39,101.95,102.17,100,99.44,101.44,103.3,103.58,106.16,106.26,106.41,107.47,106.9,107.85,107.47,109.71,110.33,113.42,115.03,115.47,119.7,117.86,122.08,125.83,124.71,128,128.48
Austria,106.76,109.71,114.54,117.18,116.44,116.47,118.2,116.88,118.63,115.64,118.74,115.97,115.93,110.95,107.27,114.5,113.29,114.35,113.11,113.68,111.39,109.64,110.24,112.12,111.27,103.75,101.41,104.39,99.52,102.73,100,97.46,95.33,94.59,89.92,91.56,92.7,91.29,84.55,84.57,85.45,81.53,79.82,80.73,79.95,78.59,78.22,71.13,70.33,75.17,74.9,74.23,73.86,73.57
Belgium-Luxembourg,109.84,116.19,113.34,112.67,114.31,120.4,121.02,119.19,122.82,121.87,121.26,121.8,120.93,120.22,113.8,113.94,111.99,111.75,103.25,104.45,101.78,106.89,108.35,104.26,106.81,105.61,105.05,104.67,103.6,102.95,100,97.5,93.69,95.57,95.15,94.26,92.96,93.87,94.39,91.1,90.82,90.77,89.2,90.89,86.82,85.89,87.7,81.22,83.82,82.52,81.82,81.35,80.24,79.15
Denmark,108.85,108.56,110.68,115.64,114.99,115.81,114.67,111.68,112.93,114.2,114.83,117.28,119.38,108.73,111.56,112.05,114.16,114.54,115.6,110.29,109.92,108.83,110.3,107.91,105,108.93,104.01,103.35,104.31,103.35,100,97.14,95.25,92.41,90.16,90.08,88.95,86.63,83.38,81.15,78.57,77.24,77.38,76.48,74.17,73.29,73.83,66.09,65.91,65.63,63.75,62.71,61.56,61.24
Finland,126.97,120.62,133.86,131.19,136.19,135.68,140.86,142.37,146.45,148.33,147.92,144.64,148.57,150.03,145.71,139.12,135.22,138.19,136.77,142.06,140.51,143.81,139.77,135.09,134.38,131.66,126.78,123.67,122.38,114.46,100,96.12,92.25,94.32,94.96,91.64,90.91,109.9,107.79,103.91,103.27,101.78,100.65,98.36,97.54,94.78,96.48,87.37,87.98,87.22,84.04,82.4,82.41,81.07
France,95.29,99.19,102.28,102.86,103.98,105.99,108.82,108.99,108.4,108.94,110.79,114.22,115.98,108.47,106.98,108.58,109.06,112.29,111.9,108.54,107.08,108.07,106.13,105.07,105.99,105.88,105.28,105.06,103.73,100.47,100,91.86,93.14,93.57,92.98,92.59,91.75,91.1,89.23,85.27,86.25,84.55,81.58,81.36,78.58,76.19,77.73,72.1,70.58,72.3,68.06,64.71,63.53,62.5
Germany,135.23,140.55,140.73,142.82,143.86,142.34,141.93,140.75,140.61,138.61,141.64,141.36,140.93,142.1,141.38,143.43,141.39,141.94,144.07,142.79,138.13,136.69,133.12,133.84,134.66,132.59,129.15,126.49,121.19,108.42,100,95.04,92.28,93.74,93.39,91.51,90.39,90.82,88.62,85.83,83.72,81.46,79.05,78.94,78.34,76.29,77.43,71.37,72.72,73.48,71.6,71.91,72.25,72.17
Iceland,74.11,79.11,80.5,81.28,84.93,85.83,87.39,90.41,88.03,94.06,94.76,91.91,94.71,93.4,93.48,94.72,101.03,99.08,102.68,91.8,96.82,98.88,100.83,104.88,102.74,101.22,102.11,104.92,101.47,104.95,100,95.29,96.58,88.42,88.84,89.48,98.45,114.11,94.08,94.19,98.21,106.63,119.4,116.32,115.32,105.73,108.85,100.83,99.61,100.16,98.05,99.13,98,102.18
Ireland,79.37,83.81,81.73,80.47,81.7,87.38,89.91,92.41,93.08,96.1,97.06,103.7,100.79,93.34,95.89,99.71,108.16,109.01,110.91,109.43,109.55,111.93,115.5,114.66,109.08,111.8,104.06,105.43,102.98,103.75,100,101.72,105.09,110.32,107.76,104.44,105.63,106.96,111.14,104.34,105.84,109.4,105.91,106.44,104.06,102.82,94.25,100.84,105.67,103.34,100.7,104,104.32,103.81
Netherlands,78.2,79.46,81.46,80.76,80.64,80.64,80.87,79.76,82.87,84.22,83.15,85.32,86.9,89.95,89.09,90.87,93.72,95.09,98.57,98.96,98.94,99.79,99.5,103.82,106.93,105.45,105.99,107.23,97.2,104.11,100,103.25,97.84,101.09,98.19,97.53,90.89,89.05,92.35,88.74,91.78,88.79,87.21,85.92,83.95,85.08,85.73,85.45,81.57,80.99,77.38,76.52,75.09,73.8
Norway,91.7,93.93,93.59,94.57,94.72,97.76,95.06,95.85,97.2,98.84,98.48,100.22,103.51,100.71,96.78,99.79,102.17,102.16,104.99,104.95,105.52,105.98,105.99,103.21,104.04,105.32,107.3,105.01,106.21,101.62,100,101.41,99.51,100.32,99.33,99.04,99.87,96.74,95.68,96.7,94.92,92.36,93.08,93.67,91.29,90.68,90.89,83.71,80.79,81.75,81.91,81.73,81.42,81.2
Sweden,127.83,123.86,129.12,134.97,133.23,129.54,133.48,133.85,131.43,132.36,133.92,133.11,135.47,131.15,132.55,132.35,132.15,133.46,132.25,130.19,130.41,130.12,128.73,127.03,120.49,117.92,116.79,112.78,111.48,106.27,100,100.94,103.55,103.22,100.12,102.05,101.11,97.91,97.33,95.3,93.63,91.75,89.5,86.67,84.31,79.71,85.1,80.6,80.6,77.05,77.95,77,76.64,77.89
Switzerland,82.86,87.34,88.06,88.63,89.9,92.56,95.78,93.92,94.42,94.71,96.62,96.41,97.91,96.59,96.08,97.96,96.26,102.02,102.21,101.39,100.67,101.62,102.59,103.87,103.15,101.81,101.1,103.46,102.73,99.61,100,97.5,96.78,94.06,91.73,89.97,86.86,86.81,80.63,81.73,79.27,76.4,76.47,75.16,75.69,75,72.88,70.17,68.57,67.56,71.68,72.55,74.63,74.91
United Kingdom,98.1,100.2,99.47,99.63,98.67,97.88,98.92,98.14,97.38,96.98,97.41,98.88,101.88,95.33,97.81,99.79,100.1,102.13,105.16,102.52,103.9,108.66,108.59,107.45,106.69,109.02,107.05,106.02,105.2,103.87,100,98.41,96.95,98.59,97.58,99.61,99.68,96.67,94.86,92.07,92.62,90.81,90.58,89.28,87.67,87.71,87.31,83.76,85.92,85.2,83.92,83.87,84.99,84.76
Cyprus,93.54,96.22,98.54,92.02,101.45,102.45,101.95,114.96,112.66,119.7,122.04,124.91,127.92,106.88,110.45,109.22,104.31,100.57,99.32,99.71,103.1,107.13,107.1,104.61,101.73,102.11,101.81,101.75,102,100,100,102.77,102.58,101.2,101.59,100.85,96.2,94.67,93.41,82.83,84.28,83.14,81.65,81.54,77.12,77.87,75.22,75.28,69.1,66.94,65.57,63.47,61.2,63.44
Greece,76.76,79.64,81.79,85.05,85.69,88.52,89.19,90.34,91.73,93.77,94.74,95.29,97.8,99.85,101.08,100.58,101.01,103.8,103.24,102.92,102.36,103.68,104.53,104,105.32,103.77,101.88,103.26,102.41,101.64,100,100.3,96.91,98.65,98.7,101.12,98.56,96.29,95.04,94.71,92.95,92.62,92.99,91.58,89.95,87.22,88.09,82.35,80.29,78.46,77.39,75.89,75.86,75.44
Italy,124.63,124.47,125.16,123.91,125.77,125.03,123.9,121.85,120.02,118.59,117.67,117.61,115.64,111.61,113.32,112.42,113.54,117.69,117.14,112.43,109.94,109.32,109.7,110.3,108.24,109.21,109.59,105.39,100.8,99.4,100,97.55,94.51,91.89,90.26,89.95,87.24,86.39,85.49,83.5,81.35,80.29,77.57,77.14,73.14,71.9,70.31,65.42,63.01,61.47,60.41,59.08,58.13,56.45
Malta,75.34,71.39,67.14,66.52,62.28,60.63,60.24,57.81,59.14,46.16,55.32,59.13,69.82,71.51,88.09,82.38,93.35,106,114.78,113.29,115.1,109.76,120.07,118.51,126.38,112.98,106.77,114.08,102.56,112.91,100,99.2,101.08,101.87,102.85,102.92,106.23,107.8,108.92,110.53,113.58,89.87,93.8,93.59,94.38,95.96,96.53,99.09,106.22,101.33,102.33,103.1,108.47,96.36
Portugal,74.5,74.99,74.51,74.78,74.65,77.61,77.05,78.6,77.96,77.46,81.23,84.67,86.65,86.95,90.48,93.53,97.83,100.78,104.46,108.75,110.03,107.77,104.62,101.19,102.75,103.18,103.68,104.4,100.43,101.75,100,96.97,98.07,97.46,95.46,95.94,95.01,96.94,94.57,92.54,91.15,88.69,86.53,84.2,81.55,79.12,79.36,75.96,73.62,73.1,73.01,73.65,74,73.37
Spain,93.25,95.29,97.69,98.14,100.23,102.55,105.55,108.65,109.5,108.06,112.23,112.29,113.4,113.04,110.7,110.04,105.61,107.96,107.54,106.45,101.21,102.03,101.98,104.04,104.3,104.1,106.18,105.49,103.69,102.05,100,95.43,97.11,96,92.41,95.34,96.17,97.46,95.74,94.06,92.34,92.74,93.99,92.91,88.83,88.33,88.97,79.89,80.27,79.85,77.53,77.28,76.45,74.93
Albania,44.99,45.53,46.09,49.67,52.62,57.33,63.15,73.25,73,77.5,77.98,80.13,83.79,87.98,92.1,98.05,101.61,108.59,109.31,108.4,112.63,116.92,120.43,119.65,118.59,121.19,121.09,123.97,129.63,125.84,100,99.25,98.76,102.27,101.9,97.56,92.99,102.18,97.28,100.46,101.95,106.14,102.11,108.33,100.91,106.76,103.1,99.97,101.38,104.89,105.61,108.27,107.39,109
Bulgaria,73.07,73.61,77.96,86.35,87.2,94.83,95.88,97.78,98.73,97.87,99.96,102.49,102.49,103.63,107.62,109.95,108.97,108.95,111.07,110.68,114.59,114.38,113.93,114.13,109.81,108.63,107.33,110.16,107.79,102.19,100,83.98,73.62,71.77,67.51,68.85,69.98,65.85,65.05,60.61,61.23,60.69,55.21,59.06,57.22,53.83,52.03,48.45,50.77,50.72,47.84,47.64,46.99,47.48
"Czechslovakia, former",88.9,90.52,93.9,94.86,97.67,98.92,100.32,105.94,106.22,106.77,108.66,113.41,112.23,115.97,118.31,116.88,117.74,120.51,124.4,123.63,123.12,119.7,121.79,121.96,120.97,119.31,115.5,118.77,117.23,114.37,100,92.57,83.57,89.79,86.89,86.29,83.29,81.05,76.71,75.66,77.12,75.22,71.65,71.97,70.06,65.79,66.56,64.17,63.27,60.81,62.69,60.79,61.46,60.91
Hungary,82.22,84.82,85.28,89.22,89.77,90.51,97.96,102.76,100.5,105.33,111.9,112.45,113.14,120.43,121.24,116.83,123.38,123.28,122.91,120.57,121.25,123,125.98,126.28,119.56,117.8,119.23,117.64,115.3,103.43,100,86.36,84.9,88.07,87.59,90.33,88.76,87.24,89.74,86.99,86.88,87.83,86.55,84.89,81.77,79.38,77.12,73.05,72.54,71.87,71.83,71.74,71.93,72.33
Poland,84.83,83.1,85.83,88.16,90.36,94.92,99.29,103.06,108.14,108.16,111.64,118.43,125.04,129.4,128.55,128.21,127.59,130.53,127.49,123.19,123.67,119.59,117.98,120.94,121.76,124.45,122.89,122.45,122.35,106.3,100,95.33,94.21,93.98,96.25,93.72,93.1,92.61,88.34,85.91,85.98,82.95,83.27,84.44,83.27,82.48,85.73,83.9,82.74,78.77,78.96,76.59,76.28,76.69
Romania,55.8,56.15,61.61,63.13,67.83,72.06,76.02,77.64,78.83,82.55,87.77,91.45,95.01,96.68,100.58,106.3,108.28,112.26,114.38,111.75,115.94,120.45,117.5,123.08,122.05,118.95,119.21,119.42,113.42,108.72,100,100.18,94.65,93.25,92.11,92.02,91.73,90.83,88.87,84.73,85.43,82.57,84.51,84.11,84.76,83.01,81.65,79.84,77.58,74.9,77.59,77.15,77.17,75.89
"Yugoslavia, former",80.16,82.58,86.37,89.15,88.28,89.08,90.94,91.85,91.86,96.31,99.57,100.96,101.41,104.07,104.71,105.33,110.45,110.1,110.62,108.15,112.79,112.95,116.08,118.98,113.58,112.33,109.99,108.79,104.98,100.6,100,78.34,78.11,79.5,81.89,80.59,85.89,81.93,81.74,73.73,80.51,76.33,71.35,77.93,76.85,70.59,67.59,70.38,66.48,66.29,65.09,64.59,63.05,61.96
Algeria,79.08,78.12,75.75,75.48,75.8,76.45,78.54,78.66,79.68,79.66,82.14,82.87,82.68,82.7,84.53,85.37,85.42,85.67,86.42,87.18,85.52,85.28,87.63,94.34,101.92,104.76,106.57,100.8,100.16,101.78,100,100.61,107.22,107.27,97.15,96.44,108.62,114.65,116.14,117.19,121.04,123.61,124.96,122.09,125.52,123.94,122.75,103.58,136.46,142.63,145.28,155.45,157.15,158.6
Egypt,67.39,67.5,68.08,69.13,71.82,73.27,74.04,75.79,77.4,78.33,78.82,80.05,80.86,81.84,82.72,82.5,82.18,83.32,83.82,85.02,87.83,91.3,93.28,94.33,96.19,98.72,99.2,99.91,100.27,100.1,100,101.51,109.05,108.64,114.75,115.24,115.53,116.99,120.62,121.77,125.46,126.35,128.5,133.89,134.57,134.87,132.63,133.74,136.46,136.1,138.02,136.25,137.37,137.27
Libya,72.53,74.33,74.03,75.18,76.1,77.57,78.26,77.95,77.63,78.04,79.82,81.78,84.94,88.36,93.3,94.11,95.31,96.63,100.73,100.61,102.24,105.44,107.52,104.76,103.22,105.45,107.15,104.41,102.23,100.49,100,98.7,101.89,94.75,97.67,93.38,94.01,91.88,93.39,92.32,107.12,102.58,77.19,88.98,86.15,88.51,87.19,82.8,90.87,93.04,93.03,91.58,82.07,72.49
Morocco,61.06,62.55,63.1,63.64,64.72,65.1,67.25,69.58,69.8,70.54,75.01,73.7,74.88,76.67,78.43,79.87,80.45,83.39,83.98,85.35,85.02,84.95,86.92,86.93,91.59,94.75,95.07,97.69,98.16,100.43,100,98.3,99.94,99.01,101.12,105.16,106.44,107.96,109.98,110.18,108.17,110.7,114.18,113.39,112.12,112.95,113.33,107.86,110.01,116.41,117.68,119.67,122.66,121.91
Tunisia,71.66,72.41,72.32,72.96,73.78,74.43,74.77,74.78,75.86,77.06,78.53,80.74,82.41,84.09,85.59,86.67,88.14,87.89,87.24,87.43,92.34,93.53,91.37,94.1,95.01,96.7,96.96,97.29,96.12,96,100,102.46,103,103.9,106.29,110.34,111.67,114.33,117.59,118.35,116.19,118.52,118.57,123.09,127.88,129.77,131.92,128,132.76,136.22,137.39,138.44,137.51,136.66
Bahrain,57.03,57.6,57.83,53.75,53.68,54.57,55.04,55.48,56.08,49.3,51.43,58.62,60.34,60.52,71.28,81.51,84.4,87.68,90.13,97.3,90.68,86.49,91.91,87.98,91.99,92.14,91.38,101.49,106.06,97.73,100,114.82,118.43,112.87,113.81,110.52,110.69,105.25,97.16,100.52,100.4,105,101.44,110.26,102.37,107.53,91.91,97.12,109.76,111.14,113.87,115.96,124.95,114.21
Iran,49.14,50.34,50.78,51.69,52.61,53.74,55.04,55.69,56.23,57.02,58.51,60.02,63.47,64.61,65.02,65.61,66.54,65.85,68.69,66.88,71.24,75.44,79.68,82,84.71,87.87,90.41,92.59,98.1,97.83,100,101.57,97.93,100.3,101.68,104.19,110.45,109,109.93,111.7,113.66,114.82,119.61,124.8,126.14,133.05,129.72,127.32,125.84,128.08,119.38,117.42,114.33,117.58
Iraq,82.49,82.68,86.1,87.78,90.27,94.22,98.45,101.86,104.67,106.43,106.98,109.09,105.92,107.18,106.33,106.35,106.13,105.58,104.3,102.81,105.2,106.47,109.19,117.57,119.02,119.85,121,121.91,118.15,115.24,100,102.57,110.02,109.46,111.38,109.76,109.56,111.06,109.36,106.71,116.73,124.33,78.87,58.18,96.04,101.71,97.53,94.69,94.3,94.57,98.85,94.62,107.6,102.18
Israel,91.84,92.93,95.4,95.7,95.59,96.62,97.22,97.27,97.95,98.47,98.88,99.5,100.71,102.19,104,104.61,105.19,104.01,103.37,102.54,102.47,102.8,102.18,104.02,101.59,101.83,101.38,102.97,102.62,101.1,100,100.54,102.07,104.34,103.53,102.89,103,100.84,97.81,98.34,98.26,97.85,98.82,101.69,98.15,97.12,93.41,91.71,91.7,90.43,90.76,89.97,89.13,87.77
Jordan,63.3,65.3,67.24,69.91,72.89,74.83,72.34,73.35,77.53,76.71,77.28,78.26,78.66,76.55,77.16,76.16,75.22,74.4,75.24,72.14,69.25,78.21,81.75,82.01,85.68,82.1,88.32,98.5,97.47,94.92,100,113.05,116.17,115.22,117.06,112.86,112.01,112.36,115.18,110.59,111.61,120.8,124.06,93.3,105.59,94.81,98.53,104.04,119.99,118.64,120.73,125.11,128.52,130.33
Kuwait,24.17,24.34,24.64,29.79,30.82,31.84,33.16,38.55,40.82,42.06,46.93,47.93,48.42,55.38,55.25,60.82,62.24,67.8,74.83,75.91,86.74,102.86,103.16,111.2,126.21,128.09,128.31,146.28,133.89,130.8,100,115.01,124.63,136.61,139.33,152.74,147.03,154.35,160.26,165.32,231.15,186.99,187.07,202.49,205.93,264.36,273.89,281.31,252.2,225.61,225.69,231,240.55,235.1
Lebanon,122.62,123.47,128.09,129.9,130.97,131.11,129.81,128.17,126.51,126.22,128.61,131.07,132.6,129.4,121.9,117.84,117.63,121.34,122.55,121.92,121.69,125.88,121.5,121.08,114.36,105.19,103.76,102.81,102.11,97.55,100,101.07,101.68,99.51,106.91,112.3,113.47,110.27,114.95,110.04,111.03,103.18,106.87,106.99,99.89,97.22,98.94,95.54,104.59,97.29,98.67,102.12,99.39,95.99
Oman,25.06,25.3,25.94,26.68,26.91,27.22,28.43,29.42,30.02,29.67,31.62,33.73,36.12,38.22,41.64,43.02,45.8,49.29,51.46,53.35,58.48,60.45,64.43,67.39,72.68,74.65,74.78,83.33,86.9,94.3,100,101.07,104.16,110.59,114.14,113.12,116.29,117.68,117.7,111.48,111.85,109.09,115.01,121.37,111.98,114.12,109.11,124.29,147.7,150.52,158.1,164.5,180.4,95
Qatar,22.26,22.62,23.13,26.72,27.11,27.54,28.1,28.47,31.84,32.22,32.66,32.97,33.43,37.53,38.2,39.24,37.94,38.41,38.82,44.17,46.96,51.87,55.21,64.36,64.39,68.21,72.42,80.35,91.97,93.42,100,95.13,99.38,106.17,107.12,88.48,90.5,81.76,80.47,78.37,89.2,92.32,92.15,99.43,96.75,124.15,137.2,180.27,123.22,146.55,127.16,129.89,133.02,124.37
Saudi Arabia,26.33,26.96,27.95,29.35,30.53,31.68,31.27,32.75,33.73,34.81,35.06,35.92,37.98,40.06,40.85,42.85,44.96,47.05,50.2,53.16,61.83,70.01,81.25,87.59,94.97,100.29,100.99,99.42,100.41,97.1,100,103.67,108.59,105.11,101.88,101.63,102.05,95.03,95.98,97.76,95.79,96.9,100.33,97.07,97.32,99.78,100.66,86.09,80.6,79.69,78.85,77.05,74.73,78.03
Syria,50.63,52.09,54.25,55.97,56.82,55.83,56.8,57.48,58,59.27,60.08,60.75,60.04,61.46,61.27,63.64,63.56,64.93,66.36,67.76,68.93,72.3,74.98,78.78,81.67,84.17,87.61,90.44,91.57,96.76,100,104.67,107.18,112.52,116.63,113.86,110.95,115.12,120.18,121.18,116.45,125.97,121.69,132.67,137.51,130.19,132.94,126.33,132.14,130.48,131.23,119.73,83.8,78.92
Turkey,58.88,59.34,61.38,62.13,63.27,64.89,66.47,68.21,70.17,70.16,71.18,73.06,74.16,74.76,76.71,78.75,79.97,81.21,82.72,82.78,84.43,87.48,89.11,91.92,91.54,91.57,96.15,97.13,99.22,100.69,100,100.79,99.91,98.18,100.28,101.96,102.16,105.33,106.5,103.52,98.04,100.21,102.56,104.19,103.69,103.91,101.09,94.45,99.8,99.07,97.96,102.44,105.84,104.52
United Arab Emirates,11.7,11.74,12.4,12.48,13.47,14.32,14.5,15.03,15.28,15.38,17.33,18.4,20.76,22.44,24.05,25.04,26.83,29.54,32.01,34.54,41.08,43.26,48.47,50.07,55.95,54.54,64.01,72.03,83.75,93.68,100,108.77,112.74,121.37,128.09,130.44,132.19,135.97,155.12,168.23,166.92,188.32,200.73,170.9,150.8,198.8,207.74,184.23,231.18,198.46,193.38,204.64,210.8,208.38
Yemen,52.36,53.3,54.24,55.89,57.43,58.42,59.3,59.68,59.64,60.26,61.68,62.89,64.57,66.34,69.91,69.19,69.88,73.38,75.14,75.5,78.03,79.14,81.8,85.43,86.74,86.61,81.7,89.79,91.81,99.27,100,100.45,101.28,103.83,106.92,102.03,113.85,114.57,114.06,118.21,120.76,111.95,93.33,129.79,94.45,120.17,154.29,136.62,131.04,153.74,130.37,129.17,157.32,151.28
Australia,80.14,81.92,84.75,89.02,91.14,92.41,93.3,94.68,95.13,95.31,97.13,99.13,98.96,94.83,95.05,98.47,96.57,98.26,99.04,98.19,97.42,98.55,97.08,99.16,98.98,99.37,100.5,101.41,101.96,101.09,100,102.38,101.3,103.85,99.72,97.68,100.8,104.07,104.62,106.4,108.87,105.83,104.36,106.04,107.69,104.71,101.41,99.47,98.3,97.24,103.08,102.62,102.81,104.62
New Zealand,81.51,82.11,84.35,88.09,88.97,88.65,89.11,93.24,94.15,94.46,96.15,99.16,101.75,96.76,99.05,100.36,99.86,102.38,100.1,100.13,100.13,102.84,103.19,104.12,103.85,103.66,103.1,98.97,98.75,98.37,100,99.64,103.22,103.05,104.28,103.38,104.86,103.98,104.75,104.16,111.06,110.23,108.21,110.09,108.47,104.48,109.08,108.99,111.35,114.87,112.53,114.42,118.64,121.74
Estonia,NA,NA,NA,NA,65.54,67.8,69.18,72.31,74.47,78.43,79.41,82.11,83.58,84.48,86.63,88.15,91.23,93.51,95.75,98.16,98.89,98.4,100.24,100.8,102.59,102.05,102.13,101.34,103.02,105.46,100,90.43,80.1,65.14,58.6,58.35,59.66,58.48,56.59,60.11,57.5,54.09,46,45.5,46.46,41.44,46.05,44.91,44.91,42.87,44.8,44.37,45.49,45.5
Latvia,NA,NA,NA,NA,72.41,75.39,76.68,78.2,80.28,85,85.31,88.11,89.95,90.91,91.47,94.17,97.56,98.93,100.84,101.95,103.42,103.51,104.91,104.56,107.11,109.39,110.54,109.19,111.09,108.69,100,78.18,72.39,63.55,47.89,53.77,53.47,50.39,45.93,47.39,47.34,48.63,48.12,49.13,51.56,49.98,52.07,48.95,46,44.82,48.07,48.17,48.73,48.46
Lithuania,NA,NA,NA,NA,71.9,73.79,75.28,77.5,79.42,84.22,84.57,88.38,89.84,90.95,89.97,92.32,95.28,96.19,96.87,97.62,97.94,99.3,100.98,101.73,104.26,106.85,106.34,104.38,104.56,105.55,100,83.37,82.93,74.15,74.03,76.66,80.45,80.17,73.66,70.04,61.08,62.61,63.06,61.16,65.42,60.31,64.26,61.37,64.49,61.89,63.29,62.47,62.53,62.67
Armenia,NA,NA,NA,NA,79.49,82.7,84.75,86.16,88.67,90.96,92.61,95.38,97.57,99.93,101.12,103.54,105.62,106.44,107.65,108.48,109.37,110.34,114.55,115.7,117.17,118.65,116.38,111.89,104.37,100.43,100,79.23,73.06,69.95,71.12,71.85,69.94,70.65,68.95,70.66,69.74,67.52,65.49,83.73,83.89,82.99,87.85,79.94,80.01,77.66,78.93,79.87,82.54,82.75
Azerbaijan,NA,NA,NA,NA,67.09,70.01,71.38,72.91,73.82,75.79,77.69,80.47,83.32,86.23,87.27,88.77,91.09,92.2,92.22,92.68,95.16,97.52,99.84,100.92,103.99,107.39,109.57,109.82,110.82,103.88,100,80.38,74.29,71.09,70.42,67.03,58.47,68.2,73.84,67.11,78.39,82.63,89.76,87.9,83.19,86.5,89.64,95.96,96.33,95.39,98.22,99.03,100.1,102.4
Georgia,NA,NA,NA,NA,82.57,85.77,88.67,90.37,92.05,94.68,96.99,99,101.84,103.73,104.64,105.88,107.82,109.08,109.6,109.55,110.98,113.9,114.73,113.59,118.41,120.43,118.93,115.53,113.14,107.02,100,79.9,68.28,65.12,66.41,71.58,71.77,74.07,78.38,77.67,78.63,81.77,83.1,72.85,72.92,69.97,70.89,67.62,66.1,63.9,68.34,69.85,73.01,75.12
Kyrgyzstan,NA,NA,NA,NA,69.23,71.84,73.54,76.02,77.67,79.03,80.38,82.5,83.03,84.75,85.52,86.72,88.16,88.72,89.52,90.47,91.95,93.89,94.91,95.76,99.15,101.59,103.85,104.78,106.58,101.94,100,85.64,80.04,74.01,68.75,67.23,70.03,72.85,75.29,76.29,69.45,69.18,67.41,65.02,64.13,65.7,62.89,66.61,81,77.84,78.64,78.9,81.07,80.9
Tajikistan,NA,NA,NA,NA,63.73,65.79,67.48,69.98,71.24,72.24,74.54,76.45,77.57,78.81,79.59,81.62,83.1,84.25,85.18,86.3,88.64,90.85,92.71,93.86,95.56,97.4,100.73,101.34,103.47,97.94,100,79.85,77.09,73.64,73.67,70.61,70.2,67.06,60.89,63.13,64.14,69.74,73.54,76.44,82.53,83.92,83.83,88.38,93.64,95.6,95.29,91.13,93.22,97.34
Turkmenistan,NA,NA,NA,NA,50.84,52.78,54.96,57.02,58.94,59.33,61.78,63.45,65.06,66.58,67.92,69.76,70.88,72.34,73.24,74.67,76.59,78.16,80.16,81.88,83.59,89.17,92.98,94.31,99,99.7,100,103.19,105.18,104.83,105.22,95.35,95.92,96.52,109.95,115.1,122.61,131.81,139.52,145.45,151.38,161.7,157.64,163.21,156.47,153.76,146.08,147.82,148.73,149.77
Uzbekistan,NA,NA,NA,NA,55.88,57.81,60.01,61.37,63.14,64.1,65.43,67.32,68.58,69.6,71.36,73.32,74.91,76.46,77.49,79.63,82.18,85.32,87.52,90.09,91.84,93.23,95.31,95.42,98.17,97.27,100,95.89,93.86,89.87,89.41,86.73,90.27,88.62,87.6,84.95,86.66,90.73,92.98,94.07,99.47,102.35,105.45,108.6,109.49,114.04,117.78,121.81,125.55,129.24
Belarus,NA,NA,NA,NA,69.29,71.55,75.9,78.75,81.64,86.56,87.38,90.34,92.31,94.69,95.04,98.71,101.12,101.47,101.44,101.69,102.88,103.78,104.94,105.55,108.83,110.78,109.33,108.36,107.92,107.24,100,97.29,88.36,82.65,78.34,79.7,77.29,75.41,69.25,71.66,69.24,66.68,64.47,68.54,67.53,69.41,70.79,74.91,74.23,72.02,72.96,73.24,71.8,70.94
Kazakhstan,NA,NA,NA,NA,61.44,63.2,63.01,67.81,68.67,73.63,73.59,76.87,80.91,84.25,84.22,86.06,88.36,90.09,91.63,93.89,95.8,97.13,102.25,102.3,106.46,109.89,111.03,111.32,112.03,103.15,100,86.69,75.95,62.7,53.71,50.06,38.48,27.18,32.38,39.04,42.44,43.68,44.49,44.17,43.13,43.67,44.73,44.04,46.61,44.83,51.06,49.98,49.41,48.67
Moldova,NA,NA,NA,NA,64.49,66.55,68.93,72.34,75.52,82.48,84.67,89.47,92.57,95.66,94.73,97.07,99.25,102.85,105,108.41,108.93,109.91,112.34,111.34,113.79,116.37,113.41,110.87,112.57,105.59,100,101.54,99.23,93.33,94.19,86.59,67.17,59.1,51.13,55.08,57.43,56.03,51.89,51.27,51.57,48.85,47.2,45.64,44.07,41.55,46.12,43.14,51.43,53.21
Russian Federation,NA,NA,NA,NA,66.6,69.49,71.55,74.24,77.26,81.2,81.99,85.26,87.82,89.21,91.04,94.01,96.63,97.74,98.34,100.21,100.47,101.49,103.75,104.34,106.64,109.38,109.03,108.29,109.12,105.46,100,93.38,85.97,73.46,71.1,63.04,61.29,55.7,55.26,57.37,57.9,55.43,54.71,53.83,52.78,52.09,49.9,54.05,52.45,46.76,52.83,52.19,51.73,50.74
Ukraine,NA,NA,NA,NA,69.7,72.14,74.26,77.69,80.08,85.03,86.65,90.3,93.18,95.36,94.87,97.69,100.65,99.95,100.52,101.89,101.43,102.74,104.76,104.21,106.75,109.25,108.91,107.44,107.51,105.56,100,93.44,86.77,81.35,75.86,66.17,64.09,61.93,56.45,57.29,55.35,59.57,57.06,60.56,58.41,58.63,57.01,61.15,56.32,60.73,69.88,69.09,70.09,60.57
"USSR, former",48.11,53.05,54.38,59.65,64.39,67.05,69.55,72.2,74.78,78.53,79.86,83.37,85.84,87.65,87.81,91.96,94.69,95.56,95.87,97.01,97.33,98.62,101.01,101.45,104.4,107.4,107.83,106.63,105.73,104.8,100,91.67,84.45,75.52,71.9,65.81,64.96,61,59.31,61.32,61.91,61.69,61.15,62.23,61.54,61.86,60.98,65.05,63.5,61.22,67.9,67.7,68.11,66.47
