Country,Data source,Sector,Gas,Unit,2014,2013,2012,2011,2010,2009,2008,2007,2006,2005,2004,2003,2002,2001,2000,1999,1998,1997,1996,1995,1994,1993,1992,1991,1990
World,CAIT,Agriculture,All GHG,MtCO2eq,5245.82,5179.42,5213.49,5179.74,5077.48,5025.27,5013.85,4994.81,4906.53,4853.46,4803.97,4702.34,4674.28,4668.00,4641.47,4654.86,4607.20,4573.25,4589.67,4574.94,4528.78,4497.53,4529.69,4551.38,4572.74
World,CAIT,Land-Use Change and Forestry,All GHG,MtCO2eq,3151.68,2996.05,3052.63,2966.24,2989.32,3248.63,3131.42,3065.95,3417.99,4231.65,4324.75,4213.92,4446.48,3834.58,3594.33,3766.65,4122.47,4672.82,3745.63,3859.46,3859.45,3859.44,3859.41,3859.44,3859.43
Indonesia,CAIT,Land-Use Change and Forestry,All GHG,MtCO2eq,1682.17,1416.30,1421.63,1420.32,1299.36,1603.93,1313.35,1322.90,1767.39,1139.06,1269.61,1094.38,1367.51,1024.56,776.56,850.24,975.47,1744.00,813.65,956.48,956.48,956.48,956.48,956.48,956.48
China,CAIT,Agriculture,All GHG,MtCO2eq,707.64,697.90,696.77,692.65,705.79,694.76,685.86,677.93,670.20,656.47,640.40,612.27,611.23,614.54,607.85,620.12,605.18,604.69,618.66,595.97,550.76,533.72,552.03,548.87,545.07
India,CAIT,Agriculture,All GHG,MtCO2eq,626.86,628.27,626.29,632.49,622.35,612.43,616.78,609.76,593.75,579.73,561.66,552.59,541.58,556.35,551.55,556.84,553.37,546.62,541.21,533.96,529.71,521.92,515.65,509.41,502.46
Brazil,CAIT,Agriculture,All GHG,MtCO2eq,441.91,436.78,444.70,441.82,441.21,415.52,408.90,417.53,409.20,416.33,410.79,393.25,374.74,353.82,341.11,337.48,335.69,325.69,318.29,332.38,327.03,319.67,317.89,312.43,302.54
European Union (28),CAIT,Agriculture,All GHG,MtCO2eq,420.14,407.23,404.16,402.69,409.11,407.79,415.36,419.21,416.32,420.64,428.96,430.95,432.72,436.05,444.01,454.76,457.63,462.86,464.64,459.85,466.29,470.22,485.09,510.35,531.87
United States,CAIT,Agriculture,All GHG,MtCO2eq,351.48,351.64,354.46,352.80,349.85,348.04,353.54,355.19,351.99,349.14,350.00,348.24,343.89,344.27,344.11,351.48,353.30,353.17,356.81,352.83,350.83,346.27,342.18,334.67,334.89
Zambia,CAIT,Land-Use Change and Forestry,All GHG,MtCO2eq,328.69,340.07,315.62,315.56,353.61,321.25,369.45,348.48,366.86,433.76,376.26,348.28,333.07,335.18,363.81,320.82,355.94,349.28,385.36,355.67,355.67,355.67,355.67,355.67,355.67
Brazil,CAIT,Land-Use Change and Forestry,All GHG,MtCO2eq,306.18,299.34,312.23,298.13,552.05,521.34,524.96,550.08,526.58,1112.12,1100.93,1099.01,1097.25,1093.69,881.30,896.48,902.65,891.91,889.47,891.29,891.29,891.29,891.29,891.29,891.29
Tanzania,CAIT,Land-Use Change and Forestry,All GHG,MtCO2eq,208.40,209.17,216.07,217.27,232.49,231.85,239.59,240.49,227.22,256.51,242.89,246.03,224.30,244.69,220.08,242.55,248.27,234.51,248.50,235.76,235.76,235.76,235.76,235.76,235.76
Nigeria,CAIT,Land-Use Change and Forestry,All GHG,MtCO2eq,188.36,187.44,188.40,189.16,178.10,176.33,179.13,182.86,184.63,159.00,158.43,156.45,155.05,161.73,193.81,192.82,194.47,192.87,194.49,193.44,193.44,193.44,193.44,193.44,193.44
Indonesia,CAIT,Agriculture,All GHG,MtCO2eq,165.61,160.28,163.43,158.89,156.23,153.93,147.57,144.36,140.58,139.79,139.53,136.30,136.80,134.48,135.55,135.93,137.85,135.35,139.84,136.57,131.18,130.03,132.37,125.81,126.34
Democratic Republic of the Congo,CAIT,Land-Use Change and Forestry,All GHG,MtCO2eq,165.55,168.76,165.60,171.12,170.39,168.26,167.66,165.46,172.45,167.87,168.92,165.77,164.02,162.58,167.94,171.25,176.44,175.45,169.76,168.77,168.77,168.77,168.77,168.77,168.77
Pakistan,CAIT,Agriculture,All GHG,MtCO2eq,150.34,147.06,139.38,139.14,133.52,135.37,128.93,123.25,121.40,114.51,110.22,107.19,103.77,100.81,99.80,98.12,95.11,93.13,90.62,87.87,84.42,82.68,80.37,78.24,77.10
Paraguay,CAIT,Land-Use Change and Forestry,All GHG,MtCO2eq,143.32,143.94,143.36,143.23,129.02,128.40,129.13,131.35,129.37,74.26,73.59,74.09,73.99,73.19,71.40,74.49,72.15,72.44,72.01,72.25,72.25,72.25,72.25,72.25,72.25
Australia,CAIT,Agriculture,All GHG,MtCO2eq,141.85,124.52,190.40,189.76,103.81,124.56,117.75,141.49,153.22,125.70,157.13,124.67,186.29,195.75,195.88,180.04,150.13,143.41,144.89,153.44,155.82,154.61,156.82,159.94,161.54
India,CAIT,Land-Use Change and Forestry,All GHG,MtCO2eq,122.50,122.29,122.94,121.76,-123.80,-125.09,-126.31,-124.92,-125.59,-165.14,-164.47,-165.01,-165.82,-165.59,-46.39,-45.19,-46.61,-46.65,-46.44,-46.42,-46.42,-46.42,-46.42,-46.42,-46.42
Canada,CAIT,Land-Use Change and Forestry,All GHG,MtCO2eq,121.89,151.52,90.10,67.94,206.49,127.74,176.27,166.48,184.58,267.39,263.52,296.37,302.63,224.10,40.56,71.96,138.64,41.99,59.85,81.30,81.30,81.30,81.30,81.30,81.30
Sudan,CAIT,Land-Use Change and Forestry,All GHG,MtCO2eq,120.36,166.70,248.27,252.70,197.89,279.74,197.52,163.06,186.43,271.43,295.55,253.65,336.02,279.37,213.97,215.73,222.55,206.82,197.11,197.50,197.50,197.50,197.50,197.50,197.50
Cameroon,CAIT,Land-Use Change and Forestry,All GHG,MtCO2eq,113.42,115.98,110.27,110.23,111.24,112.22,111.29,111.84,111.84,113.36,111.66,112.69,111.62,111.35,113.93,114.19,115.07,113.02,113.09,113.16,113.16,113.16,113.16,113.16,113.16
Argentina,CAIT,Agriculture,All GHG,MtCO2eq,112.38,109.56,105.83,104.68,105.12,110.65,119.12,122.23,119.70,116.69,116.92,118.38,109.02,109.22,105.21,103.00,100.54,103.28,104.33,105.82,106.68,105.03,106.70,105.06,106.37
Myanmar,CAIT,Land-Use Change and Forestry,All GHG,MtCO2eq,105.11,102.70,102.99,99.69,94.26,89.29,82.56,94.58,84.93,84.27,93.92,82.94,79.79,80.74,109.79,114.34,113.95,109.70,110.76,110.97,110.97,110.97,110.97,110.97,110.97
Ethiopia,CAIT,Agriculture,All GHG,MtCO2eq,96.26,91.56,89.81,86.65,88.65,84.57,80.89,77.92,69.80,66.46,63.16,61.99,64.61,55.99,53.42,56.71,57.33,52.39,50.89,48.76,48.72,48.10,54.17,52.92,52.82
Argentina,CAIT,Land-Use Change and Forestry,All GHG,MtCO2eq,94.61,97.40,100.74,96.63,98.51,107.46,111.17,101.99,111.56,91.65,98.34,89.80,90.20,85.90,68.75,71.96,71.58,70.05,70.22,70.37,70.37,70.37,70.37,70.37,70.37
Angola,CAIT,Land-Use Change and Forestry,All GHG,MtCO2eq,94.28,114.47,100.22,132.30,104.35,99.87,99.03,115.87,95.96,122.03,120.51,110.09,106.72,89.01,108.32,108.84,115.94,105.38,110.62,108.10,108.10,108.10,108.10,108.10,108.10
Russia,CAIT,Agriculture,All GHG,MtCO2eq,92.23,91.73,91.31,91.71,91.82,94.16,96.77,91.77,89.91,92.44,95.82,105.67,102.37,106.27,106.27,106.18,115.53,124.94,138.88,148.63,164.99,183.71,195.00,213.24,221.60
Bolivia,CAIT,Land-Use Change and Forestry,All GHG,MtCO2eq,85.71,85.88,86.90,91.92,109.73,87.93,90.45,94.55,91.26,85.69,93.16,79.28,79.18,77.39,80.03,88.32,83.63,83.68,83.29,83.41,83.41,83.41,83.41,83.41,83.41
Mexico,CAIT,Agriculture,All GHG,MtCO2eq,84.72,83.53,82.66,84.01,82.00,81.26,79.97,80.33,79.11,79.86,77.98,78.20,77.60,79.69,79.14,78.19,80.04,78.37,76.39,76.82,78.35,78.35,77.79,78.98,81.18
Bangladesh,CAIT,Agriculture,All GHG,MtCO2eq,74.59,74.51,75.51,76.15,74.72,73.45,73.52,69.58,69.18,67.68,66.02,66.65,66.96,65.73,65.49,65.00,62.29,62.79,63.00,62.89,61.12,60.04,59.85,59.32,58.71
Sudan,CAIT,Agriculture,All GHG,MtCO2eq,72.52,71.45,70.76,104.70,103.89,110.32,108.59,110.26,102.99,109.93,105.51,104.06,104.09,95.35,100.38,94.73,92.33,87.36,84.47,83.84,82.28,77.85,73.12,67.37,65.29
France,CAIT,Agriculture,All GHG,MtCO2eq,72.26,68.85,69.95,68.43,70.30,70.28,72.20,73.08,71.82,71.90,73.32,73.63,74.60,76.06,75.68,77.67,76.96,78.17,78.24,76.58,75.60,75.07,76.64,80.65,80.21
Peru,CAIT,Land-Use Change and Forestry,All GHG,MtCO2eq,71.85,72.04,72.04,71.73,70.72,70.32,70.39,70.50,70.35,46.48,44.63,44.69,44.68,44.74,44.90,45.12,45.59,45.51,44.89,44.98,44.98,44.98,44.98,44.98,44.98
Iran,CAIT,Land-Use Change and Forestry,All GHG,MtCO2eq,67.08,67.08,67.08,67.08,-3.01,-3.10,-3.09,-3.10,-3.10,-3.44,-3.45,-3.45,-3.45,-3.44,-0.16,-0.14,-0.16,-0.16,-0.13,-0.16,-0.16,-0.16,-0.16,-0.16,-0.16
Myanmar,CAIT,Agriculture,All GHG,MtCO2eq,66.51,64.66,63.45,64.37,64.64,63.43,62.34,61.65,60.05,56.70,53.69,52.42,50.66,50.35,50.10,49.01,45.73,44.98,46.03,46.18,44.68,43.22,41.40,39.40,39.84
Venezuela,CAIT,Land-Use Change and Forestry,All GHG,MtCO2eq,66.40,70.94,62.98,62.96,9.09,0.04,1.61,5.45,2.94,115.96,113.46,122.17,113.14,122.50,112.68,112.92,115.79,112.69,112.85,112.79,112.79,112.79,112.79,112.79,112.79
Nigeria,CAIT,Agriculture,All GHG,MtCO2eq,64.24,64.47,62.64,59.31,55.85,51.90,54.22,53.93,54.95,55.53,51.10,50.95,49.66,49.42,48.07,47.46,46.79,44.12,42.27,41.38,40.67,39.65,38.63,38.13,36.67
Thailand,CAIT,Agriculture,All GHG,MtCO2eq,63.04,67.62,69.11,68.16,70.80,67.41,63.93,63.97,60.13,59.77,59.16,59.91,55.87,56.79,55.68,57.33,55.93,58.38,57.86,58.46,60.33,60.32,59.28,57.82,55.80
Vietnam,CAIT,Agriculture,All GHG,MtCO2eq,62.53,63.93,60.88,59.77,61.10,63.69,60.15,60.78,59.68,58.71,61.06,58.00,56.58,55.20,57.64,56.54,54.68,51.55,51.33,48.75,48.00,45.39,44.26,43.44,41.15
Canada,CAIT,Agriculture,All GHG,MtCO2eq,61.78,63.25,58.20,57.58,56.38,55.64,57.46,58.90,55.61,58.87,57.30,55.85,55.93,54.27,54.26,55.67,56.79,55.03,55.85,53.42,50.92,50.76,50.26,49.19,48.78
Germany,CAIT,Agriculture,All GHG,MtCO2eq,60.64,59.26,58.46,58.17,59.59,58.98,58.98,59.35,58.12,60.34,60.77,61.54,62.66,63.76,64.20,66.23,66.08,66.73,66.55,66.94,67.05,66.52,68.64,75.29,79.81
Papua New Guinea,CAIT,Land-Use Change and Forestry,All GHG,MtCO2eq,59.24,54.42,49.90,50.60,59.38,53.02,58.81,51.81,61.84,51.67,86.44,57.57,68.75,51.38,53.60,53.76,53.78,162.84,51.55,62.30,62.30,62.30,62.30,62.30,62.30
Colombia,CAIT,Agriculture,All GHG,MtCO2eq,53.63,53.05,52.26,55.38,58.87,57.89,57.41,57.82,56.29,55.83,54.50,54.56,53.56,53.27,52.94,52.15,54.34,53.78,54.35,53.46,53.51,52.68,51.83,51.40,51.80
Philippines,CAIT,Agriculture,All GHG,MtCO2eq,53.17,50.67,51.23,51.00,50.78,51.22,50.40,49.83,48.48,48.46,49.42,47.87,47.01,47.18,46.68,46.12,39.51,45.09,44.76,42.27,41.01,38.17,37.22,38.19,38.17
Tanzania,CAIT,Agriculture,All GHG,MtCO2eq,49.70,50.00,47.56,46.34,44.45,42.52,41.79,40.25,38.12,40.85,39.04,40.04,35.82,36.49,32.73,35.30,34.44,31.26,31.56,33.59,30.67,30.62,30.31,30.29,30.10
United Kingdom,CAIT,Agriculture,All GHG,MtCO2eq,45.01,43.81,43.21,43.30,43.67,43.63,43.93,44.88,45.85,46.38,46.95,47.36,47.74,48.44,51.11,53.37,53.90,54.36,55.49,54.52,55.07,54.24,54.46,55.33,56.82
Turkey,CAIT,Agriculture,All GHG,MtCO2eq,43.19,43.81,41.29,35.48,34.86,36.25,34.01,35.82,35.96,35.06,34.45,34.53,34.50,35.18,37.89,38.54,38.59,38.16,38.25,38.43,38.62,41.52,40.78,39.48,41.71
Mozambique,CAIT,Land-Use Change and Forestry,All GHG,MtCO2eq,39.68,39.25,39.95,38.58,32.67,30.38,32.35,31.88,31.27,37.84,36.81,37.59,36.70,36.64,35.62,36.89,37.24,36.66,37.54,36.78,36.78,36.78,36.78,36.78,36.78
New Zealand,CAIT,Agriculture,All GHG,MtCO2eq,38.65,38.36,38.30,37.73,37.76,37.86,37.68,38.81,39.12,39.10,39.04,39.48,38.82,37.75,37.42,37.70,37.45,38.34,38.32,39.30,38.35,37.10,37.33,37.85,38.60
Kenya,CAIT,Agriculture,All GHG,MtCO2eq,37.13,37.77,38.77,38.78,37.51,37.25,39.02,38.66,23.77,25.29,25.16,23.98,22.14,21.27,21.22,23.16,21.81,21.26,21.36,22.73,23.00,22.85,23.07,23.23,24.24
Spain,CAIT,Agriculture,All GHG,MtCO2eq,36.43,34.90,33.85,34.70,36.04,35.53,35.29,38.83,37.71,37.64,39.81,40.26,38.97,38.95,38.93,38.40,38.43,36.76,36.10,33.65,33.97,33.76,33.36,35.00,35.39
Zimbabwe,CAIT,Land-Use Change and Forestry,All GHG,MtCO2eq,36.07,36.09,36.12,36.11,37.67,37.63,37.82,37.69,37.65,37.87,37.76,37.76,37.76,37.75,37.77,38.01,38.15,38.10,37.94,37.86,37.86,37.86,37.86,37.86,37.86
Venezuela,CAIT,Agriculture,All GHG,MtCO2eq,36.05,36.14,35.66,30.91,30.93,36.15,36.34,35.10,34.49,34.96,34.05,33.80,32.68,31.85,31.31,30.12,30.12,29.59,29.28,29.22,28.92,28.13,28.65,28.63,27.80
Iran,CAIT,Agriculture,All GHG,MtCO2eq,34.84,34.70,35.00,34.17,35.63,37.90,37.20,40.15,41.42,39.64,39.69,37.25,36.93,36.90,36.90,37.56,38.57,37.33,36.24,35.24,34.64,33.93,34.03,32.32,32.13
Poland,CAIT,Agriculture,All GHG,MtCO2eq,34.16,30.22,30.82,30.56,30.85,30.50,31.40,32.07,31.26,30.80,30.01,30.42,29.69,30.27,31.10,32.19,33.33,34.96,34.02,34.66,35.17,35.10,36.59,38.86,41.30
Ecuador,CAIT,Land-Use Change and Forestry,All GHG,MtCO2eq,33.90,33.88,34.00,33.88,33.88,33.89,33.88,33.88,33.89,33.90,33.89,33.89,33.89,33.92,42.44,42.44,42.45,42.44,42.45,42.45,42.45,42.45,42.45,42.45,42.45
Egypt,CAIT,Agriculture,All GHG,MtCO2eq,31.05,31.11,31.25,30.99,30.06,29.35,33.72,30.28,28.97,31.08,30.27,31.24,27.57,26.39,26.13,25.20,23.87,23.79,23.50,23.35,21.30,22.28,21.08,20.49,19.30
Ukraine,CAIT,Agriculture,All GHG,MtCO2eq,30.97,31.08,28.16,28.85,27.51,27.29,29.73,28.72,29.07,29.63,31.64,33.64,35.79,35.22,37.16,39.40,42.34,49.25,53.72,60.72,66.26,69.40,75.48,83.53,86.80
Italy,CAIT,Agriculture,All GHG,MtCO2eq,30.07,30.34,30.17,29.13,29.73,29.66,30.89,31.27,31.20,31.34,32.54,31.98,32.91,30.81,34.41,34.60,34.45,34.51,35.12,34.68,35.46,35.96,37.11,37.66,39.41
South Africa,CAIT,Agriculture,All GHG,MtCO2eq,30.00,30.52,30.40,30.53,30.61,30.71,30.54,29.72,29.13,30.37,29.10,29.62,31.52,30.61,30.81,30.78,31.03,30.41,30.02,28.93,29.17,29.84,30.00,30.61,30.47
Mali,CAIT,Agriculture,All GHG,MtCO2eq,29.72,27.78,27.16,27.07,26.10,24.80,25.19,23.21,22.59,21.76,22.85,19.20,18.74,19.66,17.83,17.40,16.19,15.31,15.12,15.34,15.06,14.85,14.68,14.65,14.72
Angola,CAIT,Agriculture,All GHG,MtCO2eq,29.58,30.66,28.75,31.27,30.29,28.85,28.52,30.05,27.77,30.75,30.76,29.91,26.62,26.93,26.61,25.83,27.86,25.19,25.55,26.42,26.50,26.53,26.65,26.56,26.48
Bangladesh,CAIT,Land-Use Change and Forestry,All GHG,MtCO2eq,29.22,29.08,28.84,29.07,20.97,20.92,21.13,21.20,21.13,31.29,31.46,31.28,31.25,31.37,32.27,32.46,32.40,32.31,32.35,32.37,32.37,32.37,32.37,32.37,32.37
Pakistan,CAIT,Land-Use Change and Forestry,All GHG,MtCO2eq,28.60,28.60,28.60,28.60,22.00,22.00,22.00,22.00,22.01,20.54,20.54,20.53,20.54,20.53,21.64,21.64,21.64,21.63,21.64,21.64,21.64,21.64,21.64,21.64,21.64
Uzbekistan,CAIT,Agriculture,All GHG,MtCO2eq,28.19,27.00,25.92,24.65,23.50,22.10,20.62,19.76,19.68,15.18,14.47,13.96,12.74,15.86,16.43,16.59,16.57,16.71,14.12,15.16,15.08,14.78,15.07,19.04,19.79
Honduras,CAIT,Land-Use Change and Forestry,All GHG,MtCO2eq,28.13,28.05,27.89,28.29,27.98,28.08,28.03,27.98,28.09,29.38,28.62,29.68,28.64,28.62,40.96,40.83,41.24,40.97,40.63,40.68,40.68,40.68,40.68,40.68,40.68
Paraguay,CAIT,Agriculture,All GHG,MtCO2eq,27.65,25.83,25.13,23.96,23.36,21.69,20.21,20.93,19.28,18.98,18.38,19.75,17.98,18.67,18.06,19.05,18.71,18.58,18.50,18.63,17.38,16.51,15.23,14.77,15.87
Uganda,CAIT,Land-Use Change and Forestry,All GHG,MtCO2eq,25.81,27.31,25.78,25.55,25.14,27.58,25.33,24.32,25.56,20.77,23.51,21.68,21.14,18.76,21.25,21.58,21.89,20.88,20.96,20.68,20.68,20.68,20.68,20.68,20.68
Chad,CAIT,Land-Use Change and Forestry,All GHG,MtCO2eq,25.21,25.27,25.48,25.49,26.06,25.86,26.14,26.24,26.38,7.82,7.78,7.81,8.00,7.97,11.81,14.07,14.23,10.90,9.93,9.51,9.51,9.51,9.51,9.51,9.51
Mongolia,CAIT,Land-Use Change and Forestry,All GHG,MtCO2eq,24.60,24.84,26.88,25.47,24.29,24.98,29.76,30.41,31.24,23.87,24.39,23.66,27.19,25.04,29.55,26.44,27.14,33.01,27.03,27.33,27.33,27.33,27.33,27.33,27.33
Uruguay,CAIT,Agriculture,All GHG,MtCO2eq,24.21,24.19,23.85,24.47,24.28,25.30,25.66,25.11,25.66,24.61,24.46,23.70,22.85,22.25,22.11,22.67,22.73,23.33,23.73,23.23,23.46,23.42,22.75,21.73,20.80
Uganda,CAIT,Agriculture,All GHG,MtCO2eq,24.00,23.65,23.72,22.31,22.79,21.30,21.99,16.70,13.90,16.70,14.46,15.06,13.14,12.87,12.39,12.27,12.92,12.03,11.38,11.39,11.17,11.44,11.16,10.99,10.63
Cambodia,CAIT,Land-Use Change and Forestry,All GHG,MtCO2eq,23.78,24.57,23.39,23.50,23.41,23.10,22.95,23.48,22.95,31.47,31.50,31.03,31.05,30.86,28.91,29.42,30.91,27.84,26.84,27.47,27.47,27.47,27.47,27.47,27.47
Peru,CAIT,Agriculture,All GHG,MtCO2eq,23.26,23.28,23.45,23.44,23.11,23.25,22.47,22.34,21.72,21.66,20.82,20.83,20.38,19.99,19.94,19.72,18.58,18.01,17.79,17.43,16.58,15.82,15.59,15.73,16.13
Bolivia,CAIT,Agriculture,All GHG,MtCO2eq,23.18,23.42,23.34,21.96,23.65,20.67,20.33,20.40,20.06,20.35,19.87,18.20,17.72,16.72,17.79,17.90,17.06,16.30,15.81,15.46,15.11,14.72,14.41,14.10,13.84
Niger,CAIT,Agriculture,All GHG,MtCO2eq,23.13,22.00,21.08,20.02,20.49,19.74,18.94,18.14,17.28,16.70,15.94,15.38,14.74,14.22,13.50,12.91,12.39,11.78,11.43,10.97,10.56,10.15,9.77,9.37,9.02
Zambia,CAIT,Agriculture,All GHG,MtCO2eq,22.95,23.10,21.94,20.47,21.27,19.43,20.48,20.07,19.35,21.72,20.80,19.79,18.13,19.88,18.08,18.90,20.24,18.60,18.45,19.09,19.40,19.75,19.90,19.78,19.63
Botswana,CAIT,Land-Use Change and Forestry,All GHG,MtCO2eq,22.38,56.05,28.40,33.61,17.87,18.84,31.48,53.00,32.82,48.56,25.77,46.69,108.34,33.23,51.08,62.70,77.74,68.43,57.57,45.80,45.80,45.80,45.80,45.80,45.80
Nepal,CAIT,Agriculture,All GHG,MtCO2eq,22.06,21.84,21.73,21.21,20.65,20.38,19.77,19.17,19.10,18.80,18.61,18.30,18.14,18.08,18.04,17.95,17.89,17.65,17.47,17.19,16.40,16.10,15.62,15.95,15.99
Madagascar,CAIT,Agriculture,All GHG,MtCO2eq,21.96,21.62,22.48,22.23,22.58,22.53,21.00,21.89,20.81,21.79,18.52,20.16,18.05,19.71,20.88,21.48,21.92,21.31,21.60,21.45,21.34,21.65,21.38,21.20,21.26
Madagascar,CAIT,Land-Use Change and Forestry,All GHG,MtCO2eq,21.69,24.24,20.29,21.98,33.87,34.80,31.97,33.93,33.93,26.72,25.06,23.98,23.35,26.73,37.81,39.76,40.38,39.17,40.38,39.79,39.79,39.79,39.79,39.79,39.79
Mongolia,CAIT,Agriculture,All GHG,MtCO2eq,21.48,18.84,18.00,16.11,14.36,17.43,17.26,16.91,15.26,13.77,12.87,13.24,13.31,15.58,17.89,17.57,17.04,16.74,15.84,15.07,14.19,14.41,14.56,14.76,14.31
Kazakhstan,CAIT,Agriculture,All GHG,MtCO2eq,20.71,18.41,19.88,20.43,22.72,19.93,20.65,19.08,21.82,20.09,19.37,16.80,21.85,15.00,14.19,14.56,16.12,19.47,22.82,26.17,31.00,32.21,32.49,37.12,38.58
Japan,CAIT,Agriculture,All GHG,MtCO2eq,20.71,21.23,20.76,20.86,21.85,21.84,22.11,22.60,22.68,22.92,23.15,22.93,23.08,22.86,23.32,23.46,23.60,24.57,24.94,25.91,26.98,26.69,26.49,26.05,26.37
Guyana,CAIT,Land-Use Change and Forestry,All GHG,MtCO2eq,20.50,16.19,18.64,14.83,8.64,13.31,11.39,11.37,11.29,13.65,9.07,15.89,8.01,7.90,8.24,8.47,13.17,9.64,9.83,10.25,10.25,10.25,10.25,10.25,10.25
Ireland,CAIT,Agriculture,All GHG,MtCO2eq,20.48,20.62,20.48,19.52,19.62,20.55,20.30,20.07,20.72,21.12,21.44,21.11,21.61,21.16,21.21,21.56,21.51,20.76,20.41,20.66,20.58,20.29,19.80,19.66,19.52
Somalia,CAIT,Agriculture,All GHG,MtCO2eq,20.31,20.25,20.19,19.98,19.92,19.80,19.84,19.84,20.97,22.19,21.83,21.60,21.26,21.05,20.79,20.60,20.58,20.64,20.24,19.79,19.24,17.54,15.77,17.60,20.29
Belarus,CAIT,Agriculture,All GHG,MtCO2eq,19.99,20.36,20.80,20.58,19.98,20.13,19.73,19.20,19.37,18.89,18.51,18.43,18.31,18.92,19.12,19.85,20.17,20.41,20.71,21.32,22.03,23.11,24.02,28.52,29.64
Burkina Faso,CAIT,Agriculture,All GHG,MtCO2eq,19.87,19.68,18.88,19.01,18.93,18.19,17.67,17.25,16.94,17.30,16.71,16.51,13.63,13.01,13.13,13.75,13.26,12.96,12.30,11.95,11.50,11.09,10.76,10.39,10.03
Colombia,CAIT,Land-Use Change and Forestry,All GHG,MtCO2eq,19.52,18.15,18.22,17.98,163.42,163.44,163.42,163.72,163.42,170.20,170.32,170.69,170.29,170.55,149.22,148.88,149.10,149.08,148.75,148.88,148.88,148.88,148.88,148.88,148.88
Cambodia,CAIT,Agriculture,All GHG,MtCO2eq,19.35,18.78,19.18,19.93,18.76,18.18,18.32,18.70,17.84,16.79,16.78,15.92,14.90,14.51,14.27,15.34,14.26,14.46,14.43,14.54,12.83,13.92,13.26,12.83,13.12
Chad,CAIT,Agriculture,All GHG,MtCO2eq,19.26,20.43,20.50,20.66,19.43,18.95,20.40,20.56,19.81,20.50,19.58,20.03,19.30,17.69,18.86,17.18,16.22,16.24,15.83,15.44,15.12,14.97,14.83,14.65,14.44
Democratic Republic of the Congo,CAIT,Agriculture,All GHG,MtCO2eq,18.53,18.39,16.80,18.59,19.61,18.85,18.88,17.06,21.13,19.55,20.23,18.73,16.86,18.43,16.65,17.00,18.69,17.86,18.27,18.87,19.02,19.07,19.16,19.06,19.24
Ethiopia,CAIT,Land-Use Change and Forestry,All GHG,MtCO2eq,18.51,19.64,19.09,14.93,30.76,32.36,33.39,31.33,34.52,34.11,39.49,38.58,33.59,31.81,33.01,37.49,37.11,33.76,34.29,34.20,34.20,34.20,34.19,34.19,34.19
Netherlands,CAIT,Agriculture,All GHG,MtCO2eq,18.32,17.54,17.80,17.34,17.58,17.53,17.44,16.96,17.03,17.17,17.17,17.12,17.50,18.24,18.37,19.13,19.09,19.69,20.29,20.61,20.69,20.84,21.27,21.46,21.31
Laos,CAIT,Land-Use Change and Forestry,All GHG,MtCO2eq,18.07,18.47,18.29,16.47,22.55,17.11,16.48,20.97,17.04,18.77,20.53,16.82,17.52,16.38,10.09,10.88,11.96,10.03,10.56,10.55,10.55,10.55,10.55,10.55,10.55
Mozambique,CAIT,Agriculture,All GHG,MtCO2eq,17.70,17.87,16.43,15.74,18.01,16.02,17.55,16.05,14.73,16.16,14.84,16.02,13.01,14.57,13.09,14.27,15.12,13.23,14.68,14.71,14.27,14.21,14.10,14.02,13.95
Central African Republic,CAIT,Agriculture,All GHG,MtCO2eq,17.68,18.74,16.32,20.09,18.71,16.53,21.60,20.48,19.98,20.29,18.27,22.39,16.62,18.82,20.37,17.56,19.79,17.93,17.78,17.54,17.42,17.34,17.31,17.28,17.00
Thailand,CAIT,Land-Use Change and Forestry,All GHG,MtCO2eq,15.97,14.94,15.38,14.04,1.07,0.20,0.82,2.35,-0.10,5.79,6.97,4.54,5.11,4.47,12.30,13.12,14.80,12.53,12.56,12.73,12.73,12.73,12.73,12.73,12.73
Afghanistan,CAIT,Agriculture,All GHG,MtCO2eq,14.79,14.63,15.45,14.41,14.33,12.55,12.02,10.94,10.99,10.90,10.62,10.84,10.41,8.37,9.88,11.51,10.58,9.85,8.97,8.08,7.70,7.70,7.63,7.63,7.34
North Korea,CAIT,Land-Use Change and Forestry,All GHG,MtCO2eq,14.30,14.15,14.19,14.36,14.14,14.20,14.25,14.17,14.22,12.07,12.24,12.06,11.97,12.03,12.39,12.39,12.45,12.66,12.41,12.42,12.42,12.42,12.42,12.42,12.42
Malaysia,CAIT,Agriculture,All GHG,MtCO2eq,14.28,13.65,13.83,12.05,14.97,16.82,16.38,15.02,14.10,14.46,14.00,12.89,12.92,12.13,12.16,12.21,12.69,12.22,11.63,11.82,11.88,11.83,11.70,11.39,11.25
Guinea,CAIT,Land-Use Change and Forestry,All GHG,MtCO2eq,14.14,14.14,14.54,14.16,13.39,13.89,14.08,14.36,14.31,13.88,14.01,14.04,13.76,13.68,14.11,14.44,14.42,13.94,14.03,14.07,14.07,14.07,14.07,14.07,14.07
Romania,CAIT,Agriculture,All GHG,MtCO2eq,13.96,14.06,13.22,13.83,15.05,15.34,15.68,15.12,15.30,15.61,15.57,14.62,14.31,15.15,15.12,15.54,16.38,17.17,17.32,17.54,18.69,19.58,21.55,23.66,28.89
Morocco,CAIT,Agriculture,All GHG,MtCO2eq,13.64,13.98,12.81,13.27,12.63,12.32,12.47,12.32,12.99,12.51,12.15,11.79,11.70,11.46,11.41,11.16,10.71,10.62,10.43,9.46,9.95,9.36,10.45,11.06,11.40
Central African Republic,CAIT,Land-Use Change and Forestry,All GHG,MtCO2eq,13.33,13.43,13.28,13.34,13.42,13.38,13.49,13.46,13.35,14.58,14.12,14.43,14.06,13.98,18.86,20.41,21.66,18.84,16.06,15.48,15.48,15.48,15.48,15.48,15.48
Somalia,CAIT,Land-Use Change and Forestry,All GHG,MtCO2eq,13.20,13.20,13.20,13.20,15.40,15.40,15.40,15.40,15.40,17.60,17.60,17.60,17.60,17.60,15.77,15.77,15.77,15.77,15.77,15.77,15.77,15.77,15.77,15.77,15.77
Ecuador,CAIT,Agriculture,All GHG,MtCO2eq,13.00,13.60,13.73,13.91,13.90,13.36,12.78,12.38,12.95,12.73,13.28,12.69,12.90,13.38,11.96,12.94,13.12,13.20,13.17,12.81,12.59,12.19,11.68,11.23,10.78
Algeria,CAIT,Agriculture,All GHG,MtCO2eq,12.79,10.86,10.82,10.05,9.84,29.87,9.84,17.04,6.25,30.19,1.98,0.52,8.60,7.98,4.98,93.19,4.85,34.23,75.64,0.55,4.85,34.23,75.12,115.27,114.75
South Korea,CAIT,Agriculture,All GHG,MtCO2eq,12.71,12.91,13.58,12.70,13.05,12.85,12.82,12.98,12.45,12.94,12.62,12.07,12.36,12.57,12.94,13.52,14.19,15.08,14.86,14.62,14.42,14.32,14.01,13.68,13.76
Republic of Congo,CAIT,Land-Use Change and Forestry,All GHG,MtCO2eq,12.29,20.26,17.63,13.02,10.45,9.65,11.15,10.26,11.79,14.31,14.04,12.38,11.14,12.44,12.52,13.09,12.97,13.21,13.03,13.82,13.82,13.82,13.82,13.82,13.82
Cameroon,CAIT,Agriculture,All GHG,MtCO2eq,11.59,11.75,11.26,11.02,10.19,11.32,11.42,12.44,12.70,13.45,12.07,13.31,12.34,12.75,13.07,11.66,11.51,10.50,10.15,10.27,10.30,10.25,10.25,10.22,10.31
Guinea,CAIT,Agriculture,All GHG,MtCO2eq,11.30,11.91,11.56,10.44,10.57,10.46,10.66,9.42,9.65,9.30,8.73,8.43,8.96,7.74,7.67,7.16,7.52,6.71,6.55,6.46,6.17,5.88,5.63,5.42,5.21
Benin,CAIT,Land-Use Change and Forestry,All GHG,MtCO2eq,10.83,10.78,10.73,10.84,10.83,10.71,10.91,10.86,10.94,10.98,10.91,10.90,11.00,10.77,15.46,15.78,15.96,15.25,15.34,15.22,15.22,15.22,15.22,15.22,15.22
Senegal,CAIT,Agriculture,All GHG,MtCO2eq,10.60,11.02,10.23,11.25,11.37,10.18,10.46,9.63,10.55,10.28,9.85,8.57,9.53,10.92,10.01,9.12,8.49,8.71,8.89,8.83,8.80,8.67,8.44,8.32,8.13
Cuba,CAIT,Agriculture,All GHG,MtCO2eq,10.50,10.28,10.29,10.34,9.91,9.99,9.64,9.41,9.30,8.93,9.63,9.98,10.08,10.33,10.39,10.54,11.13,11.33,11.33,10.95,11.31,11.08,12.25,12.35,12.70
Zimbabwe,CAIT,Agriculture,All GHG,MtCO2eq,10.43,9.99,10.26,11.18,11.08,11.01,10.90,10.32,10.05,9.88,10.47,9.78,9.78,11.68,11.17,11.89,11.59,11.00,11.24,9.44,9.42,9.12,11.08,10.57,11.96
Chile,CAIT,Agriculture,All GHG,MtCO2eq,9.84,10.25,11.52,11.53,12.02,12.08,12.28,11.70,11.69,11.77,12.04,11.33,11.56,11.50,11.52,11.50,11.40,11.35,11.05,10.82,10.52,10.07,9.68,9.37,9.33
Denmark,CAIT,Agriculture,All GHG,MtCO2eq,9.44,9.49,9.57,9.59,9.65,9.50,9.75,9.75,9.63,9.74,9.83,10.20,9.91,10.46,10.39,10.41,10.88,10.95,11.01,11.07,11.12,11.39,11.22,11.59,11.71
Ghana,CAIT,Agriculture,All GHG,MtCO2eq,9.19,9.32,8.41,9.00,7.95,7.87,8.29,8.04,9.00,9.49,6.96,8.57,7.75,8.47,8.15,7.00,8.11,7.07,6.94,6.99,6.95,6.93,6.90,6.99,6.79
Burkina Faso,CAIT,Land-Use Change and Forestry,All GHG,MtCO2eq,9.10,9.10,9.01,9.30,11.47,11.24,11.50,11.62,11.63,9.92,9.55,9.83,10.26,9.78,12.00,11.80,12.18,11.62,11.68,11.43,11.43,11.43,11.43,11.43,11.43
Namibia,CAIT,Land-Use Change and Forestry,All GHG,MtCO2eq,8.95,9.54,9.59,9.55,9.10,8.98,9.55,9.05,8.32,9.21,8.87,8.97,9.49,9.28,9.53,8.97,9.00,8.67,8.76,9.01,9.01,9.01,9.01,9.01,9.01
Belgium,CAIT,Agriculture,All GHG,MtCO2eq,8.79,8.80,8.91,9.03,9.08,9.06,9.23,9.02,9.10,9.25,9.39,9.44,9.83,9.00,9.13,10.52,10.14,10.22,10.43,10.40,10.26,10.29,10.34,10.53,10.46
Iraq,CAIT,Agriculture,All GHG,MtCO2eq,8.58,8.62,8.18,8.03,7.62,7.69,6.47,6.07,6.01,5.97,5.07,4.31,5.10,8.03,6.41,6.47,6.67,6.37,5.90,6.57,7.04,7.07,5.58,4.63,6.86
Panama,CAIT,Land-Use Change and Forestry,All GHG,MtCO2eq,8.55,8.60,8.56,8.54,8.54,8.64,8.55,8.55,8.56,9.28,9.29,9.29,9.29,9.30,8.93,8.92,8.93,8.93,8.93,8.93,8.93,8.93,8.93,8.93,8.93
Greece,CAIT,Agriculture,All GHG,MtCO2eq,8.40,8.28,7.72,8.63,7.93,7.50,7.89,7.64,7.74,8.00,8.23,8.39,8.24,8.42,8.64,8.59,8.65,8.79,8.97,8.75,8.91,8.75,9.17,9.41,9.53
Guatemala,CAIT,Agriculture,All GHG,MtCO2eq,8.39,8.46,8.39,8.28,8.06,7.69,7.13,7.11,6.89,6.76,6.53,6.17,6.14,6.12,5.99,5.94,5.60,5.66,5.55,5.56,5.51,5.63,5.32,5.00,4.78
Ghana,CAIT,Land-Use Change and Forestry,All GHG,MtCO2eq,8.31,8.46,8.38,8.30,-7.10,-7.11,-7.04,-6.94,-7.06,37.65,37.58,37.61,37.63,37.66,21.25,21.17,21.73,20.95,20.61,20.72,20.72,20.72,20.72,20.72,20.72
Laos,CAIT,Agriculture,All GHG,MtCO2eq,8.10,7.85,7.87,7.31,7.37,7.06,6.85,6.55,6.41,6.30,6.38,6.19,6.05,5.97,5.78,5.48,5.59,6.00,5.79,5.69,5.65,5.34,5.32,5.06,5.14
Turkmenistan,CAIT,Agriculture,All GHG,MtCO2eq,8.08,8.09,8.01,7.84,8.25,8.00,8.35,7.73,7.91,7.54,7.37,7.09,5.96,5.78,5.42,4.74,4.12,4.43,4.71,4.63,4.46,4.38,3.68,5.61,5.83
Dominican Republic,CAIT,Agriculture,All GHG,MtCO2eq,7.78,7.73,7.69,7.80,7.85,7.60,7.33,7.24,6.53,6.32,6.53,5.92,6.14,5.70,5.29,5.54,6.14,6.04,5.97,5.70,5.68,5.64,5.74,5.68,5.37
Mauritania,CAIT,Agriculture,All GHG,MtCO2eq,7.69,7.75,7.48,7.29,7.48,7.18,6.64,7.33,7.35,7.46,7.42,7.13,7.01,7.12,6.99,6.59,6.14,5.79,5.51,5.10,5.09,5.21,5.07,5.25,5.08
Nicaragua,CAIT,Agriculture,All GHG,MtCO2eq,7.68,7.57,7.76,7.67,7.48,7.43,7.24,7.27,7.28,7.11,6.83,7.09,6.74,6.47,6.46,6.26,5.36,5.50,5.10,5.26,5.97,6.00,5.40,4.89,6.11
Yemen,CAIT,Agriculture,All GHG,MtCO2eq,7.61,7.52,7.32,7.24,7.17,6.99,6.87,6.74,6.36,6.18,6.18,6.03,5.50,5.48,5.22,5.06,4.97,4.75,4.49,4.35,4.28,4.31,4.24,4.15,4.40
Guatemala,CAIT,Land-Use Change and Forestry,All GHG,MtCO2eq,7.55,8.02,7.69,7.70,16.11,17.05,16.33,16.91,15.97,18.15,15.21,18.07,15.26,15.21,16.74,15.89,17.55,15.83,16.07,16.08,16.08,16.08,16.08,16.08,16.08
Japan,CAIT,Land-Use Change and Forestry,All GHG,MtCO2eq,7.46,7.47,7.44,7.50,-142.54,-142.50,-142.49,-142.49,-142.50,-39.11,-39.13,-39.08,-39.14,-39.14,-74.31,-74.32,-74.32,-74.32,-74.31,-74.31,-74.31,-74.31,-74.31,-74.31,-74.31
Mexico,CAIT,Land-Use Change and Forestry,All GHG,MtCO2eq,7.45,8.99,8.26,10.07,11.31,12.47,12.22,12.41,12.47,20.00,17.81,21.63,18.27,18.01,22.17,22.15,26.51,18.95,18.74,19.41,19.41,19.41,19.41,19.41,19.41
Saudi Arabia,CAIT,Agriculture,All GHG,MtCO2eq,7.22,7.33,7.71,6.38,5.23,4.52,5.25,6.13,5.91,5.78,6.00,5.85,4.80,5.55,5.43,5.18,5.31,5.26,5.03,4.89,5.27,5.50,5.66,5.46,5.22
Mali,CAIT,Land-Use Change and Forestry,All GHG,MtCO2eq,7.17,7.13,7.16,7.39,7.23,7.17,7.68,7.51,7.63,8.15,7.61,7.37,8.19,8.09,8.75,10.65,10.93,8.25,7.81,7.99,7.99,7.99,7.99,7.99,7.99
Hungary,CAIT,Agriculture,All GHG,MtCO2eq,7.03,7.05,6.52,6.68,6.51,6.65,7.22,6.92,7.02,6.98,7.45,7.01,7.24,7.66,7.42,7.52,7.28,7.50,7.58,6.98,7.40,7.65,7.92,9.81,10.42
Sweden,CAIT,Agriculture,All GHG,MtCO2eq,6.64,6.46,6.40,6.58,6.56,6.47,6.82,6.69,6.69,6.82,7.02,6.99,7.11,7.16,7.32,7.42,7.54,7.77,7.79,7.62,7.91,8.00,7.73,7.53,7.92
Austria,CAIT,Agriculture,All GHG,MtCO2eq,6.60,6.56,6.61,6.77,6.75,6.61,6.72,6.61,6.73,6.83,6.90,8.27,7.60,7.40,7.53,7.74,7.83,7.89,8.04,8.09,8.22,8.53,8.58,8.74,8.90
Togo,CAIT,Land-Use Change and Forestry,All GHG,MtCO2eq,6.58,6.58,6.58,6.60,6.50,6.48,6.49,6.49,6.49,6.63,6.58,6.62,6.63,6.63,6.71,6.95,6.86,6.77,6.74,6.72,6.72,6.72,6.72,6.72,6.72
Nepal,CAIT,Land-Use Change and Forestry,All GHG,MtCO2eq,6.54,6.27,6.55,6.15,6.29,6.32,6.14,5.74,5.80,31.87,31.89,32.02,31.15,31.33,36.32,36.76,36.23,35.97,36.11,36.21,36.21,36.21,36.21,36.21,36.21
Azerbaijan,CAIT,Agriculture,All GHG,MtCO2eq,6.45,6.42,6.37,6.25,6.21,6.13,6.01,5.75,5.67,5.40,5.29,5.08,4.89,4.70,4.37,4.28,4.12,4.00,3.77,3.78,3.77,4.03,4.37,5.06,5.26
Serbia,CAIT,Agriculture,All GHG,MtCO2eq,6.45,6.82,6.93,6.36,6.33,7.21,6.67,7.30,6.87,7.04,7.76,6.76,7.12,7.35,7.15,8.15,8.76,9.13,8.93,8.87,8.08,8.22,8.35,10.21,10.86
Portugal,CAIT,Agriculture,All GHG,MtCO2eq,6.32,6.16,6.09,6.20,6.13,6.27,6.36,6.38,6.31,6.49,6.86,7.09,7.20,6.82,7.00,7.06,7.12,7.07,7.14,6.98,7.04,6.89,7.08,7.30,7.36
Czech Republic,CAIT,Agriculture,All GHG,MtCO2eq,6.30,6.20,6.16,5.71,5.58,5.63,5.77,5.94,5.76,5.81,5.94,5.96,6.00,6.97,6.64,6.64,6.79,7.19,7.73,7.61,7.99,8.63,9.77,10.79,12.57
Syria,CAIT,Agriculture,All GHG,MtCO2eq,6.25,6.69,7.08,7.24,6.39,7.54,8.00,8.91,8.72,8.15,7.38,6.93,6.31,5.92,6.42,6.59,6.73,6.34,6.18,6.01,5.57,5.17,5.83,5.83,5.90
Sierra Leone,CAIT,Land-Use Change and Forestry,All GHG,MtCO2eq,6.11,6.00,6.51,5.73,5.72,5.84,5.83,5.77,5.83,5.72,5.78,5.77,5.75,5.75,5.85,5.86,5.93,5.80,5.77,5.86,5.86,5.86,5.86,5.86,5.86
Namibia,CAIT,Agriculture,All GHG,MtCO2eq,6.06,6.82,10.75,10.43,7.58,8.11,6.33,7.14,8.13,7.15,6.39,6.08,6.23,6.93,7.63,6.89,6.88,6.35,6.55,6.73,6.77,6.80,7.00,7.16,6.99
Honduras,CAIT,Agriculture,All GHG,MtCO2eq,5.92,5.95,5.85,5.82,5.62,5.60,5.31,5.49,5.47,5.50,5.27,5.17,4.34,4.40,4.46,4.16,4.47,4.58,4.48,4.59,4.49,4.31,4.71,4.77,4.75
Sri Lanka,CAIT,Agriculture,All GHG,MtCO2eq,5.82,6.12,6.11,6.38,6.05,5.74,6.16,5.25,5.54,5.56,4.91,5.24,5.23,4.96,5.15,5.35,4.93,5.62,5.63,6.28,6.38,6.13,5.93,5.76,6.27
Finland,CAIT,Land-Use Change and Forestry,All GHG,MtCO2eq,5.71,5.73,5.71,5.79,-20.10,-20.10,-20.10,-20.10,-20.02,-15.82,-15.85,-15.81,-15.85,-15.84,-24.55,-24.56,-24.56,-24.56,-24.51,-24.55,-24.55,-24.55,-24.55,-24.55,-24.55
Papua New Guinea,CAIT,Agriculture,All GHG,MtCO2eq,5.66,5.62,5.63,5.58,5.61,5.62,5.54,5.53,5.59,5.54,5.65,5.56,5.52,5.41,5.34,5.35,5.33,5.51,5.33,5.35,5.31,5.28,5.24,5.19,5.19
Finland,CAIT,Agriculture,All GHG,MtCO2eq,5.61,5.54,5.45,5.47,5.93,5.75,6.10,5.86,5.74,6.00,5.88,5.91,6.06,5.97,6.08,6.14,6.22,6.38,6.34,6.38,6.54,6.47,6.52,6.63,7.15
Botswana,CAIT,Agriculture,All GHG,MtCO2eq,5.57,6.03,6.96,16.73,13.92,5.37,11.51,5.21,7.32,4.75,4.44,3.93,8.32,9.22,8.55,8.88,9.04,9.96,10.49,8.65,7.92,7.57,7.85,8.17,8.66
Tajikistan,CAIT,Agriculture,All GHG,MtCO2eq,5.53,5.35,5.28,5.00,4.84,4.79,4.50,3.94,3.79,3.43,3.19,2.85,2.71,2.69,2.65,2.66,2.75,2.94,2.93,3.11,3.25,3.31,3.71,4.19,4.35
Bulgaria,CAIT,Agriculture,All GHG,MtCO2eq,5.49,5.40,5.00,5.36,4.77,4.87,4.65,4.46,4.21,4.67,5.22,5.45,5.25,4.91,4.88,4.76,4.76,4.95,5.06,4.97,5.87,6.48,8.03,10.35,11.19
Côte d'Ivoire,CAIT,Land-Use Change and Forestry,All GHG,MtCO2eq,5.47,5.77,5.59,5.50,5.49,5.52,5.68,5.71,5.54,-9.03,-9.19,-9.02,-9.16,-9.02,-5.39,-5.24,-5.21,-5.62,-5.79,-5.70,-5.70,-5.70,-5.70,-5.70,-5.70
Equatorial Guinea,CAIT,Land-Use Change and Forestry,All GHG,MtCO2eq,5.36,5.36,5.36,5.36,5.43,5.43,5.44,5.43,5.43,5.36,5.36,5.36,5.36,5.36,5.32,5.32,5.32,5.32,5.32,5.32,5.32,5.32,5.32,5.32,5.32
Malawi,CAIT,Agriculture,All GHG,MtCO2eq,5.24,5.22,4.87,4.36,4.26,3.69,3.68,3.32,3.02,2.81,2.74,2.76,2.48,2.22,2.40,2.26,2.31,2.16,2.17,2.04,1.85,2.26,2.22,2.22,2.11
Switzerland,CAIT,Agriculture,All GHG,MtCO2eq,5.19,5.10,5.15,5.18,5.23,5.25,5.30,5.37,5.38,5.36,5.36,5.30,5.39,5.52,5.42,5.49,5.61,5.66,5.95,5.96,5.97,5.95,6.04,6.15,6.22
Senegal,CAIT,Land-Use Change and Forestry,All GHG,MtCO2eq,5.13,5.30,5.03,5.59,6.65,6.06,6.70,6.80,7.09,7.22,7.21,7.14,7.30,7.68,8.86,9.84,8.97,8.12,7.87,8.01,8.01,8.01,8.01,8.01,8.01
Côte d'Ivoire,CAIT,Agriculture,All GHG,MtCO2eq,4.79,5.31,4.80,4.86,4.82,4.98,5.13,5.07,5.31,5.47,4.37,5.29,5.72,5.01,5.13,4.96,5.07,5.04,4.84,4.91,4.83,4.66,4.65,4.56,4.44
Benin,CAIT,Agriculture,All GHG,MtCO2eq,4.78,4.75,4.50,4.56,4.52,4.63,4.52,4.73,4.55,5.24,4.25,4.44,4.93,4.19,4.44,4.01,4.15,3.92,3.73,3.55,3.74,3.52,3.50,3.46,3.43
Lithuania,CAIT,Agriculture,All GHG,MtCO2eq,4.72,4.56,4.58,4.48,4.83,4.57,4.50,4.43,4.53,4.39,4.78,4.61,4.39,4.89,5.30,5.43,5.69,5.76,5.77,5.67,6.20,6.98,8.63,8.53,8.86
Norway,CAIT,Agriculture,All GHG,MtCO2eq,4.62,4.58,4.60,4.63,4.60,4.67,4.81,4.82,4.85,4.92,4.95,4.97,4.93,4.98,5.01,5.14,5.16,5.18,5.21,5.18,5.12,5.06,5.10,5.07,5.03
Suriname,CAIT,Land-Use Change and Forestry,All GHG,MtCO2eq,4.62,4.81,5.30,3.82,3.86,5.54,4.68,4.20,4.49,4.15,4.86,5.73,3.96,3.82,3.98,4.16,5.00,4.52,4.35,4.52,4.52,4.52,4.52,4.52,4.52
Kyrgyzstan,CAIT,Agriculture,All GHG,MtCO2eq,4.54,4.40,4.23,4.13,4.03,3.96,3.61,3.49,3.39,3.32,3.23,3.26,3.09,3.17,3.12,3.06,3.00,2.90,3.01,3.19,3.90,4.33,4.64,4.89,5.08
North Korea,CAIT,Agriculture,All GHG,MtCO2eq,4.54,4.74,4.87,4.81,4.77,4.75,4.75,4.75,4.80,4.82,4.76,4.76,4.73,5.82,5.42,5.43,5.12,5.09,4.61,5.17,6.97,9.26,9.47,9.63,9.71
Sri Lanka,CAIT,Land-Use Change and Forestry,All GHG,MtCO2eq,4.49,4.45,4.46,4.46,3.86,3.87,3.86,3.85,3.85,6.42,6.42,6.43,6.42,6.40,5.18,5.21,5.20,5.17,5.20,5.18,5.18,5.18,5.18,5.18,5.18
Tunisia,CAIT,Agriculture,All GHG,MtCO2eq,4.44,4.21,4.37,4.27,4.30,4.48,4.26,4.28,4.31,4.27,4.09,4.07,3.96,4.16,4.18,4.09,3.95,3.70,3.95,3.41,3.49,3.82,3.65,3.62,3.37
Estonia,CAIT,Land-Use Change and Forestry,All GHG,MtCO2eq,4.39,4.39,4.38,4.38,1.19,1.19,1.26,1.20,1.27,6.82,6.82,6.82,6.89,6.82,-0.50,-0.50,-0.50,-0.50,-0.49,-0.50,-0.50,-0.50,-0.50,-0.49,-0.49
Malawi,CAIT,Land-Use Change and Forestry,All GHG,MtCO2eq,4.34,4.33,4.61,4.63,6.82,6.28,6.68,6.34,6.35,7.70,7.49,8.15,7.28,7.09,7.01,6.57,6.82,6.77,6.86,6.70,6.70,6.70,6.70,6.70,6.70
Hungary,CAIT,Land-Use Change and Forestry,All GHG,MtCO2eq,4.25,4.24,4.31,4.24,3.07,3.08,3.09,3.08,3.07,5.28,5.27,5.28,5.26,5.32,3.60,3.59,3.59,3.59,3.59,3.60,3.60,3.60,3.60,3.60,3.60
Eritrea,CAIT,Agriculture,All GHG,MtCO2eq,4.11,4.10,4.07,4.05,4.00,3.98,4.01,4.05,3.88,3.87,3.81,3.81,3.71,3.79,3.97,3.82,3.73,3.53,3.07,2.71,2.67,2.69,3.19,3.12,3.11
Haiti,CAIT,Agriculture,All GHG,MtCO2eq,3.90,3.93,3.89,3.92,3.91,3.89,3.85,3.87,3.83,3.85,3.83,3.86,3.84,3.87,3.86,3.51,3.49,3.43,3.22,3.19,3.16,3.18,3.35,2.91,2.72
Costa Rica,CAIT,Agriculture,All GHG,MtCO2eq,3.47,3.45,3.39,3.49,3.30,3.29,3.22,3.07,2.88,3.05,2.77,2.90,2.81,3.03,3.23,3.42,3.73,3.68,3.69,3.65,4.06,4.37,4.41,4.45,4.44
Panama,CAIT,Agriculture,All GHG,MtCO2eq,3.39,3.59,3.49,3.49,3.39,3.33,3.30,3.15,3.21,3.21,3.09,3.14,3.18,3.18,2.84,2.87,2.92,2.86,3.05,3.02,3.02,3.04,3.00,2.90,2.90
Latvia,CAIT,Agriculture,All GHG,MtCO2eq,3.15,3.07,3.02,2.95,2.93,2.92,2.96,2.90,2.86,2.83,2.82,2.77,2.85,2.81,2.76,2.92,3.10,3.13,3.21,3.23,3.75,5.01,5.79,5.38,5.60
Rwanda,CAIT,Agriculture,All GHG,MtCO2eq,3.00,3.01,2.96,2.92,3.05,2.86,2.76,2.60,2.38,2.22,2.15,2.01,1.77,1.70,1.61,1.58,1.42,1.31,1.24,1.14,1.32,1.40,1.46,1.51,1.46
Sierra Leone,CAIT,Agriculture,All GHG,MtCO2eq,2.83,3.00,2.93,2.55,2.31,2.18,2.12,1.88,2.37,1.93,1.73,1.54,1.44,1.21,1.12,1.19,1.33,1.41,1.42,1.48,1.58,1.61,1.54,1.53,1.56
Albania,CAIT,Agriculture,All GHG,MtCO2eq,2.83,2.79,2.83,2.79,2.79,2.77,2.86,3.04,3.18,3.28,3.29,3.42,3.38,3.29,3.38,3.29,3.28,3.36,3.60,3.90,3.85,3.05,2.86,2.92,3.25
Estonia,CAIT,Agriculture,All GHG,MtCO2eq,2.64,2.57,2.55,2.51,2.49,2.50,2.57,2.51,2.49,2.49,2.52,2.50,2.50,2.50,2.56,2.64,2.74,2.76,2.83,3.01,3.17,3.59,3.90,4.23,4.40
El Salvador,CAIT,Agriculture,All GHG,MtCO2eq,2.62,2.40,2.83,2.69,2.99,3.11,3.29,3.17,3.00,2.97,2.83,2.73,2.82,2.75,2.47,2.66,2.49,2.79,2.91,2.50,2.78,2.75,2.86,2.83,2.76
Georgia,CAIT,Agriculture,All GHG,MtCO2eq,2.61,2.46,2.25,2.16,1.93,1.99,1.99,2.11,2.37,2.43,2.47,2.41,2.39,2.39,2.39,2.27,2.17,2.15,2.07,2.00,2.02,2.33,2.81,2.88,2.99
Togo,CAIT,Agriculture,All GHG,MtCO2eq,2.61,2.50,2.34,2.42,2.22,2.21,2.25,1.97,2.06,2.62,1.79,2.08,1.97,1.97,1.98,1.84,2.11,1.77,1.52,1.41,1.53,1.56,1.59,1.73,1.85
Croatia,CAIT,Agriculture,All GHG,MtCO2eq,2.57,2.61,2.77,2.88,2.74,2.68,3.79,3.53,3.49,3.01,3.21,2.93,3.01,2.81,2.86,2.81,2.76,3.16,2.84,2.91,3.04,3.13,3.48,3.71,3.94
Bosnia and Herzegovina,CAIT,Agriculture,All GHG,MtCO2eq,2.57,2.48,2.48,2.57,2.48,2.52,2.17,2.27,2.36,2.24,2.26,1.99,1.94,2.02,2.14,2.08,1.97,1.76,1.45,1.71,2.01,2.18,2.26,2.31,2.46
Slovakia,CAIT,Agriculture,All GHG,MtCO2eq,2.55,2.42,2.34,2.33,2.22,2.26,2.32,2.36,2.42,2.43,2.63,2.61,2.71,2.77,2.75,2.73,3.18,3.36,3.49,3.43,3.61,4.10,4.49,4.96,5.78
Libya,CAIT,Agriculture,All GHG,MtCO2eq,2.55,2.57,2.87,2.82,2.53,2.68,2.64,2.81,2.47,2.55,2.25,2.00,2.13,1.74,1.73,2.00,2.01,1.87,1.96,1.96,1.87,1.95,1.97,2.10,2.13
South Africa,CAIT,Land-Use Change and Forestry,All GHG,MtCO2eq,2.32,2.01,1.75,1.64,2.19,1.34,1.84,2.61,1.78,2.74,1.51,1.54,1.69,1.54,1.66,2.74,3.78,2.43,2.50,2.08,2.08,2.08,2.08,2.08,2.08
Guyana,CAIT,Agriculture,All GHG,MtCO2eq,2.28,1.93,1.76,1.69,1.68,1.61,1.63,1.49,1.46,1.48,1.62,1.64,1.50,1.58,1.54,1.77,1.68,1.76,1.71,1.71,1.51,1.53,1.43,1.38,1.16
Belize,CAIT,Land-Use Change and Forestry,All GHG,MtCO2eq,2.28,3.75,2.14,2.51,5.12,5.36,6.10,6.39,5.42,7.05,5.87,7.15,5.76,5.93,5.21,5.22,5.33,5.02,5.26,5.25,5.25,5.25,5.25,5.25,5.25
Burundi,CAIT,Land-Use Change and Forestry,All GHG,MtCO2eq,2.26,2.53,2.38,2.30,-1.23,-1.15,-0.76,-1.52,-1.34,4.89,5.47,5.61,5.51,5.59,8.66,8.48,8.72,8.48,8.35,8.37,8.37,8.37,8.37,8.37,8.37
Burundi,CAIT,Agriculture,All GHG,MtCO2eq,2.22,2.13,2.01,1.91,1.77,1.62,1.53,1.42,1.37,1.30,1.24,1.18,1.15,1.21,1.17,1.16,1.14,1.22,1.19,1.21,1.18,1.28,1.31,1.30,1.28
Solomon Islands,CAIT,Land-Use Change and Forestry,All GHG,MtCO2eq,1.98,1.98,1.98,1.98,1.61,1.61,1.61,1.61,1.61,1.69,1.69,1.69,1.69,1.69,1.69,1.69,1.69,1.69,1.69,1.69,1.69,1.69,1.69,1.69,1.69
Republic of Congo,CAIT,Agriculture,All GHG,MtCO2eq,1.81,1.91,1.81,1.45,1.37,1.32,1.23,1.22,1.39,1.27,1.06,1.16,0.84,0.63,0.86,1.03,1.02,0.97,0.92,1.06,1.06,1.06,1.06,1.06,1.05
Portugal,CAIT,Land-Use Change and Forestry,All GHG,MtCO2eq,1.76,1.88,1.84,1.78,0.12,-0.01,-0.01,0.01,0.10,6.48,5.72,5.89,5.72,5.73,1.62,1.65,1.69,1.64,1.71,1.64,1.64,1.64,1.64,1.64,1.64
United Arab Emirates,CAIT,Agriculture,All GHG,MtCO2eq,1.68,1.64,1.53,1.53,1.55,1.83,1.42,1.51,1.43,1.15,1.15,1.32,1.19,1.04,1.00,0.97,0.91,0.87,0.83,0.78,0.73,0.66,0.62,0.56,0.50
Guinea-Bissau,CAIT,Agriculture,All GHG,MtCO2eq,1.65,1.62,1.68,1.53,1.51,1.37,1.33,1.29,1.38,1.15,1.19,1.33,1.30,1.29,1.19,1.19,1.08,1.09,1.12,1.11,1.08,1.06,1.05,1.02,1.01
Moldova,CAIT,Agriculture,All GHG,MtCO2eq,1.61,1.48,1.37,1.49,1.42,1.34,1.47,1.59,1.65,1.73,1.84,1.85,1.90,1.93,1.86,1.98,2.24,2.64,3.07,3.37,3.47,3.71,3.76,4.46,4.64
Oman,CAIT,Agriculture,All GHG,MtCO2eq,1.58,1.60,1.35,1.27,1.14,1.19,1.13,1.05,1.13,1.20,0.98,0.94,0.90,0.90,0.87,0.88,0.83,0.78,0.76,0.74,0.72,0.67,0.63,0.59,0.56
Niger,CAIT,Land-Use Change and Forestry,All GHG,MtCO2eq,1.55,1.63,1.55,1.58,1.57,1.50,1.58,1.59,1.58,1.59,1.56,1.57,1.60,1.54,7.09,7.06,7.17,7.05,7.10,7.08,7.08,7.08,7.08,7.08,7.08
Guinea-Bissau,CAIT,Land-Use Change and Forestry,All GHG,MtCO2eq,1.47,1.48,1.48,1.47,1.47,1.47,1.47,1.48,1.48,2.20,2.21,2.21,2.20,2.21,1.69,1.94,1.74,1.52,1.47,1.53,1.53,1.53,1.53,1.53,1.53
Lesotho,CAIT,Agriculture,All GHG,MtCO2eq,1.45,1.47,1.38,1.36,1.48,1.40,1.39,1.58,1.41,1.58,1.33,1.53,1.35,1.69,1.56,1.63,1.15,1.23,1.27,1.34,1.41,1.45,1.48,1.34,1.35
Slovenia,CAIT,Agriculture,All GHG,MtCO2eq,1.43,1.42,1.44,1.47,1.50,1.49,1.53,1.50,1.51,1.53,1.55,1.65,1.63,1.67,1.61,1.59,1.70,1.74,1.73,1.77,1.84,1.85,1.87,2.18,2.32
Israel,CAIT,Agriculture,All GHG,MtCO2eq,1.38,1.42,1.39,1.37,1.28,1.26,1.34,1.41,1.33,1.26,1.25,1.25,1.20,1.25,1.26,1.22,1.32,1.30,1.32,1.23,1.22,1.15,1.13,1.08,1.12
Armenia,CAIT,Agriculture,All GHG,MtCO2eq,1.37,1.35,1.20,1.13,1.12,1.16,1.21,1.21,1.19,1.15,1.17,1.09,1.09,0.98,0.96,0.94,0.96,1.00,1.02,1.01,1.03,1.10,1.24,1.38,1.44
Liberia,CAIT,Land-Use Change and Forestry,All GHG,MtCO2eq,1.36,1.34,1.47,1.32,15.01,15.23,15.03,15.00,15.01,15.04,15.01,15.03,15.00,15.01,15.03,15.03,15.04,15.02,15.03,15.04,15.04,15.04,15.04,15.04,15.04
Gambia,CAIT,Agriculture,All GHG,MtCO2eq,1.21,1.15,1.07,1.06,1.33,1.28,1.05,0.93,0.99,0.91,0.92,0.80,0.75,0.78,0.77,0.72,0.75,0.72,0.76,0.76,0.74,0.72,0.73,0.74,0.72
Macedonia,CAIT,Agriculture,All GHG,MtCO2eq,1.20,1.18,1.17,1.26,1.24,1.19,1.25,1.27,1.29,1.28,1.33,1.25,1.25,1.29,1.39,1.41,1.53,1.64,1.75,1.75,1.82,1.58,1.58,2.04,2.17
Jordan,CAIT,Agriculture,All GHG,MtCO2eq,1.18,1.10,1.05,1.08,0.94,0.88,1.11,1.05,0.79,0.88,0.80,1.01,1.22,0.68,0.77,0.75,0.83,0.89,0.90,0.87,0.85,0.99,0.97,0.82,0.64
Netherlands,CAIT,Land-Use Change and Forestry,All GHG,MtCO2eq,1.16,1.16,1.16,1.16,0.94,0.94,0.94,0.94,0.94,2.77,2.78,2.77,2.77,2.77,2.37,2.37,2.37,2.37,2.37,2.37,2.37,2.37,2.37,2.37,2.37
Eswatini,CAIT,Agriculture,All GHG,MtCO2eq,0.93,0.94,0.93,0.92,0.93,0.87,0.89,0.90,0.85,0.93,0.91,0.89,0.82,0.82,0.91,0.92,0.96,0.97,0.99,0.98,0.95,0.96,1.14,1.11,1.08
Fiji,CAIT,Agriculture,All GHG,MtCO2eq,0.88,0.88,0.88,0.88,0.87,0.88,0.91,0.90,0.88,0.90,0.92,0.87,0.94,0.95,0.92,0.94,0.98,1.00,1.00,1.01,0.96,0.92,0.86,0.85,0.84
Rwanda,CAIT,Land-Use Change and Forestry,All GHG,MtCO2eq,0.86,0.92,0.86,0.55,-0.33,-0.77,-0.57,-0.76,-0.31,-9.19,-9.28,-8.91,-8.90,-9.44,9.43,9.57,9.69,9.70,9.57,9.64,9.64,9.64,9.64,9.64,9.64
Qatar,CAIT,Agriculture,All GHG,MtCO2eq,0.82,0.88,1.25,1.14,0.73,0.43,0.14,0.59,0.12,0.15,0.46,0.14,0.14,0.14,0.19,0.19,0.19,0.19,0.19,0.21,0.20,0.16,0.15,0.13,0.12
Jamaica,CAIT,Land-Use Change and Forestry,All GHG,MtCO2eq,0.78,0.80,0.78,0.83,0.83,0.85,0.76,0.76,0.77,0.83,0.80,0.82,0.80,0.80,0.79,0.78,0.78,0.78,0.78,0.78,0.78,0.78,0.78,0.78,0.78
Suriname,CAIT,Agriculture,All GHG,MtCO2eq,0.76,0.75,0.72,0.78,0.77,0.77,0.73,0.66,0.69,0.67,0.72,0.74,0.67,0.77,0.75,0.80,0.80,0.81,0.86,0.84,0.81,0.83,0.89,0.82,0.78
Lebanon,CAIT,Agriculture,All GHG,MtCO2eq,0.75,0.74,0.76,0.73,0.62,0.62,0.60,0.57,0.54,0.54,0.59,0.57,0.58,0.63,0.60,0.59,0.59,0.57,0.57,0.56,0.48,0.52,0.49,0.47,0.44
El Salvador,CAIT,Land-Use Change and Forestry,All GHG,MtCO2eq,0.73,0.74,0.73,0.73,0.83,0.83,0.83,0.83,0.83,0.88,0.88,0.88,0.88,0.88,0.88,0.88,0.88,0.87,0.87,0.87,0.87,0.87,0.87,0.87,0.87
Eritrea,CAIT,Land-Use Change and Forestry,All GHG,MtCO2eq,0.66,0.66,0.66,0.66,0.58,0.58,0.58,0.58,0.58,0.62,0.62,0.62,0.62,0.62,1.25,1.23,1.22,1.22,1.22,1.22,1.22,1.22,1.22,1.22,1.22
Luxembourg,CAIT,Agriculture,All GHG,MtCO2eq,0.65,0.57,0.55,0.57,0.57,0.57,0.56,0.55,0.54,0.55,0.57,0.55,0.65,0.50,0.50,0.62,0.60,0.60,0.61,0.61,0.60,0.61,0.61,0.62,0.62
Djibouti,CAIT,Agriculture,All GHG,MtCO2eq,0.65,0.65,0.65,0.64,0.64,0.64,0.64,0.64,0.64,0.65,0.65,0.64,0.64,0.64,0.64,0.64,0.62,0.60,0.60,0.57,0.54,0.52,0.51,0.50,0.50
Jamaica,CAIT,Agriculture,All GHG,MtCO2eq,0.62,0.62,0.64,0.61,0.61,0.62,0.63,0.63,0.68,0.95,0.99,1.06,1.00,1.01,1.01,1.01,1.00,1.00,1.03,1.07,1.06,1.09,1.08,1.03,0.97
Brunei,CAIT,Land-Use Change and Forestry,All GHG,MtCO2eq,0.55,0.38,0.39,0.38,2.00,2.17,1.85,1.85,1.85,2.09,1.94,1.97,1.96,1.85,1.92,1.90,6.21,2.17,1.98,2.17,2.17,2.17,2.17,2.17,2.17
Bhutan,CAIT,Agriculture,All GHG,MtCO2eq,0.45,0.51,0.50,0.51,0.51,0.52,0.51,0.56,0.54,0.56,0.51,0.51,0.49,0.51,0.53,0.58,0.56,0.56,0.56,0.57,0.52,0.52,0.51,0.54,0.55
Iceland,CAIT,Agriculture,All GHG,MtCO2eq,0.45,0.41,0.44,0.44,0.43,0.43,0.48,0.46,0.45,0.42,0.42,0.43,0.44,0.43,0.46,0.48,0.48,0.47,0.47,0.45,0.47,0.47,0.47,0.49,0.50
Lithuania,CAIT,Land-Use Change and Forestry,All GHG,MtCO2eq,0.44,0.47,0.44,0.44,0.58,0.59,0.59,0.58,0.59,2.58,2.56,2.57,2.57,2.57,2.16,2.18,2.16,2.16,2.16,2.16,2.16,2.16,2.16,2.12,2.12
Gabon,CAIT,Agriculture,All GHG,MtCO2eq,0.44,0.48,0.47,0.37,0.36,0.38,0.35,0.39,0.36,0.34,0.39,0.33,0.32,0.28,0.32,0.34,0.34,0.34,0.31,0.34,0.34,0.35,0.34,0.33,0.32
Vanuatu,CAIT,Agriculture,All GHG,MtCO2eq,0.43,0.42,0.42,0.41,0.40,0.39,0.42,0.42,0.35,0.34,0.34,0.33,0.32,0.32,0.34,0.36,0.36,0.36,0.36,0.36,0.36,0.35,0.33,0.31,0.30
Kuwait,CAIT,Agriculture,All GHG,MtCO2eq,0.42,0.39,0.41,0.38,0.38,0.37,0.46,0.36,0.52,0.68,0.38,0.39,0.50,0.34,0.31,0.31,0.28,0.26,0.26,0.21,0.18,0.14,0.07,0.06,0.20
Liberia,CAIT,Agriculture,All GHG,MtCO2eq,0.42,0.42,0.43,0.43,0.42,0.39,0.35,0.32,0.29,0.27,0.27,0.27,0.27,0.27,0.28,0.28,0.28,0.27,0.24,0.23,0.22,0.23,0.26,0.26,0.29
Bahamas,CAIT,Land-Use Change and Forestry,All GHG,MtCO2eq,0.39,0.50,0.40,0.54,4.94,4.98,5.10,4.96,4.97,-0.87,-0.81,-0.96,-0.93,-0.92,-1.34,-1.36,-1.36,-1.37,-1.37,-1.37,-1.37,-1.37,-1.37,-1.37,-1.37
Montenegro,CAIT,Agriculture,All GHG,MtCO2eq,0.38,0.37,0.37,0.37,0.40,0.42,0.44,0.45,0.48,0.45,0.49,0.43,0.45,0.47,0.46,0.52,0.56,0.58,0.57,0.57,0.51,0.52,0.53,0.65,0.69
Cyprus,CAIT,Agriculture,All GHG,MtCO2eq,0.37,0.38,0.42,0.42,0.42,0.40,0.39,0.41,0.40,0.44,0.45,0.49,0.45,0.42,0.41,0.43,0.43,0.42,0.43,0.41,0.42,0.41,0.41,0.37,0.37
Belize,CAIT,Agriculture,All GHG,MtCO2eq,0.32,0.35,0.32,0.31,0.28,0.30,0.26,0.26,0.24,0.24,0.22,0.35,0.28,0.22,0.21,0.22,0.21,0.19,0.19,0.19,0.21,0.22,0.23,0.21,0.22
Trinidad and Tobago,CAIT,Agriculture,All GHG,MtCO2eq,0.25,0.25,0.32,0.24,0.33,0.26,0.35,0.22,0.23,0.23,0.23,0.23,0.38,0.21,0.23,0.20,0.20,0.21,0.22,0.19,0.19,0.20,0.21,0.22,0.22
Eswatini,CAIT,Land-Use Change and Forestry,All GHG,MtCO2eq,0.25,0.29,0.26,0.21,0.26,0.18,0.45,0.47,0.24,0.26,0.26,0.21,0.23,0.23,0.19,0.22,0.27,0.21,0.24,0.23,0.23,0.23,0.23,0.23,0.23
Comoros,CAIT,Agriculture,All GHG,MtCO2eq,0.24,0.24,0.23,0.23,0.21,0.20,0.20,0.18,0.20,0.18,0.20,0.20,0.21,0.20,0.20,0.20,0.21,0.19,0.19,0.18,0.18,0.18,0.17,0.17,0.17
Nicaragua,CAIT,Land-Use Change and Forestry,All GHG,MtCO2eq,0.23,0.17,0.09,0.10,28.87,28.89,28.93,28.92,28.90,29.16,28.92,29.37,28.87,28.88,29.04,29.01,29.53,29.03,28.95,28.99,28.99,28.99,28.99,28.99,28.99
Kazakhstan,CAIT,Land-Use Change and Forestry,All GHG,MtCO2eq,0.22,0.08,0.50,0.06,0.26,0.00,0.28,0.14,0.13,-0.07,-0.03,-0.08,-0.10,-0.08,0.42,0.40,0.46,0.67,0.43,0.45,0.45,0.45,0.45,0.44,0.44
Samoa,CAIT,Agriculture,All GHG,MtCO2eq,0.15,0.15,0.15,0.15,0.15,0.15,0.15,0.15,0.15,0.15,0.15,0.15,0.14,0.17,0.15,0.14,0.13,0.13,0.13,0.13,0.13,0.13,0.13,0.13,0.13
Mauritius,CAIT,Agriculture,All GHG,MtCO2eq,0.15,0.14,0.16,0.15,0.13,0.14,0.14,0.14,0.13,0.14,0.15,0.15,0.15,0.14,0.18,0.18,0.17,0.16,0.18,0.17,0.17,0.15,0.16,0.16,0.16
Bosnia and Herzegovina,CAIT,Land-Use Change and Forestry,All GHG,MtCO2eq,0.15,0.14,0.24,0.20,0.14,0.14,0.14,0.32,0.14,0.14,0.14,0.51,0.14,0.17,-7.69,-7.74,-7.83,-7.90,-7.84,-7.86,-7.86,-7.86,-7.86,-7.86,-7.86
Brunei,CAIT,Agriculture,All GHG,MtCO2eq,0.15,0.14,0.13,0.12,0.13,0.12,0.12,0.12,0.12,0.11,0.11,0.11,0.10,0.10,0.10,0.09,0.08,0.08,0.07,0.07,0.07,0.07,0.08,0.08,0.08
Haiti,CAIT,Land-Use Change and Forestry,All GHG,MtCO2eq,0.14,0.14,0.14,0.14,0.16,0.16,0.16,0.16,0.16,0.15,0.15,0.15,0.15,0.15,0.14,0.14,0.14,0.14,0.14,0.14,0.14,0.14,0.14,0.14,0.14
Dominica,CAIT,Land-Use Change and Forestry,All GHG,MtCO2eq,0.12,0.12,0.12,0.12,0.53,0.53,0.53,0.53,0.53,0.01,0.01,0.01,0.01,0.01,-0.04,-0.04,-0.04,-0.04,-0.04,-0.04,-0.04,-0.04,-0.04,-0.04,-0.04
Cape Verde,CAIT,Agriculture,All GHG,MtCO2eq,0.11,0.11,0.11,0.11,0.20,0.19,0.18,0.17,0.15,0.14,0.13,0.12,0.12,0.12,0.12,0.13,0.12,0.11,0.09,0.13,0.10,0.12,0.12,0.10,0.09
Malta,CAIT,Agriculture,All GHG,MtCO2eq,0.10,0.10,0.09,0.08,0.09,0.09,0.10,0.10,0.11,0.10,0.10,0.10,0.10,0.10,0.10,0.11,0.11,0.11,0.11,0.11,0.12,0.12,0.12,0.11,0.11
Singapore,CAIT,Agriculture,All GHG,MtCO2eq,0.10,0.10,0.10,0.10,0.08,0.10,0.13,0.14,0.15,0.13,0.14,0.12,0.09,0.05,0.05,0.09,0.07,0.07,0.08,0.08,0.08,0.06,0.08,0.09,0.10
Tonga,CAIT,Agriculture,All GHG,MtCO2eq,0.09,0.08,0.08,0.07,0.09,0.09,0.07,0.07,0.07,0.07,0.07,0.09,0.07,0.07,0.07,0.06,0.06,0.06,0.06,0.06,0.07,0.07,0.07,0.07,0.07
Saint Kitts and Nevis,CAIT,Agriculture,All GHG,MtCO2eq,0.07,0.06,0.06,0.02,0.02,0.02,0.02,0.02,0.02,0.02,0.02,0.02,0.01,0.02,0.02,0.02,0.02,0.02,0.02,0.02,0.02,0.02,0.02,0.02,0.02
Comoros,CAIT,Land-Use Change and Forestry,All GHG,MtCO2eq,0.07,0.07,0.07,0.07,0.07,0.07,0.08,0.07,0.07,0.09,0.08,0.08,0.08,0.08,0.06,0.06,0.06,0.06,0.06,0.06,0.06,0.06,0.06,0.06,0.06
Montenegro,CAIT,Land-Use Change and Forestry,All GHG,MtCO2eq,0.06,0.07,0.14,0.09,-16.86,-16.86,-16.86,-16.79,-16.85,-1.27,-1.27,-1.27,-1.27,-1.27,-1.20,-1.21,-1.21,-1.21,-1.21,-1.21,-1.21,-1.21,-1.21,-1.21,-1.21
Solomon Islands,CAIT,Agriculture,All GHG,MtCO2eq,0.06,0.06,0.06,0.06,0.06,0.06,0.06,0.06,0.06,0.06,0.06,0.05,0.05,0.05,0.06,0.05,0.05,0.05,0.05,0.05,0.05,0.05,0.05,0.05,0.05
Niue,CAIT,Land-Use Change and Forestry,All GHG,MtCO2eq,0.05,0.05,0.05,0.05,-0.01,-0.01,-0.01,-0.01,-0.01,0.03,0.03,0.03,0.03,0.03,0.02,0.02,0.02,0.02,0.02,0.02,0.02,0.02,0.02,0.02,0.02
Barbados,CAIT,Agriculture,All GHG,MtCO2eq,0.05,0.06,0.06,0.05,0.05,0.05,0.06,0.05,0.06,0.06,0.07,0.06,0.06,0.07,0.08,0.08,0.09,0.09,0.09,0.09,0.09,0.09,0.09,0.09,0.09
Bahrain,CAIT,Agriculture,All GHG,MtCO2eq,0.04,0.04,0.03,0.03,0.05,0.04,0.04,0.04,0.12,0.06,0.03,0.03,0.15,0.03,0.03,0.03,0.03,0.03,0.03,0.03,0.03,0.03,0.03,0.03,0.03
Singapore,CAIT,Land-Use Change and Forestry,All GHG,MtCO2eq,0.04,0.04,0.04,0.04,0.07,0.07,0.07,0.07,0.07,0.04,0.04,0.04,0.04,0.04,-0.02,-0.02,-0.02,-0.02,-0.02,-0.02,-0.02,-0.02,-0.02,-0.02,-0.02
Bahamas,CAIT,Agriculture,All GHG,MtCO2eq,0.03,0.03,0.02,0.04,0.02,0.03,0.04,0.03,0.03,0.03,0.04,0.02,0.02,0.02,0.03,0.03,0.04,0.03,0.03,0.03,0.02,0.02,0.02,0.02,0.02
Saint Lucia,CAIT,Land-Use Change and Forestry,All GHG,MtCO2eq,0.03,0.03,0.03,0.03,0.22,0.22,0.22,0.22,0.22,-0.02,-0.02,-0.02,-0.02,-0.02,-0.04,-0.04,-0.04,-0.04,-0.04,-0.04,-0.04,-0.04,-0.04,-0.04,-0.04
Saint Lucia,CAIT,Agriculture,All GHG,MtCO2eq,0.03,0.03,0.03,0.03,0.03,0.03,0.03,0.03,0.03,0.03,0.03,0.03,0.03,0.04,0.04,0.04,0.05,0.09,0.09,0.08,0.06,0.05,0.05,0.05,0.05
Dominica,CAIT,Agriculture,All GHG,MtCO2eq,0.03,0.03,0.03,0.03,0.03,0.03,0.03,0.04,0.03,0.03,0.03,0.03,0.03,0.04,0.04,0.04,0.04,0.04,0.04,0.04,0.04,0.04,0.04,0.05,0.05
Equatorial Guinea,CAIT,Agriculture,All GHG,MtCO2eq,0.02,0.02,0.02,0.02,0.02,0.02,0.02,0.02,0.02,0.02,0.02,0.02,0.02,0.02,0.02,0.02,0.02,0.02,0.02,0.02,0.02,0.02,0.02,0.02,0.02
Micronesia,CAIT,Agriculture,All GHG,MtCO2eq,0.02,0.05,0.05,0.05,0.05,0.05,0.05,0.05,0.05,0.05,0.05,0.05,0.05,0.05,0.05,0.05,0.05,0.05,0.05,0.05,0.00,0.00,0.00,0.00,N/A
Antigua and Barbuda,CAIT,Agriculture,All GHG,MtCO2eq,0.02,0.02,0.02,0.02,0.02,0.04,0.04,0.04,0.04,0.04,0.04,0.04,0.04,0.04,0.04,0.04,0.04,0.04,0.04,0.04,0.04,0.04,0.04,0.04,0.04
Saint Vincent and the Grenadines,CAIT,Land-Use Change and Forestry,All GHG,MtCO2eq,0.02,0.02,0.02,0.02,0.18,0.18,0.18,0.18,0.18,-0.05,-0.05,-0.05,-0.05,-0.05,-0.11,-0.11,-0.11,-0.11,-0.11,-0.11,-0.11,-0.11,-0.11,-0.11,-0.11
Sao Tome and Principe,CAIT,Agriculture,All GHG,MtCO2eq,0.02,0.02,0.01,0.01,0.01,0.01,0.01,0.01,0.01,0.01,0.01,0.01,0.01,0.01,0.01,0.01,0.01,0.01,0.01,0.01,0.01,0.01,0.01,0.01,0.01
Liechtenstein,CAIT,Agriculture,All GHG,MtCO2eq,0.02,0.02,0.02,0.02,0.02,0.02,0.02,0.02,0.02,0.02,0.02,0.02,0.02,0.02,0.02,0.02,0.02,0.02,0.02,0.02,0.02,0.02,0.02,0.02,0.02
Saint Kitts and Nevis,CAIT,Land-Use Change and Forestry,All GHG,MtCO2eq,0.01,0.01,0.01,0.01,0.10,0.10,0.10,0.10,0.10,-0.02,-0.02,-0.02,-0.02,-0.02,-0.03,-0.03,-0.03,-0.03,-0.03,-0.03,-0.03,-0.03,-0.03,-0.03,-0.03
Grenada,CAIT,Agriculture,All GHG,MtCO2eq,0.01,0.01,0.01,0.01,0.01,0.01,0.01,0.01,0.01,0.01,0.01,0.01,0.01,0.01,0.01,0.01,0.01,0.01,0.01,0.01,0.01,0.01,0.01,0.01,0.01
Kiribati,CAIT,Agriculture,All GHG,MtCO2eq,0.01,0.01,0.01,0.01,0.01,0.01,0.01,0.01,0.01,0.01,0.01,0.01,0.01,0.01,0.01,0.01,0.01,0.01,0.01,0.00,0.00,0.00,0.00,0.00,0.00
Saint Vincent and the Grenadines,CAIT,Agriculture,All GHG,MtCO2eq,0.01,0.01,0.02,0.02,0.02,0.02,0.02,0.02,0.02,0.02,0.02,0.02,0.02,0.03,0.03,0.03,0.03,0.02,0.02,0.02,0.02,0.02,0.02,0.02,0.02
Cook Islands,CAIT,Agriculture,All GHG,MtCO2eq,0.01,0.01,0.01,0.01,0.01,0.01,0.01,0.01,0.01,0.01,0.01,0.01,0.02,0.02,0.02,0.02,0.02,0.02,0.02,0.01,0.01,0.01,0.01,0.01,0.01
Georgia,CAIT,Land-Use Change and Forestry,All GHG,MtCO2eq,0.01,0.01,0.00,0.00,-3.51,-3.52,-3.51,-3.51,-3.52,-3.52,-3.52,-3.52,-3.53,-3.53,-4.03,-4.03,-4.03,-4.03,-4.03,-4.03,-4.03,-4.03,-4.03,-3.95,-3.95
Antigua and Barbuda,CAIT,Land-Use Change and Forestry,All GHG,MtCO2eq,0.01,0.01,0.01,0.01,0.09,0.09,0.09,0.09,0.09,0.00,0.00,0.00,0.00,0.00,-0.02,-0.02,-0.02,-0.02,-0.02,-0.02,-0.02,-0.02,-0.02,-0.02,-0.02
Qatar,CAIT,Land-Use Change and Forestry,All GHG,MtCO2eq,0.00,0.00,0.00,0.00,0.00,0.00,0.00,0.00,0.00,0.00,0.00,0.00,0.00,0.00,0.00,0.00,0.00,0.00,0.00,0.00,0.00,0.00,0.00,0.00,0.00
Saudi Arabia,CAIT,Land-Use Change and Forestry,All GHG,MtCO2eq,0.00,0.00,0.00,0.00,0.00,0.00,0.00,0.00,0.00,0.00,0.00,0.00,0.00,0.00,0.00,0.00,0.00,0.00,0.00,0.00,0.00,0.00,0.00,0.00,0.00
Malta,CAIT,Land-Use Change and Forestry,All GHG,MtCO2eq,0.00,0.00,0.00,0.00,0.00,0.00,0.00,0.00,0.00,0.00,0.00,0.00,0.00,0.00,0.00,0.00,0.00,0.00,0.00,0.00,0.00,0.00,0.00,0.00,0.00
Sao Tome and Principe,CAIT,Land-Use Change and Forestry,All GHG,MtCO2eq,0.00,0.00,0.00,0.00,0.29,0.29,0.29,0.29,0.29,0.00,0.00,0.00,0.00,0.00,0.00,0.00,0.00,0.00,0.00,0.00,0.00,0.00,0.00,0.00,0.00
Tuvalu,CAIT,Agriculture,All GHG,MtCO2eq,0.00,0.01,0.01,0.01,0.01,0.01,0.01,0.01,0.01,0.01,0.01,0.01,0.01,0.01,0.01,0.01,0.01,0.01,0.01,0.01,0.01,0.01,0.01,0.01,0.00
Nauru,CAIT,Agriculture,All GHG,MtCO2eq,0.00,0.00,0.00,0.00,0.00,0.00,0.00,0.00,0.00,0.00,0.00,0.00,0.00,0.00,0.00,0.00,0.00,0.00,0.00,0.00,0.00,0.00,0.00,0.00,0.00
Maldives,CAIT,Land-Use Change and Forestry,All GHG,MtCO2eq,0.00,0.00,0.00,0.00,0.00,0.00,0.00,0.00,0.00,0.00,0.00,0.00,0.00,0.00,0.00,0.00,0.00,0.00,0.00,0.00,0.00,0.00,0.00,0.00,0.00
Samoa,CAIT,Land-Use Change and Forestry,All GHG,MtCO2eq,0.00,0.00,0.00,0.02,-0.54,-0.54,-0.54,-0.54,-0.54,-0.11,-0.11,-0.11,-0.11,-0.11,-2.06,-2.06,-2.05,-2.06,-2.06,-2.06,-2.06,-2.06,-2.06,-2.06,-2.06
Liechtenstein,CAIT,Land-Use Change and Forestry,All GHG,MtCO2eq,0.00,0.00,0.00,0.00,0.00,0.00,0.00,0.00,0.00,0.00,0.00,0.00,0.00,0.00,-0.01,-0.01,-0.01,-0.01,-0.01,-0.01,-0.01,-0.01,-0.01,-0.01,-0.01
Cook Islands,CAIT,Land-Use Change and Forestry,All GHG,MtCO2eq,0.00,0.00,0.00,0.00,-0.05,-0.05,-0.05,-0.05,-0.05,-0.01,-0.01,-0.01,-0.01,-0.01,-0.05,-0.05,-0.05,-0.05,-0.05,-0.05,-0.05,-0.05,-0.05,-0.05,-0.05
Libya,CAIT,Land-Use Change and Forestry,All GHG,MtCO2eq,0.00,0.00,0.00,0.00,0.00,0.00,0.00,0.00,0.00,0.00,0.00,0.00,0.00,0.00,0.00,0.00,0.00,0.00,0.00,0.00,0.00,0.00,0.00,0.00,0.00
Nauru,CAIT,Land-Use Change and Forestry,All GHG,MtCO2eq,0.00,0.00,0.00,0.00,0.00,0.00,0.00,0.00,0.00,0.00,0.00,0.00,0.00,0.00,0.00,0.00,0.00,0.00,0.00,0.00,0.00,0.00,0.00,0.00,0.00
Bahrain,CAIT,Land-Use Change and Forestry,All GHG,MtCO2eq,0.00,0.00,0.00,0.00,0.00,0.00,0.00,0.00,0.00,0.00,0.00,0.00,0.00,0.00,0.00,0.00,0.00,0.00,0.00,0.00,0.00,0.00,0.00,0.00,0.00
Andorra,CAIT,Agriculture,All GHG,MtCO2eq,0.00,0.00,0.00,0.00,0.00,0.00,0.00,0.00,0.00,0.00,0.00,0.00,0.00,0.00,0.00,0.00,0.00,0.00,0.00,0.00,0.00,0.00,0.00,0.00,0.00
Jordan,CAIT,Land-Use Change and Forestry,All GHG,MtCO2eq,0.00,0.00,0.00,0.00,0.00,0.00,0.00,0.00,0.00,0.00,0.00,0.00,0.00,0.00,0.00,0.00,0.00,0.00,0.00,0.00,0.00,0.00,0.00,0.00,0.00
Luxembourg,CAIT,Land-Use Change and Forestry,All GHG,MtCO2eq,0.00,0.00,0.00,0.00,0.00,0.00,0.00,0.00,0.00,0.00,0.00,0.00,0.00,0.00,-0.73,-0.17,-0.17,-0.17,-0.17,-0.17,-0.17,-0.17,-0.17,-0.17,-0.17
Tuvalu,CAIT,Land-Use Change and Forestry,All GHG,MtCO2eq,0.00,0.00,0.00,0.00,0.00,0.00,0.00,0.00,0.00,0.00,0.00,0.00,0.00,0.00,0.00,0.00,0.00,0.00,0.00,0.00,0.00,0.00,0.00,0.00,0.00
Macedonia,CAIT,Land-Use Change and Forestry,All GHG,MtCO2eq,0.00,0.00,0.02,0.00,0.00,0.00,0.01,0.06,0.00,1.25,1.25,1.25,1.25,1.25,-0.71,-0.73,-0.73,-0.73,-0.73,-0.73,-0.73,-0.73,-0.73,-0.73,-0.73
Tonga,CAIT,Land-Use Change and Forestry,All GHG,MtCO2eq,0.00,0.00,0.00,0.00,-0.51,-0.51,-0.51,-0.51,-0.51,0.00,0.00,0.00,0.00,0.00,0.00,0.00,0.00,0.00,0.00,0.00,0.00,0.00,0.00,0.00,0.00
Niue,CAIT,Agriculture,All GHG,MtCO2eq,0.00,0.00,0.00,0.00,0.00,0.00,0.00,0.00,0.00,0.00,0.00,0.00,0.00,0.00,0.00,0.00,0.00,0.00,0.00,0.00,0.00,0.00,0.00,0.00,0.00
Yemen,CAIT,Land-Use Change and Forestry,All GHG,MtCO2eq,0.00,0.00,0.00,0.00,0.00,0.00,0.00,0.00,0.00,0.00,0.00,0.00,0.00,0.00,0.00,0.00,0.00,0.00,0.00,0.00,0.00,0.00,0.00,0.00,0.00
Afghanistan,CAIT,Land-Use Change and Forestry,All GHG,MtCO2eq,0.00,0.00,0.00,0.00,0.00,0.00,0.00,0.00,0.00,0.00,0.00,0.00,0.00,0.00,0.00,0.00,0.00,0.00,0.00,0.00,0.00,0.00,0.00,0.00,0.00
Turkmenistan,CAIT,Land-Use Change and Forestry,All GHG,MtCO2eq,0.00,0.00,0.00,0.00,0.00,0.00,0.00,0.00,0.00,-0.29,-0.29,-0.29,-0.29,-0.29,0.00,0.00,0.00,0.00,0.00,0.00,0.00,0.00,0.00,0.00,0.00
Maldives,CAIT,Agriculture,All GHG,MtCO2eq,0.00,0.00,0.00,0.00,0.00,0.00,0.00,0.00,0.00,0.00,0.00,0.00,0.00,0.00,0.00,0.00,0.00,0.00,0.00,0.00,0.00,0.00,0.00,0.00,0.00
Barbados,CAIT,Land-Use Change and Forestry,All GHG,MtCO2eq,0.00,0.00,0.00,0.00,0.06,0.06,0.06,0.06,0.06,-0.01,-0.01,-0.01,-0.01,-0.01,-0.02,-0.02,-0.02,-0.02,-0.02,-0.02,-0.02,-0.02,-0.02,-0.02,-0.02
Tajikistan,CAIT,Land-Use Change and Forestry,All GHG,MtCO2eq,0.00,0.00,0.00,0.00,0.00,0.00,0.00,0.00,0.00,0.00,0.00,0.00,0.00,0.00,0.09,0.09,0.09,0.09,0.09,0.09,0.09,0.09,0.09,0.09,0.09
Marshall Islands,CAIT,Agriculture,All GHG,MtCO2eq,0.00,0.00,0.00,0.00,0.00,0.00,0.00,0.00,0.00,0.00,0.00,0.00,0.00,0.00,0.00,0.00,0.00,0.00,0.00,0.00,0.00,0.00,0.00,0.00,N/A
Seychelles,CAIT,Land-Use Change and Forestry,All GHG,MtCO2eq,0.00,0.00,0.00,0.00,0.00,0.00,0.00,0.00,0.00,0.00,0.00,0.00,0.00,0.00,0.00,0.00,0.00,0.00,0.00,0.00,0.00,0.00,0.00,0.00,0.00
Seychelles,CAIT,Agriculture,All GHG,MtCO2eq,0.00,0.00,0.00,0.00,0.00,0.00,0.01,0.01,0.01,0.01,0.01,0.01,0.01,0.01,0.01,0.01,0.01,0.01,0.01,0.01,0.01,0.01,0.01,0.01,0.01
Lebanon,CAIT,Land-Use Change and Forestry,All GHG,MtCO2eq,0.00,0.00,0.00,0.00,-0.05,-0.05,-0.05,-0.05,-0.05,-0.05,-0.05,-0.05,-0.05,-0.05,0.00,0.00,0.00,0.00,0.00,0.00,0.00,0.00,0.00,0.00,0.00
Marshall Islands,CAIT,Land-Use Change and Forestry,All GHG,MtCO2eq,0.00,0.00,0.00,0.00,0.00,0.00,0.00,0.00,0.00,0.00,0.00,0.00,0.00,0.00,0.00,0.00,0.00,0.00,0.00,0.00,0.00,0.00,0.00,0.00,N/A
Grenada,CAIT,Land-Use Change and Forestry,All GHG,MtCO2eq,0.00,0.00,0.00,0.00,-0.18,-0.18,-0.18,-0.18,-0.18,0.35,0.35,0.35,0.35,0.35,0.00,0.00,0.00,0.00,0.00,0.00,0.00,0.00,0.00,0.00,0.00
Palau,CAIT,Land-Use Change and Forestry,All GHG,MtCO2eq,0.00,0.00,0.00,0.00,0.00,0.00,0.00,0.00,0.00,-0.14,-0.14,-0.14,-0.14,-0.14,-0.14,-0.14,-0.14,-0.14,-0.14,-0.14,-0.14,-0.14,-0.14,-0.14,N/A
Palau,CAIT,Agriculture,All GHG,MtCO2eq,0.00,0.00,0.00,0.00,0.00,0.00,0.00,0.00,0.00,0.00,0.00,0.00,0.00,0.00,0.00,0.00,0.00,0.00,0.00,0.00,0.00,0.00,0.00,0.00,N/A
Oman,CAIT,Land-Use Change and Forestry,All GHG,MtCO2eq,0.00,0.00,0.00,0.00,0.00,0.00,0.00,0.00,0.00,0.00,0.00,0.00,0.00,0.00,0.00,0.00,0.00,0.00,0.00,0.00,0.00,0.00,0.00,0.00,0.00
Djibouti,CAIT,Land-Use Change and Forestry,All GHG,MtCO2eq,0.00,0.00,0.00,0.00,0.00,0.00,0.00,0.00,0.00,0.00,0.00,0.00,0.00,0.00,0.00,0.00,0.00,0.00,0.00,0.00,0.00,0.00,0.00,0.00,0.00
Mauritius,CAIT,Land-Use Change and Forestry,All GHG,MtCO2eq,-0.01,-0.01,-0.01,-0.01,-0.01,-0.01,-0.01,-0.01,-0.01,0.18,0.18,0.18,0.18,0.18,-0.03,-0.03,-0.03,-0.03,-0.03,-0.03,-0.03,-0.03,-0.03,-0.03,-0.03
Vanuatu,CAIT,Land-Use Change and Forestry,All GHG,MtCO2eq,-0.01,-0.01,-0.01,-0.01,-0.03,-0.03,-0.03,-0.03,-0.03,-0.01,-0.02,-0.02,-0.01,-0.02,-0.03,-0.03,-0.03,-0.03,-0.03,-0.03,-0.03,-0.03,-0.03,-0.03,-0.03
Kiribati,CAIT,Land-Use Change and Forestry,All GHG,MtCO2eq,-0.01,-0.01,-0.01,-0.01,-0.01,-0.01,-0.01,-0.01,-0.01,-0.01,-0.01,-0.01,-0.01,-0.01,-0.01,-0.01,-0.01,-0.01,-0.01,-0.01,-0.01,-0.01,-0.01,-0.01,-0.01
Andorra,CAIT,Land-Use Change and Forestry,All GHG,MtCO2eq,-0.02,-0.02,-0.02,-0.02,-0.04,0.00,0.00,-0.04,-0.04,-0.03,-0.03,-0.03,-0.03,-0.03,-0.02,-0.02,-0.02,-0.02,-0.02,-0.02,-0.02,-0.02,-0.02,-0.02,-0.02
Kuwait,CAIT,Land-Use Change and Forestry,All GHG,MtCO2eq,-0.02,-0.02,-0.02,-0.02,-0.04,-0.04,-0.04,-0.04,-0.04,-0.03,-0.03,-0.03,-0.03,-0.03,-0.03,-0.03,-0.03,-0.03,-0.03,-0.03,-0.03,-0.03,-0.03,-0.03,-0.03
Micronesia,CAIT,Land-Use Change and Forestry,All GHG,MtCO2eq,-0.03,-0.03,-0.03,-0.03,-0.03,-0.03,-0.03,-0.03,-0.03,-0.03,-0.03,-0.03,-0.03,-0.03,-0.03,-0.03,-0.03,-0.03,-0.03,-0.03,-0.03,-0.03,-0.03,-0.03,N/A
Israel,CAIT,Land-Use Change and Forestry,All GHG,MtCO2eq,-0.07,-0.07,-0.07,-0.07,0.00,0.00,0.00,0.00,0.00,-0.07,-0.07,-0.07,-0.07,-0.07,0.11,0.11,0.11,0.11,0.11,0.11,0.11,0.11,0.11,0.11,0.11
Armenia,CAIT,Land-Use Change and Forestry,All GHG,MtCO2eq,-0.15,-0.15,-0.15,-0.15,0.12,0.12,0.12,0.12,0.13,0.12,0.12,0.12,0.12,0.12,0.13,0.13,0.13,0.13,0.13,0.13,0.13,0.13,0.13,0.13,0.13
Cape Verde,CAIT,Land-Use Change and Forestry,All GHG,MtCO2eq,-0.17,-0.17,-0.17,-0.17,-0.07,-0.07,-0.07,-0.07,-0.07,0.00,0.00,0.00,0.00,0.00,-0.40,-0.40,-0.40,-0.40,-0.40,-0.40,-0.40,-0.40,-0.40,-0.40,-0.40
Iceland,CAIT,Land-Use Change and Forestry,All GHG,MtCO2eq,-0.18,-0.18,-0.18,-0.18,-0.07,-0.07,-0.07,-0.07,-0.04,-0.05,-0.05,-0.05,-0.05,-0.05,-0.02,-0.02,-0.02,-0.02,-0.02,-0.02,-0.02,-0.02,-0.02,-0.02,-0.02
Lesotho,CAIT,Land-Use Change and Forestry,All GHG,MtCO2eq,-0.19,-0.20,-0.20,-0.20,-0.04,-0.04,-0.03,-0.03,-0.04,-0.03,-0.03,-0.03,-0.03,-0.04,-0.04,-0.03,0.03,-0.03,-0.04,-0.03,-0.03,-0.03,-0.03,-0.03,-0.03
United Arab Emirates,CAIT,Land-Use Change and Forestry,All GHG,MtCO2eq,-0.21,-0.21,-0.21,-0.21,-0.21,-0.21,-0.21,-0.21,-0.21,-0.05,-0.05,-0.05,-0.05,-0.05,-1.19,-1.19,-1.19,-1.19,-1.19,-1.19,-1.19,-1.19,-1.19,-1.19,-1.19
Egypt,CAIT,Land-Use Change and Forestry,All GHG,MtCO2eq,-0.22,-0.22,-0.22,-0.22,-0.22,-0.22,-0.22,-0.22,-0.22,-0.58,-0.58,-0.58,-0.58,-0.58,-0.55,-0.55,-0.55,-0.55,-0.55,-0.55,-0.55,-0.55,-0.55,-0.55,-0.55
Gambia,CAIT,Land-Use Change and Forestry,All GHG,MtCO2eq,-0.24,-0.24,-0.25,-0.17,-0.33,-0.38,-0.30,-0.25,-0.24,-0.33,-0.33,-0.38,-0.32,-0.25,-0.17,-0.09,-0.32,-0.29,-0.31,-0.29,-0.29,-0.29,-0.29,-0.29,-0.29
Tunisia,CAIT,Land-Use Change and Forestry,All GHG,MtCO2eq,-0.29,-0.29,-0.29,-0.29,-0.51,-0.51,-0.51,-0.51,-0.51,-0.44,-0.44,-0.44,-0.44,-0.44,-0.66,-0.66,-0.66,-0.66,-0.66,-0.66,-0.66,-0.66,-0.66,-0.66,-0.66
Cyprus,CAIT,Land-Use Change and Forestry,All GHG,MtCO2eq,-0.30,-0.30,-0.30,-0.30,-0.39,-0.39,-0.39,-0.39,-0.39,-0.11,-0.11,-0.11,-0.11,-0.11,-0.07,-0.07,-0.07,-0.07,-0.07,-0.07,-0.07,-0.07,-0.07,-0.07,-0.07
Belarus,CAIT,Land-Use Change and Forestry,All GHG,MtCO2eq,-0.33,-0.70,-0.62,-0.61,-26.49,-26.60,-26.66,-26.69,-26.40,-18.24,-18.30,-18.16,-13.60,-18.30,-9.95,-9.85,-10.01,-10.04,-9.98,-9.94,-9.94,-9.94,-9.94,-9.76,-9.76
Albania,CAIT,Land-Use Change and Forestry,All GHG,MtCO2eq,-0.36,-0.36,-0.26,-0.34,-0.21,-0.21,-0.21,-0.02,-0.21,0.89,0.89,0.89,0.89,0.89,0.19,0.13,0.14,0.15,0.13,0.14,0.14,0.14,0.14,0.14,0.14
Algeria,CAIT,Land-Use Change and Forestry,All GHG,MtCO2eq,-0.40,-0.43,-0.21,-0.31,-6.74,31.68,11.02,21.75,7.01,32.52,1.89,0.55,8.84,8.01,5.58,103.99,4.90,36.45,84.78,0.82,4.88,36.44,84.27,126.96,126.41
Ireland,CAIT,Land-Use Change and Forestry,All GHG,MtCO2eq,-0.44,-0.42,-0.44,-0.17,-7.11,-7.30,-7.30,-7.19,-7.30,-1.81,-1.83,-1.83,-1.83,-1.83,-2.31,-2.31,-2.31,-2.31,-2.30,-2.31,-2.31,-2.31,-2.31,-2.31,-2.31
Denmark,CAIT,Land-Use Change and Forestry,All GHG,MtCO2eq,-0.49,-0.49,-0.49,-0.49,0.97,0.97,0.98,0.97,0.98,1.71,1.71,1.71,1.71,1.71,0.61,0.61,0.61,0.61,0.61,0.61,0.61,0.61,0.61,0.61,0.61
Trinidad and Tobago,CAIT,Land-Use Change and Forestry,All GHG,MtCO2eq,-0.50,-0.50,-0.50,-0.50,0.35,0.33,0.33,0.34,0.33,0.10,0.10,0.10,0.10,0.10,0.30,0.29,0.30,0.29,0.29,0.29,0.29,0.29,0.29,0.29,0.29
Greece,CAIT,Land-Use Change and Forestry,All GHG,MtCO2eq,-0.68,-0.68,-0.64,-0.65,-0.69,-0.70,-0.64,-0.42,-0.68,-0.69,-0.69,-0.70,-0.69,-0.70,-0.63,-0.67,-0.43,-0.65,-0.66,-0.65,-0.65,-0.65,-0.65,-0.65,-0.65
Kyrgyzstan,CAIT,Land-Use Change and Forestry,All GHG,MtCO2eq,-0.82,-0.79,-0.78,-0.76,14.45,14.45,14.45,14.45,14.45,-2.42,-2.42,-2.42,-2.42,-2.42,-2.40,-2.40,-2.40,-2.40,-2.41,-2.42,-2.42,-2.42,-2.43,-2.37,-2.37
Moldova,CAIT,Land-Use Change and Forestry,All GHG,MtCO2eq,-1.08,-1.09,-1.09,-1.09,-0.86,-0.86,-0.86,-0.86,-0.86,-0.87,-0.87,-0.86,-0.87,-0.87,-1.23,-1.23,-1.23,-1.23,-1.23,-1.23,-1.23,-1.23,-1.23,-1.21,-1.21
Syria,CAIT,Land-Use Change and Forestry,All GHG,MtCO2eq,-1.21,-1.21,-1.20,-1.21,-2.24,-2.24,-2.24,-2.24,-2.24,-1.55,-1.55,-1.55,-1.55,-1.55,-1.53,-1.53,-1.53,-1.53,-1.53,-1.53,-1.53,-1.53,-1.53,-1.53,-1.53
Serbia,CAIT,Land-Use Change and Forestry,All GHG,MtCO2eq,-1.31,-1.32,-1.24,-1.30,-64.82,-64.82,-64.82,-64.68,-64.82,-4.90,-4.90,-4.88,-4.88,-4.89,-4.61,-4.64,-4.64,-4.65,-4.65,-4.64,-4.64,-4.64,-4.64,-4.64,-4.64
Morocco,CAIT,Land-Use Change and Forestry,All GHG,MtCO2eq,-1.47,-1.47,-1.46,-1.47,0.73,0.73,0.73,0.73,0.74,-9.53,-9.53,-9.53,-9.53,-9.53,-8.80,-8.80,-8.80,-8.80,-8.80,-8.80,-8.80,-8.80,-8.80,-8.80,-8.80
Mauritania,CAIT,Land-Use Change and Forestry,All GHG,MtCO2eq,-1.52,-1.52,-1.52,-1.52,0.51,0.51,0.51,0.51,0.51,1.10,1.10,1.10,1.10,1.10,1.10,1.10,1.10,1.10,1.10,1.10,1.10,1.10,1.10,1.10,1.10
Switzerland,CAIT,Land-Use Change and Forestry,All GHG,MtCO2eq,-1.55,-1.55,-1.55,-1.55,-3.39,-3.39,-3.39,-3.39,-3.39,-1.55,-1.55,-1.55,-1.55,-1.55,-1.92,-1.92,-1.92,-1.92,-1.92,-1.92,-1.92,-1.92,-1.92,-1.92,-1.92
Iraq,CAIT,Land-Use Change and Forestry,All GHG,MtCO2eq,-2.04,-2.04,-2.03,-2.03,-1.70,-1.70,-1.70,-1.70,-1.70,-0.97,-0.97,-0.97,-0.96,-0.95,-0.96,-0.97,-0.98,-0.99,-0.98,-0.98,-0.98,-0.98,-0.98,-0.98,-0.98
Belgium,CAIT,Land-Use Change and Forestry,All GHG,MtCO2eq,-2.63,-2.63,-2.63,-2.61,-2.61,-2.61,-2.61,-2.61,-2.61,-3.23,-3.23,-3.23,-3.23,-3.23,-3.19,-3.75,-3.75,-3.75,-3.75,-3.75,-3.75,-3.75,-3.75,-3.75,-3.75
Fiji,CAIT,Land-Use Change and Forestry,All GHG,MtCO2eq,-2.99,-3.00,-3.00,-3.00,0.63,0.65,0.63,0.62,0.63,-2.04,-2.05,-2.04,-2.05,-2.05,-1.68,-1.67,-1.66,-1.67,-1.67,-1.67,-1.67,-1.67,-1.67,-1.67,-1.67
Ukraine,CAIT,Land-Use Change and Forestry,All GHG,MtCO2eq,-3.42,-5.45,-5.34,-5.02,-21.14,-20.03,-20.15,-19.17,-20.43,-23.11,-22.76,-22.19,-20.88,-22.49,-46.76,-46.36,-46.27,-46.29,-46.22,-46.05,-46.05,-46.05,-46.05,-45.20,-45.20
Bhutan,CAIT,Land-Use Change and Forestry,All GHG,MtCO2eq,-3.79,-3.81,-3.76,-3.80,-2.90,-2.93,-2.93,-2.85,-2.93,-4.40,-4.40,-4.40,-4.40,-4.39,-4.09,-4.06,-4.08,-4.09,-4.09,-4.09,-4.09,-4.09,-4.09,-4.09,-4.09
Croatia,CAIT,Land-Use Change and Forestry,All GHG,MtCO2eq,-3.84,-3.84,-3.83,-3.83,-9.58,-9.58,-9.58,-9.56,-9.58,-11.62,-11.62,-11.62,-11.62,-11.62,-11.59,-11.61,-11.55,-11.60,-11.61,-11.61,-11.61,-11.61,-11.61,-11.61,-11.61
Sweden,CAIT,Land-Use Change and Forestry,All GHG,MtCO2eq,-3.96,-4.26,-4.26,-4.26,-4.18,-4.18,-4.16,-4.18,-4.10,-51.12,-51.12,-51.12,-51.12,-51.12,-19.91,-19.91,-19.85,-19.91,-19.90,-19.89,-19.89,-19.89,-19.89,-19.89,-19.89
Austria,CAIT,Land-Use Change and Forestry,All GHG,MtCO2eq,-4.89,-4.89,-4.89,-4.89,-4.16,-4.16,-4.16,-4.16,-4.16,-7.09,-7.09,-7.09,-7.09,-7.09,-11.86,-11.86,-11.86,-11.86,-11.86,-11.86,-11.86,-11.86,-11.86,-11.86,-11.86
Slovakia,CAIT,Land-Use Change and Forestry,All GHG,MtCO2eq,-5.09,-5.09,-5.08,-5.09,-6.41,-6.41,-6.41,-6.41,-6.41,-9.20,-9.20,-9.20,-9.20,-9.20,-9.89,-9.89,-9.89,-9.89,-9.89,-9.89,-9.89,-9.89,N/A,-9.91,-9.91
Slovenia,CAIT,Land-Use Change and Forestry,All GHG,MtCO2eq,-6.24,-6.24,-6.24,-6.24,-7.86,-7.86,-7.86,-7.86,-7.86,-10.35,-10.35,-10.35,-10.35,-10.35,-6.83,-6.83,-6.83,-6.83,-6.83,-6.83,-6.83,-6.83,-6.83,-6.83,-6.83
Azerbaijan,CAIT,Land-Use Change and Forestry,All GHG,MtCO2eq,-8.47,-8.47,-8.47,-8.47,-7.46,-7.46,-7.46,-7.46,-7.46,-0.95,-0.95,-0.95,-0.94,-0.94,-1.13,-1.15,-1.14,-1.15,-1.15,-1.15,-1.15,-1.15,-1.15,-1.12,-1.12
Dominican Republic,CAIT,Land-Use Change and Forestry,All GHG,MtCO2eq,-8.70,-8.72,-8.73,-8.71,-8.72,-8.73,-8.72,-8.72,-8.72,-8.48,-8.65,-8.65,-8.65,-8.64,-9.98,-9.98,-9.98,-9.96,-9.99,-9.99,-9.99,-9.99,-9.99,-9.99,-9.99
Bulgaria,CAIT,Land-Use Change and Forestry,All GHG,MtCO2eq,-9.91,-9.89,-9.82,-9.90,-9.90,-9.92,-9.89,-9.77,-9.85,-13.72,-13.68,-13.71,-13.73,-13.57,-11.15,-11.20,-11.19,-11.21,-11.20,-11.19,-11.19,-11.19,-11.19,-11.19,-11.19
Uruguay,CAIT,Land-Use Change and Forestry,All GHG,MtCO2eq,-10.52,-10.51,-10.51,-10.48,-19.32,-19.30,-19.31,-19.32,-19.29,-13.79,-13.87,-13.89,-13.89,-13.89,-25.52,-25.53,-25.52,-25.53,-25.53,-25.53,-25.53,-25.53,-25.53,-25.53,-25.53
Latvia,CAIT,Land-Use Change and Forestry,All GHG,MtCO2eq,-10.84,-10.85,-10.85,-10.84,-12.68,-12.68,-12.68,-12.68,-12.66,-1.09,-1.09,-1.09,-1.03,-1.09,-9.73,-9.74,-9.74,-9.74,-9.73,-9.74,-9.74,-9.74,-9.74,-9.55,-9.55
Costa Rica,CAIT,Land-Use Change and Forestry,All GHG,MtCO2eq,-11.36,-11.32,-11.31,-11.37,-7.63,-7.56,-7.63,-7.60,-7.59,-7.63,-7.54,-7.62,-7.59,-7.42,6.22,6.22,6.23,6.20,6.20,6.20,6.20,6.20,6.20,6.20,6.20
United Kingdom,CAIT,Land-Use Change and Forestry,All GHG,MtCO2eq,-12.22,-12.19,-12.22,-12.08,-11.48,-11.48,-11.48,-11.26,-11.48,-12.18,-12.22,-11.85,-12.22,-12.22,-12.16,-12.16,-12.16,-12.16,-12.15,-12.16,-12.16,-12.16,-12.16,-12.16,-12.16
Czech Republic,CAIT,Land-Use Change and Forestry,All GHG,MtCO2eq,-12.50,-12.50,-12.49,-12.50,-6.78,-6.78,-6.78,-6.77,-6.78,-12.28,-12.28,-12.28,-12.28,-12.28,-12.51,-12.52,-12.52,-12.53,-12.53,-12.54,-12.54,-12.55,-12.56,-12.56,-12.57
Cuba,CAIT,Land-Use Change and Forestry,All GHG,MtCO2eq,-13.96,-13.96,-13.97,-13.89,37.72,37.80,37.71,37.73,37.76,-32.59,-32.66,-32.69,-32.69,-32.68,-34.68,-34.70,-34.71,-34.75,-34.74,-34.74,-34.74,-34.74,-34.74,-34.74,-34.74
New Zealand,CAIT,Land-Use Change and Forestry,All GHG,MtCO2eq,-15.40,-15.40,-15.39,-15.40,-16.13,-16.14,-16.13,-16.12,-16.13,-14.67,-14.67,-14.67,-14.67,-14.67,-21.63,-21.64,-21.64,-21.64,-21.63,-21.63,-21.63,-21.63,-21.63,-21.63,-21.63
Uzbekistan,CAIT,Land-Use Change and Forestry,All GHG,MtCO2eq,-16.40,-16.42,-16.39,-16.41,-1.32,-1.32,-1.28,-1.27,-1.31,-2.57,-2.57,-2.57,-2.52,-2.34,-2.22,-2.24,-2.23,-2.23,-2.23,-2.24,-2.24,-2.24,-2.24,-2.19,-2.19
Vietnam,CAIT,Land-Use Change and Forestry,All GHG,MtCO2eq,-18.35,-17.67,-19.26,-19.52,-5.77,-7.02,-7.15,-5.97,-6.99,-16.87,-17.31,-17.70,-15.42,-18.19,-44.59,-44.56,-43.76,-45.12,-44.89,-44.75,-44.75,-44.75,-44.75,-44.75,-44.75
Norway,CAIT,Land-Use Change and Forestry,All GHG,MtCO2eq,-21.95,-21.95,-21.95,-21.95,-22.68,-22.68,-22.63,-22.68,-22.65,-21.21,-21.22,-21.22,-21.22,-21.22,-14.25,-14.24,-14.24,-14.24,-14.24,-14.24,-14.24,-14.24,-14.24,-14.24,-14.24
Poland,CAIT,Land-Use Change and Forestry,All GHG,MtCO2eq,-25.11,-25.11,-25.09,-25.11,-107.16,-107.23,-107.18,-107.23,-107.21,-24.36,-24.37,-24.33,-24.17,-24.36,-13.70,-13.70,-13.70,-13.70,-13.71,-13.70,-13.70,-13.70,-13.70,-13.70,-13.70
Kenya,CAIT,Land-Use Change and Forestry,All GHG,MtCO2eq,-31.24,-31.18,-30.03,-30.18,-30.52,-29.89,-29.56,-30.30,-29.56,-47.09,-46.40,-47.00,-47.20,-47.18,58.75,59.10,58.90,59.04,58.73,58.77,58.77,58.77,58.77,58.77,58.77
Spain,CAIT,Land-Use Change and Forestry,All GHG,MtCO2eq,-33.15,-33.09,-33.05,-33.03,-33.08,-33.17,-33.16,-33.14,-32.56,-46.52,-46.70,-46.75,-46.75,-46.73,-46.48,-46.65,-46.42,-46.41,-46.61,-46.62,-46.62,-46.62,-46.62,-46.62,-46.62
Italy,CAIT,Land-Use Change and Forestry,All GHG,MtCO2eq,-34.29,-34.28,-34.21,-34.28,-34.29,-34.28,-34.27,-34.11,-34.28,-35.01,-35.02,-34.96,-35.02,-34.99,-34.24,-34.25,-34.26,-34.26,-34.26,-34.26,-34.26,-34.26,-34.26,-34.26,-34.26
Germany,CAIT,Land-Use Change and Forestry,All GHG,MtCO2eq,-37.37,-37.37,-37.37,-37.37,-13.90,-13.90,-13.78,-13.90,-13.89,-18.30,-18.30,-18.30,-18.30,-18.30,-50.56,-50.56,-50.56,-50.56,-50.56,-50.56,-50.56,-50.56,-50.56,-50.56,-50.56
South Korea,CAIT,Land-Use Change and Forestry,All GHG,MtCO2eq,-39.59,-39.60,-39.60,-39.59,-48.40,-48.40,-48.39,-48.39,-48.39,-43.26,-43.25,-43.26,-43.27,-43.27,-34.44,-34.46,-34.46,-34.46,-34.46,-34.46,-34.46,-34.46,-34.46,-34.46,-34.46
United States,CAIT,Land-Use Change and Forestry,All GHG,MtCO2eq,-52.08,-66.57,-61.14,-49.39,-355.23,-331.69,-365.63,-252.02,-351.73,-334.99,-307.44,-354.52,-371.93,-375.81,-333.72,-310.47,-333.04,-341.75,-326.25,-316.60,-316.60,-316.60,-316.60,-316.60,-316.60
Philippines,CAIT,Land-Use Change and Forestry,All GHG,MtCO2eq,-60.30,-60.32,-60.35,-60.33,29.60,29.50,29.49,29.51,29.52,11.40,11.33,11.34,11.38,11.30,-2.58,-2.59,-2.45,-2.58,-2.59,-2.59,-2.59,-2.59,-2.59,-2.59,-2.59
Turkey,CAIT,Land-Use Change and Forestry,All GHG,MtCO2eq,-64.86,-64.86,-64.85,-64.87,-54.93,-54.93,-54.90,-54.89,-54.91,-29.90,-29.90,-29.90,-29.90,-29.90,-21.47,-21.46,-21.46,-21.47,-21.46,-21.46,-21.46,-21.46,-21.46,-21.46,-21.46
Australia,CAIT,Land-Use Change and Forestry,All GHG,MtCO2eq,-66.52,-65.30,-67.41,-67.86,0.32,2.77,0.43,4.34,10.54,44.74,44.86,56.86,48.80,48.64,0.28,5.40,3.55,5.15,2.61,1.32,1.32,1.32,1.32,1.32,1.32
France,CAIT,Land-Use Change and Forestry,All GHG,MtCO2eq,-78.84,-78.81,-78.82,-78.84,-53.16,-53.15,-53.16,-53.17,-53.16,-78.07,-78.09,-78.03,-78.10,-78.07,-23.80,-23.81,-23.81,-23.82,-23.82,-23.82,-23.82,-23.82,-23.82,-23.82,-23.82
Gabon,CAIT,Land-Use Change and Forestry,All GHG,MtCO2eq,-94.16,-93.98,-94.15,-94.09,0.41,0.40,0.54,0.45,0.44,0.45,0.43,0.43,0.41,0.42,0.43,0.44,0.44,0.44,0.46,0.45,0.45,0.45,0.45,0.45,0.45
Chile,CAIT,Land-Use Change and Forestry,All GHG,MtCO2eq,-104.94,-105.16,-104.99,-105.08,-7.40,-7.34,-7.37,-7.27,-7.48,-6.89,-6.98,-6.95,-6.95,-7.03,-12.54,-12.42,-12.44,-12.39,-12.50,-12.48,-12.48,-12.48,-12.48,-12.48,-12.48
Russia,CAIT,Land-Use Change and Forestry,All GHG,MtCO2eq,-107.69,-123.14,-28.05,-116.78,-120.84,-98.18,67.14,-141.49,-125.71,36.50,11.49,187.26,86.29,58.03,224.57,216.00,268.43,196.39,262.99,245.90,245.90,245.90,245.90,244.54,244.54
Malaysia,CAIT,Land-Use Change and Forestry,All GHG,MtCO2eq,-129.02,-139.91,-141.19,-140.53,-15.99,-10.85,-20.15,-18.50,-19.74,153.53,152.15,147.61,151.22,144.72,123.97,124.00,154.75,126.63,124.79,126.85,126.85,126.85,126.85,126.85,126.85
Romania,CAIT,Land-Use Change and Forestry,All GHG,MtCO2eq,-163.77,-163.62,-162.39,-162.58,-4.04,-4.07,-3.50,-2.77,-3.70,0.10,0.09,0.43,0.21,0.25,1.57,1.56,1.59,1.56,1.64,1.69,1.69,1.69,1.69,1.69,1.69
China,CAIT,Land-Use Change and Forestry,All GHG,MtCO2eq,-311.08,-312.08,-311.73,-311.90,-395.45,-394.44,-393.15,-395.14,-395.11,-339.34,-338.63,-335.50,-339.38,-338.21,-320.59,-320.85,-320.64,-320.92,-320.81,-320.97,-320.97,-320.97,-320.97,-320.97,-320.97
European Union (28),CAIT,Land-Use Change and Forestry,All GHG,MtCO2eq,-428.84,-428.69,-427.27,-427.28,-342.69,-343.17,-342.21,-340.91,-341.73,-326.83,-327.84,-326.85,-327.52,-327.53,-294.46,-294.74,-294.12,-294.55,-294.53,-294.58,-294.58,-294.59,-284.70,-294.46,-294.47
