Country Name,Country Code,Series Name,Series Code,2002 [YR2002],2003 [YR2003],2004 [YR2004],2005 [YR2005],2006 [YR2006],2007 [YR2007],2008 [YR2008],2009 [YR2009],2010 [YR2010],2011 [YR2011],2012 [YR2012],2013 [YR2013],2014 [YR2014],2015 [YR2015]
Afghanistan,AFG,Arable land (hectares),AG.LND.ARBL.HA,7678000,7772000,7816000,7805000,7794000,7794000,7794000,7793000,7793000,7791000,7790000,7785000,7771000,7765000
Afghanistan,AFG,Fertilizer consumption (kilograms per hectare of arable land),AG.CON.FERT.ZS,3.40336025,3.275090067,4.535568066,4.240358744,6.290993072,3.618809341,2.988067744,4.521493648,4.254972411,6.610062893,28.06564827,14.87932434,12.11645863,12.12582099
Albania,ALB,Arable land (hectares),AG.LND.ARBL.HA,578000,578000,578000,538000,584000,578000,610000,609000,626000,622000,619100,617100,615600,615100
Albania,ALB,Fertilizer consumption (kilograms per hectare of arable land),AG.CON.FERT.ZS,97.18512111,98.93252595,100.5986159,111.5966543,85.09246575,87.16782007,75.87704918,89.38587849,97.32268371,97.13665595,92.77176547,87.47690812,87.69005848,90.32437002
Algeria,DZA,Arable land (hectares),AG.LND.ARBL.HA,7547000,7503700,7493000,7511000,7470000,7469000,7489000,7493000,7502000,7502000,7506500,7496200,7469400,7462100
Algeria,DZA,Fertilizer consumption (kilograms per hectare of arable land),AG.CON.FERT.ZS,9.641579436,6.001172755,25.09515548,7.429902809,13.2626506,14.96157451,8.576712512,13.98665421,19.48147161,17.48507065,19.40016119,19.66367093,24.63745013,23.36849814
American Samoa,ASM,Arable land (hectares),AG.LND.ARBL.HA,2500,3340,3300,3300,3300,3000,2960,3000,3000,3000,3000,3000,3000,3000
American Samoa,ASM,Fertilizer consumption (kilograms per hectare of arable land),AG.CON.FERT.ZS,,..,..,..,..,..,..,..,..,..,..,..,..,..
Andorra,AND,Arable land (hectares),AG.LND.ARBL.HA,850,860,810,800,780,770,760,770,770,770,760,810,810,810
Andorra,AND,Fertilizer consumption (kilograms per hectare of arable land),AG.CON.FERT.ZS,..,..,..,..,..,..,..,..,..,..,..,..,..,..
Angola,AGO,Arable land (hectares),AG.LND.ARBL.HA,3100000,3300000,3300000,3300000,3300000,3400000,3400000,4000000,4100000,4700000,4700000,4900000,4900000,4900000
Angola,AGO,Fertilizer consumption (kilograms per hectare of arable land),AG.CON.FERT.ZS,1.659032258,1.788787879,4.501515152,2.260606061,3.66,3.305,8.258823529,5.47225,8.43,11.98382979,8.876048936,9.263957143,9.271632653,8.052614286
Antigua and Barbuda,ATG,Arable land (hectares),AG.LND.ARBL.HA,4000,4000,4000,4000,4000,4000,4000,4000,4000,4000,4000,4000,4000,4000
Antigua and Barbuda,ATG,Fertilizer consumption (kilograms per hectare of arable land),AG.CON.FERT.ZS,13,27.25,7.5,6,4.5,0.5,3.5,13.25,3,3.25,9.8475,12.53,7.95,5.475
Arab World,ARB,Arable land (hectares),AG.LND.ARBL.HA,..,..,..,..,..,..,..,..,..,..,..,..,..,..
Arab World,ARB,Fertilizer consumption (kilograms per hectare of arable land),AG.CON.FERT.ZS,62.50111379,69.81697801,64.08598314,68.81264283,59.43072533,61.65731298,64.87866919,56.93664887,62.09016682,71.54263716,63.72655349,66.53519078,68.06866777,71.17124202
Argentina,ARG,Arable land (hectares),AG.LND.ARBL.HA,27862000,28683500,30775000,32897500,34854000,36433000,35261000,34292000,37981000,38781000,39754000,39699000,39200000,39200000
Argentina,ARG,Fertilizer consumption (kilograms per hectare of arable land),AG.CON.FERT.ZS,30.2339387,41.84670629,45.30911454,36.40231021,41.41125839,49.25671781,35.21496838,22.98477779,39.18080093,41.71741317,34.52643759,35.97135948,35.48790816,27.64027372
Armenia,ARM,Arable land (hectares),AG.LND.ARBL.HA,455000,455000,455000,455000,452900,452100,450400,449400,448500,449200,448400,448200,447500,446700
Armenia,ARM,Fertilizer consumption (kilograms per hectare of arable land),AG.CON.FERT.ZS,34.52307692,22.9978022,31.65054945,22.69230769,27.8449989,15.33289095,18.15053286,29.66622163,24.20289855,27.36865539,41.58458965,46.68966979,43.78565363,52.95448847
Aruba,ABW,Arable land (hectares),AG.LND.ARBL.HA,2000,2000,2000,2000,2000,2000,2000,2000,2000,2000,2000,2000,2000,2000
Aruba,ABW,Fertilizer consumption (kilograms per hectare of arable land),AG.CON.FERT.ZS,..,..,..,..,..,..,..,..,..,..,..,..,..,..
Australia,AUS,Arable land (hectares),AG.LND.ARBL.HA,47799000,47040000,47743000,49402000,47715000,44140000,43979000,45616000,42568000,47678000,47113000,46219000,46957000,46126000
Australia,AUS,Fertilizer consumption (kilograms per hectare of arable land),AG.CON.FERT.ZS,47.57003285,46.20960884,50.93940473,44.85445933,43.46012784,46.81468056,42.60442484,36.25043844,46.31648186,45.27874491,46.61972279,49.20000433,54.18585088,53.56256775
Austria,AUT,Arable land (hectares),AG.LND.ARBL.HA,1385000,1380030,1379300,1380700,1377200,1376000,1369000,1366600,1363800,1359600,1355100,1353900,1351700,1346100
Austria,AUT,Fertilizer consumption (kilograms per hectare of arable land),AG.CON.FERT.ZS,234.0238267,297.138468,131.3427101,135.7159412,130.6992448,110.2667151,110.0452885,83.40626372,108.4873149,103.3892321,125.4519962,135.6104587,144.5557446,139.5223238
Azerbaijan,AZE,Arable land (hectares),AG.LND.ARBL.HA,1837300,1838500,1840700,1843200,1841300,1854000,1860200,1874000,1884100,1885700,1896800,1925300,1926500,1937700
Azerbaijan,AZE,Fertilizer consumption (kilograms per hectare of arable land),AG.CON.FERT.ZS,10.43378871,7.642099538,11.9747922,13.36046007,13.33894531,10.63754045,20.9375336,13.41141942,9.954885622,15.57458769,19.07650253,19.9624526,31.75203737,24.24627135
"Bahamas, The",BHS,Arable land (hectares),AG.LND.ARBL.HA,7000,7000,7000,7000,7000,7000,7000,9000,9000,8000,8000,8000,8000,8000
"Bahamas, The",BHS,Fertilizer consumption (kilograms per hectare of arable land),AG.CON.FERT.ZS,..,..,..,..,..,..,..,..,..,..,155.0975,134.5525,152.59125,189.88
Bahrain,BHR,Arable land (hectares),AG.LND.ARBL.HA,2000,1700,1500,1500,1450,1400,1200,1360,1600,1600,1600,1600,1600,1600
Bahrain,BHR,Fertilizer consumption (kilograms per hectare of arable land),AG.CON.FERT.ZS,8964.5,103.5294118,0,2906.666667,9436.551724,798.5714286,1993.333333,947.7941176,1721.25,1178.125,1553.125,1606.25,1318.75,1318.75
Bangladesh,BGD,Arable land (hectares),AG.LND.ARBL.HA,8253000,8228000,8143000,7911000,7880000,7816000,7803000,7796000,7791000,7678000,7670000,7678000,7669000,7764210
Bangladesh,BGD,Fertilizer consumption (kilograms per hectare of arable land),AG.CON.FERT.ZS,188.6391615,160.2668935,170.6713742,197.7487043,193.1901015,184.4110798,200.0640779,188.8528733,212.9639327,255.764522,260.4432855,254.6001563,279.2202373,297.7353781
Barbados,BRB,Arable land (hectares),AG.LND.ARBL.HA,14000,14000,13000,13000,13000,13000,13000,13000,12000,11000,11000,11000,11000,11000
Barbados,BRB,Fertilizer consumption (kilograms per hectare of arable land),AG.CON.FERT.ZS,45.85714286,79.71428571,214.2307692,109.0769231,139,133.6153846,135.1538462,77,135.0833333,96.27272727,181.3836364,115.3545455,65.46363636,89.65636364
Belarus,BLR,Arable land (hectares),AG.LND.ARBL.HA,5616000,5569000,5548000,5542000,5540000,5519000,5516000,5544000,5535000,5529000,5522000,5574400,5670000,5685000
Belarus,BLR,Fertilizer consumption (kilograms per hectare of arable land),AG.CON.FERT.ZS,135.9864672,135.6257856,146.9178082,167.7011909,231.967509,218.3547744,237.4184191,281.1147186,270.4607046,303.8885874,271.386092,255.6669776,214.9246914,193.9270009
Belgium,BEL,Arable land (hectares),AG.LND.ARBL.HA,832000,835000,840000,843000,842000,839000,844000,840000,834000,825000,803000,816000,817000,829500
Belgium,BEL,Fertilizer consumption (kilograms per hectare of arable land),AG.CON.FERT.ZS,327.8918269,313.8371257,339.8559524,329.143535,316.4524941,316.3933254,328.9123223,246.25,279.1702638,286.1963636,294.0373599,286.6139706,287.1566707,283.9059675
Belize,BLZ,Arable land (hectares),AG.LND.ARBL.HA,70000,70000,70000,70000,70000,70000,70000,73000,75000,75000,78000,78000,78000,78000
Belize,BLZ,Fertilizer consumption (kilograms per hectare of arable land),AG.CON.FERT.ZS,367.7285714,382.3714286,78.65714286,81,89.25714286,60.87142857,49.75714286,121.4383562,58.01333333,234.7066667,140.0705128,176.499359,170.5779487,431.6491026
Benin,BEN,Arable land (hectares),AG.LND.ARBL.HA,2550000,2650000,2750000,2700000,2500000,2500000,2600000,2450000,2540000,2580000,2700000,2700000,2700000,2700000
Benin,BEN,Fertilizer consumption (kilograms per hectare of arable land),AG.CON.FERT.ZS,16.36666667,0.802264151,0.052727273,0.454074074,0.0132,0.2456,0.308076923,6.67755102,8.99015748,4.302325581,9.909292593,5.002277778,15.53546296,11.29034444
Bermuda,BMU,Arable land (hectares),AG.LND.ARBL.HA,400,400,400,400,400,400,300,300,300,300,300,300,300,300
Bermuda,BMU,Fertilizer consumption (kilograms per hectare of arable land),AG.CON.FERT.ZS,..,..,..,..,..,..,..,..,..,..,..,..,..,..
Bhutan,BTN,Arable land (hectares),AG.LND.ARBL.HA,111000,111000,158000,167000,151300,136300,100000,100000,100600,100200,100200,100200,100200,100200
Bhutan,BTN,Fertilizer consumption (kilograms per hectare of arable land),AG.CON.FERT.ZS,9.756756757,9.891891892,7.398734177,7.556886228,7.620621282,9.009537784,11.66,23.96,10.03976143,13.05389222,10.68802395,15.18263473,15.15469062,15.15469062
Bolivia,BOL,Arable land (hectares),AG.LND.ARBL.HA,3300000,3514000,3579000,3806000,3905000,4171000,4266000,4454000,4297000,4338000,4367000,4396000,4472500,4472500
Bolivia,BOL,Fertilizer consumption (kilograms per hectare of arable land),AG.CON.FERT.ZS,4.042727273,3.675583381,5.064263761,6.472937467,3.963636364,5.88731719,4.708860759,5.155365963,7.255527112,8.017058552,8.052715823,9.962859418,8.99183678,9.066752376
Bosnia and Herzegovina,BIH,Arable land (hectares),AG.LND.ARBL.HA,997000,1017000,1028000,1025000,1027000,1022000,1008000,997000,1004000,1005000,1003000,1010000,1011000,1029000
Bosnia and Herzegovina,BIH,Fertilizer consumption (kilograms per hectare of arable land),AG.CON.FERT.ZS,32.69809428,17.65683382,58.442607,24.63707317,15.48393379,21.30039139,11.87103175,72.71213641,81.52988048,103.3781095,120.7439781,101.5346931,119.4406429,128.0375996
Botswana,BWA,Arable land (hectares),AG.LND.ARBL.HA,245000,195000,226000,240000,201000,182000,279000,316000,259000,324000,285000,277000,399000,399000
Botswana,BWA,Fertilizer consumption (kilograms per hectare of arable land),AG.CON.FERT.ZS,..,..,..,..,..,..,..,48.60443038,83.12741313,29.67901235,54.83508772,81.3898917,58.27819549,58.59649123
Brazil,BRA,Arable land (hectares),AG.LND.ARBL.HA,61504000,64634000,68327000,69157000,69538000,68388000,70250000,70440000,70363000,72273000,72607000,76008100,80017000,80017000
Brazil,BRA,Fertilizer consumption (kilograms per hectare of arable land),AG.CON.FERT.ZS,120.8408396,152.3052418,150.9459511,120.1003514,124.0318675,165.1697374,141.838605,118.2567433,156.1898725,183.014805,177.579044,175.6601467,175.1958959,163.665921
British Virgin Islands,VGB,Arable land (hectares),AG.LND.ARBL.HA,1000,1000,1000,1000,1000,1000,1000,1000,1000,1000,1000,1000,1000,1000
British Virgin Islands,VGB,Fertilizer consumption (kilograms per hectare of arable land),AG.CON.FERT.ZS,..,..,..,..,..,..,..,..,..,..,..,..,..,..
Brunei Darussalam,BRN,Arable land (hectares),AG.LND.ARBL.HA,2000,2000,2000,2000,2000,3000,3000,4000,4000,4000,4000,5000,5000,5000
Brunei Darussalam,BRN,Fertilizer consumption (kilograms per hectare of arable land),AG.CON.FERT.ZS,336,102,151.5,308.5,66,377,112.6666667,103,431.75,117.5,113.5,44.6,141.8,141.8
Bulgaria,BGR,Arable land (hectares),AG.LND.ARBL.HA,3355000,3323000,3313000,3173000,3132000,3085000,3088000,3146000,3186000,3250000,3317000,3479000,3486000,3509700
Bulgaria,BGR,Fertilizer consumption (kilograms per hectare of arable land),AG.CON.FERT.ZS,113.7684054,147.327415,80.85179596,74.23195714,73.93997446,102.0094003,111.2428756,104.600445,97.05335844,133.0824615,95.86976183,109.1382581,108.8032129,112.0155569
Burkina Faso,BFA,Arable land (hectares),AG.LND.ARBL.HA,4700000,5100000,4600000,4900000,4700000,4900000,6000000,5700000,6000000,5700000,6000000,6200000,6000000,6000000
Burkina Faso,BFA,Fertilizer consumption (kilograms per hectare of arable land),AG.CON.FERT.ZS,0.427659574,10.39137255,12.54065217,15.24367347,13.40425532,10.10102041,9.5345,9.451929825,9.4285,10.70245614,13.56697167,15.46079677,15.88075667,16.288695
Burundi,BDI,Arable land (hectares),AG.LND.ARBL.HA,986000,990000,985000,956000,900000,850000,900000,950000,950000,1000000,1100000,1200000,1200000,1200000
Burundi,BDI,Fertilizer consumption (kilograms per hectare of arable land),AG.CON.FERT.ZS,1.343813387,0.304040404,1.111675127,3.546025105,3.343333333,2.018823529,2.171111111,1.861052632,3.627368421,5.635,5.7956,7.104041667,10.81514167,8.33625
Cabo Verde,CPV,Arable land (hectares),AG.LND.ARBL.HA,47000,47000,48000,48000,48000,48000,50000,50000,50000,50000,55000,55000,50000,50000
Cabo Verde,CPV,Fertilizer consumption (kilograms per hectare of arable land),AG.CON.FERT.ZS,..,..,..,..,..,..,..,..,..,..,..,..,..,..
Cambodia,KHM,Arable land (hectares),AG.LND.ARBL.HA,3700000,3700000,3700000,3700000,3700000,3700000,3700000,3700000,3800000,3800000,3800000,3800000,3800000,3800000
Cambodia,KHM,Fertilizer consumption (kilograms per hectare of arable land),AG.CON.FERT.ZS,5.825675676,3.857837838,5.365945946,8.105135135,8.002702703,8.99027027,7.641351351,10.09567568,12.11789474,16.28421053,24.08851053,19.08442632,21.26415526,25.77449737
Cameroon,CMR,Arable land (hectares),AG.LND.ARBL.HA,5960000,5960000,5960000,5963000,5963000,5963000,5963000,5963000,6200000,6200000,6200000,6200000,6200000,6200000
Cameroon,CMR,Fertilizer consumption (kilograms per hectare of arable land),AG.CON.FERT.ZS,9.768624161,8.155201342,11.06275168,7.998993795,9.032198558,8.622840852,6.557437531,7.002850914,9.239032258,11.03596774,10.33573387,10.05833871,9.621035484,13.63044839
Canada,CAN,Arable land (hectares),AG.LND.ARBL.HA,45726000,45573000,45419000,45266000,45112000,44683000,44254000,43826000,43397000,42968000,43127600,43287200,43446800,43606400
Canada,CAN,Fertilizer consumption (kilograms per hectare of arable land),AG.CON.FERT.ZS,57.63016664,58.92761065,54.63277483,61.82127866,46.99494591,68.60414475,63.96407104,62.20875736,69.17558817,84.07826755,94.15243394,84.2281321,89.4197041,91.61499229
Caribbean small states,CSS,Arable land (hectares),AG.LND.ARBL.HA,..,..,..,..,..,..,..,..,..,..,..,..,..,..
Caribbean small states,CSS,Fertilizer consumption (kilograms per hectare of arable land),AG.CON.FERT.ZS,109.690571,84.88571429,73.20762155,57.86871318,87.92166913,48.0933721,114.6178747,58.02754821,81.27398206,75.46217331,83.39711749,93.689,94.27528859,113.9667248
Cayman Islands,CYM,Arable land (hectares),AG.LND.ARBL.HA,200,200,200,200,200,200,200,200,200,200,200,200,200,200
Cayman Islands,CYM,Fertilizer consumption (kilograms per hectare of arable land),AG.CON.FERT.ZS,..,..,..,..,..,..,..,..,..,..,..,..,..,..
Central African Republic,CAF,Arable land (hectares),AG.LND.ARBL.HA,1930000,1910000,1930000,1930000,1930000,1930000,1930000,1950000,1800000,1800000,1800000,1800000,1800000,1800000
Central African Republic,CAF,Fertilizer consumption (kilograms per hectare of arable land),AG.CON.FERT.ZS,..,..,..,..,..,..,..,..,..,0.417777778,0.281838889,0.281111111,0.281111111,0.340972222
Central Europe and the Baltics,CEB,Arable land (hectares),AG.LND.ARBL.HA,..,..,..,..,..,..,..,..,..,..,..,..,..,..
Central Europe and the Baltics,CEB,Fertilizer consumption (kilograms per hectare of arable land),AG.CON.FERT.ZS,91.30267906,102.4526747,100.5654141,106.6059681,108.3578432,120.1232188,112.6179625,96.5654751,113.3360107,115.1908884,116.0327073,120.3687515,115.5273342,125.3933627
Chad,TCD,Arable land (hectares),AG.LND.ARBL.HA,3700000,3800000,3800000,4500000,4450000,4300000,4300000,4300000,4500000,4900000,4900000,4900000,4900000,4900000
Chad,TCD,Fertilizer consumption (kilograms per hectare of arable land),AG.CON.FERT.ZS,..,..,..,..,..,..,..,..,..,..,..,..,..,..
Channel Islands,CHI,Arable land (hectares),AG.LND.ARBL.HA,3600,3600,3700,3800,3600,3400,3700,4100,4300,4400,4300,4170,4130,3900
Channel Islands,CHI,Fertilizer consumption (kilograms per hectare of arable land),AG.CON.FERT.ZS,..,..,..,..,..,..,..,..,..,..,..,..,..,..
Chile,CHL,Arable land (hectares),AG.LND.ARBL.HA,1650000,1500000,1500000,1450000,1350000,1262000,1312000,1310000,1271000,1317000,1283000,1309000,1289200,1313000
Chile,CHL,Fertilizer consumption (kilograms per hectare of arable land),AG.CON.FERT.ZS,307.7733333,330.1426667,491.3526667,434.7613793,475.8140741,534.1006339,687.2400915,612.4167939,373.2486231,492.5611238,339.4029618,347.5821238,358.2291343,415.7837014
China,CHN,Arable land (hectares),AG.LND.ARBL.HA,114500000,111700000,111600000,112250000,108700000,108485000,108116000,107720000,107220000,106520000,105920000,105720000,105700000,119000000
China,CHN,Fertilizer consumption (kilograms per hectare of arable land),AG.CON.FERT.ZS,377.4581659,393.9572068,413.7240143,423.4091759,452.0460902,469.352445,482.8807947,498.8500743,515.4089722,533.4067781,550.9979229,558.9954596,567.2563861,506.1092436
Colombia,COL,Arable land (hectares),AG.LND.ARBL.HA,2211000,2264000,2238000,2026000,1904600,1998000,1830000,1775000,1763000,1586000,1578000,1682000,1728200,1688600
Colombia,COL,Fertilizer consumption (kilograms per hectare of arable land),AG.CON.FERT.ZS,309.0022614,324.809629,320.9629133,445.1332675,571.2496062,544.2912913,486.731694,497.268169,585.1917187,745.2969735,805.791128,559.8100595,613.6920032,670.4133779
Comoros,COM,Arable land (hectares),AG.LND.ARBL.HA,65000,65000,65000,65000,65000,65000,65000,65000,65000,65000,65000,65000,65000,65000
Comoros,COM,Fertilizer consumption (kilograms per hectare of arable land),AG.CON.FERT.ZS,..,..,..,..,..,..,..,..,..,..,..,..,..,..
"Congo, Dem. Rep.",COD,Arable land (hectares),AG.LND.ARBL.HA,6700000,6700000,6700000,6700000,6700000,6700000,6750000,6790000,6800000,7000000,7100000,7100000,7100000,7100000
"Congo, Dem. Rep.",COD,Fertilizer consumption (kilograms per hectare of arable land),AG.CON.FERT.ZS,..,0.275223881,0.208208955,0.067761194,0.454925373,0.634776119,0.940296296,0.797201767,1.104117647,1.010428571,0.737446479,1.424905634,2.850071831,2.951738028
"Congo, Rep.",COG,Arable land (hectares),AG.LND.ARBL.HA,490000,490000,490000,490000,490000,490000,490000,500000,510000,530000,530000,550000,550000,550000
"Congo, Rep.",COG,Fertilizer consumption (kilograms per hectare of arable land),AG.CON.FERT.ZS,..,..,2.651020408,0.065306122,0.053061224,0.359183673,0.746938776,4.578,0.541176471,1.31509434,2.247981132,3.107854545,2.633527273,3.125454545
Costa Rica,CRI,Arable land (hectares),AG.LND.ARBL.HA,200000,210000,210000,210000,210000,200000,200000,220000,225000,232000,232000,232000,232100,232000
Costa Rica,CRI,Fertilizer consumption (kilograms per hectare of arable land),AG.CON.FERT.ZS,537.01,847.2904762,726.6952381,980.8761905,826.7047619,790.195,707.48,753.2363636,544.9911111,712.5431034,635.3276724,589.8420259,566.2835416,683.1634483
Cote d'Ivoire,CIV,Arable land (hectares),AG.LND.ARBL.HA,2800000,2800000,2800000,2800000,2800000,2900000,2900000,2900000,2900000,2900000,2900000,2900000,2900000,2900000
Cote d'Ivoire,CIV,Fertilizer consumption (kilograms per hectare of arable land),AG.CON.FERT.ZS,31.01892857,29.34535714,27.21892857,17.78035714,22.7725,23.99,18.21172414,15.30758621,32.08586207,19.40275862,26.91839655,37.19447586,41.99215862,50.23985172
Croatia,HRV,Arable land (hectares),AG.LND.ARBL.HA,858000,864000,847000,873000,881000,852000,860700,868300,904400,896700,906400,876400,813200,844100
Croatia,HRV,Fertilizer consumption (kilograms per hectare of arable land),AG.CON.FERT.ZS,256.988345,292.8020833,312.5844156,294.5085911,380.7877412,410.0633803,495.2283025,164.6792583,297.3098187,311.0114866,191.3879082,160.798722,192.0769798,181.7000355
Cuba,CUB,Arable land (hectares),AG.LND.ARBL.HA,3798000,3752000,3706000,3672000,3634000,3573000,3508600,3446000,3384000,3321200,3134900,3156400,3088000,3013700
Cuba,CUB,Fertilizer consumption (kilograms per hectare of arable land),AG.CON.FERT.ZS,38.104792,16.50266525,18.53022126,22.38017429,32.11942763,35.69913238,43.57806533,17.60330818,29.89332151,42.02155847,46.94276372,49.49702826,66.38619495,58.97863092
Curacao,CUW,Arable land (hectares),AG.LND.ARBL.HA,..,..,..,..,..,..,..,..,..,..,..,..,..,..
Curacao,CUW,Fertilizer consumption (kilograms per hectare of arable land),AG.CON.FERT.ZS,..,..,..,..,..,..,..,..,..,..,..,..,..,..
Cyprus,CYP,Arable land (hectares),AG.LND.ARBL.HA,100000,112000,113000,123000,115000,109800,82400,86900,82600,84000,85800,79400,79800,98900
Cyprus,CYP,Fertilizer consumption (kilograms per hectare of arable land),AG.CON.FERT.ZS,159.65,158.2321429,131.4070796,108.9756098,109.026087,109.8360656,112.0145631,181.4499425,202.7723971,151.202381,196.5268065,184.6221662,158.9473684,157.1669363
Czech Republic,CZE,Arable land (hectares),AG.LND.ARBL.HA,3229000,3223000,3216000,3209000,3202000,3195000,3188000,3180000,3171000,3164000,3157000,3149000,3143000,3136000
Czech Republic,CZE,Fertilizer consumption (kilograms per hectare of arable land),AG.CON.FERT.ZS,81.67915763,91.57430965,87.00808458,89.55500156,94.27357901,100.1696401,87.26411543,88.51698113,95.84578997,100.5764855,127.6651885,128.2530962,128.8113268,152.698023
Denmark,DNK,Arable land (hectares),AG.LND.ARBL.HA,2276000,2266000,2269000,2332000,2347000,2306000,2402000,2431000,2421000,2499000,2418000,2407600,2432000,2351000
Denmark,DNK,Fertilizer consumption (kilograms per hectare of arable land),AG.CON.FERT.ZS,97.55843585,136.4002648,144.7844866,137.1170669,138.5811674,142.4119688,147.6761032,102.9181407,113.7121024,112.8487395,107.1133168,116.2601761,123.5657895,132.4866014
Djibouti,DJI,Arable land (hectares),AG.LND.ARBL.HA,1000,1000,1000,1000,1300,1500,1200,1300,1600,2000,2000,2000,2000,2000
Djibouti,DJI,Fertilizer consumption (kilograms per hectare of arable land),AG.CON.FERT.ZS,..,..,..,..,..,..,..,..,..,..,..,..,..,..
Dominica,DMA,Arable land (hectares),AG.LND.ARBL.HA,5000,5000,5000,5000,5000,5000,5000,6000,6000,6000,6000,6000,6000,6000
Dominica,DMA,Fertilizer consumption (kilograms per hectare of arable land),AG.CON.FERT.ZS,86.6,148.2,198.6,207.8,134.2,276,44.6,58.16666667,52.16666667,150.1666667,84.825,122.6133333,100.95,149.0266667
Dominican Republic,DOM,Arable land (hectares),AG.LND.ARBL.HA,898000,820000,820000,820000,820000,820000,800000,800000,800000,800000,800000,800000,800000,800000
Dominican Republic,DOM,Fertilizer consumption (kilograms per hectare of arable land),AG.CON.FERT.ZS,73.39309577,52.24268293,59.17317073,58.2402439,80.46707317,94.75731707,80.39875,80.56,107.00625,94.15625,74.46375,79.7825,88.16875,103.0023375
Early-demographic dividend,EAR,Arable land (hectares),AG.LND.ARBL.HA,..,..,..,..,..,..,..,..,..,..,..,..,..,..
Early-demographic dividend,EAR,Fertilizer consumption (kilograms per hectare of arable land),AG.CON.FERT.ZS,84.37498499,89.412146,95.84975298,100.4164468,105.1071892,108.9080784,109.5142911,115.3671491,122.1714076,124.4121647,122.1108751,122.4759041,127.3874764,128.2881642
East Asia & Pacific,EAS,Arable land (hectares),AG.LND.ARBL.HA,..,..,..,..,..,..,..,..,..,..,..,..,..,..
East Asia & Pacific,EAS,Fertilizer consumption (kilograms per hectare of arable land),AG.CON.FERT.ZS,246.1488782,258.3475183,268.3237929,269.5404826,282.7544905,301.1666739,301.123829,302.5488917,319.3603854,321.4824544,334.5285532,343.5377395,347.8051247,327.9483654
East Asia & Pacific (excluding high income),EAP,Arable land (hectares),AG.LND.ARBL.HA,..,..,..,..,..,..,..,..,..,..,..,..,..,..
East Asia & Pacific (excluding high income),EAP,Fertilizer consumption (kilograms per hectare of arable land),AG.CON.FERT.ZS,..,..,..,..,..,..,..,..,..,..,..,..,..,..
East Asia & Pacific (IDA & IBRD countries),TEA,Arable land (hectares),AG.LND.ARBL.HA,..,..,..,..,..,..,..,..,..,..,..,..,..,..
East Asia & Pacific (IDA & IBRD countries),TEA,Fertilizer consumption (kilograms per hectare of arable land),AG.CON.FERT.ZS,289.8164583,304.4950492,316.6184083,319.1561107,..,..,..,..,..,..,407.8083223,418.8296244,424.0730148,391.5638938
Ecuador,ECU,Arable land (hectares),AG.LND.ARBL.HA,1360000,1299000,1277000,1296000,1233000,1195000,1236000,1199400,1186400,1155700,1147900,1194000,1017700,1067400
Ecuador,ECU,Fertilizer consumption (kilograms per hectare of arable land),AG.CON.FERT.ZS,167.6220588,156.8221709,217.5293657,150.8294753,207.7899432,199.1062762,214.1197411,187.2786393,252.070971,275.355196,254.7435404,236.1709883,369.8507419,313.6256886
"Egypt, Arab Rep.",EGY,Arable land (hectares),AG.LND.ARBL.HA,2936000,2906000,2965000,2563000,2605000,2564000,2642000,2884000,2873000,2808000,2829000,2738000,2670000,2895860
"Egypt, Arab Rep.",EGY,Fertilizer consumption (kilograms per hectare of arable land),AG.CON.FERT.ZS,432.5326975,627.7505162,557.5939292,672.8833398,492.1232246,521.7874415,696.5931113,502.8252427,602.9864253,602.8668091,573.0697207,666.7585829,724.2359551,645.4574807
El Salvador,SLV,Arable land (hectares),AG.LND.ARBL.HA,690000,681000,694000,702000,604000,630000,683000,678000,673000,691000,720000,730000,750000,750000
El Salvador,SLV,Fertilizer consumption (kilograms per hectare of arable land),AG.CON.FERT.ZS,71.64057971,78.18649046,86.69740634,130.6011396,108.7731788,152.6095238,127.8989751,117.3215339,179.3551263,186.7843705,141.7094306,140.8837808,125.5768267,134.8597333
Equatorial Guinea,GNQ,Arable land (hectares),AG.LND.ARBL.HA,130000,130000,130000,130000,130000,130000,130000,120000,120000,120000,120000,120000,120000,120000
Equatorial Guinea,GNQ,Fertilizer consumption (kilograms per hectare of arable land),AG.CON.FERT.ZS,..,..,..,..,..,..,..,..,..,..,..,..,..,..
Eritrea,ERI,Arable land (hectares),AG.LND.ARBL.HA,562000,597000,598000,620000,670000,670000,670000,690000,690000,690000,690000,690000,690000,690000
Eritrea,ERI,Fertilizer consumption (kilograms per hectare of arable land),AG.CON.FERT.ZS,6.236654804,1.628140704,0.005016722,2.316129032,0.01641791,3.489552239,..,2.782608696,0.417391304,0.82173913,0.983608696,1.193173913,1.456710145,2.216304348
Estonia,EST,Arable land (hectares),AG.LND.ARBL.HA,613600,545000,519300,591800,559100,599300,597800,596400,645000,632400,620500,632100,648100,669700
Estonia,EST,Fertilizer consumption (kilograms per hectare of arable land),AG.CON.FERT.ZS,44.01401565,71.64954128,84.3096476,60.95133491,75.65372921,75.87185049,100.3629977,69.41314554,68.38914729,71.51802657,81.07010475,83.12450562,86.11788304,117.1061669
Ethiopia,ETH,Arable land (hectares),AG.LND.ARBL.HA,9853000,10928000,12364000,12823000,13396000,14038000,13606000,13948000,14565000,15193200,15346000,15119000,15119000,15119000
Ethiopia,ETH,Fertilizer consumption (kilograms per hectare of arable land),AG.CON.FERT.ZS,17.01248351,5.702324305,10.30928502,10.90251891,11.13100926,16.03989172,17.20020579,17.66231718,21.84709921,20.81905063,30.58634889,18.68426549,26.15962035,18.46694557
Euro area,EMU,Arable land (hectares),AG.LND.ARBL.HA,..,..,..,..,..,..,..,..,..,..,..,..,..,..
Euro area,EMU,Fertilizer consumption (kilograms per hectare of arable land),AG.CON.FERT.ZS,197.1271819,203.7634005,196.308806,179.3853897,174.5193983,186.9710044,143.9685112,128.8163039,156.0045426,147.6470965,155.1040539,164.5849452,169.3417237,167.1340494
Europe & Central Asia,ECS,Arable land (hectares),AG.LND.ARBL.HA,..,..,..,..,..,..,..,..,..,..,..,..,..,..
Europe & Central Asia,ECS,Fertilizer consumption (kilograms per hectare of arable land),AG.CON.FERT.ZS,71.15486573,73.44192775,72.12669427,70.03095436,72.69467647,77.53161248,67.51236974,65.79110483,73.03658677,72.59283815,74.59614373,77.41943951,76.93122551,77.15922027
Europe & Central Asia (excluding high income),ECA,Arable land (hectares),AG.LND.ARBL.HA,..,..,..,..,..,..,..,..,..,..,..,..,..,..
Europe & Central Asia (excluding high income),ECA,Fertilizer consumption (kilograms per hectare of arable land),AG.CON.FERT.ZS,24.77513192,25.18286308,25.6272222,26.66474664,33.09241281,35.27945517,35.39311667,38.37238065,38.87913977,41.09017695,41.07533271,42.24690478,41.07813657,41.02479227
Europe & Central Asia (IDA & IBRD countries),TEC,Arable land (hectares),AG.LND.ARBL.HA,..,..,..,..,..,..,..,..,..,..,..,..,..,..
Europe & Central Asia (IDA & IBRD countries),TEC,Fertilizer consumption (kilograms per hectare of arable land),AG.CON.FERT.ZS,29.55332938,30.47050725,30.91207904,33.34122382,39.28128577,42.16879264,41.28027028,43.62081721,45.08832855,46.85403419,47.11711597,48.16687916,46.42688209,46.8551434
European Union,EUU,Arable land (hectares),AG.LND.ARBL.HA,..,..,..,..,..,..,..,..,..,..,..,..,..,..
European Union,EUU,Fertilizer consumption (kilograms per hectare of arable land),AG.CON.FERT.ZS,166.6097845,174.3766475,168.0101608,160.1795772,156.8278606,168.9981178,138.3825399,124.6654794,147.0321974,142.2607747,145.9227655,153.9863276,155.2510985,157.194117
Faroe Islands,FRO,Arable land (hectares),AG.LND.ARBL.HA,3000,3000,3000,3000,3000,3000,3000,3000,3000,3000,3000,3000,3000,3000
Faroe Islands,FRO,Fertilizer consumption (kilograms per hectare of arable land),AG.CON.FERT.ZS,..,..,..,..,..,..,..,..,..,..,..,..,..,..
Fiji,FJI,Arable land (hectares),AG.LND.ARBL.HA,170000,170000,170000,170000,170000,169000,169000,167600,165000,165000,165000,165000,165000,165000
Fiji,FJI,Fertilizer consumption (kilograms per hectare of arable land),AG.CON.FERT.ZS,71.48235294,19.25294118,45.28823529,39.17647059,25.12352941,23.9408284,41.12426036,21.80787589,16.35151515,35.48484848,28.92824242,33.92957576,35.40836364,53.34169697
Finland,FIN,Arable land (hectares),AG.LND.ARBL.HA,2205100,2213800,2220700,2236500,2260500,2256700,2259100,2258300,2254800,2250500,2249100,2224100,2230800,2242300
Finland,FIN,Fertilizer consumption (kilograms per hectare of arable land),AG.CON.FERT.ZS,136.1425786,118.3860331,132.7455307,134.2173038,134.4954656,123.5029025,130.5807623,107.9838817,124.079741,80.23194846,80.28189053,80.85607662,85.88443608,82.87651073
Fragile and conflict affected situations,FCS,Arable land (hectares),AG.LND.ARBL.HA,..,..,..,..,..,..,..,..,..,..,..,..,..,..
Fragile and conflict affected situations,FCS,Fertilizer consumption (kilograms per hectare of arable land),AG.CON.FERT.ZS,..,..,..,..,..,..,..,..,..,..,..,..,..,..
France,FRA,Arable land (hectares),AG.LND.ARBL.HA,18371500,18354800,18368000,18377600,18339000,18286200,18268700,18256200,18300700,18274400,18281700,18305700,18333100,18478700
France,FRA,Fertilizer consumption (kilograms per hectare of arable land),AG.CON.FERT.ZS,211.2837819,223.3639157,212.1080139,192.4625631,190.3825727,209.3381895,152.4465342,120.563425,150.5379576,141.2993039,160.7863054,172.2407775,171.7757499,168.7320537
French Polynesia,PYF,Arable land (hectares),AG.LND.ARBL.HA,3000,3000,3000,3000,3000,3000,3000,2500,2500,2500,2500,2500,2500,2500
French Polynesia,PYF,Fertilizer consumption (kilograms per hectare of arable land),AG.CON.FERT.ZS,333.6666667,285,319,251.3333333,262,279.6666667,307.3333333,272.4,326.4,305.2,241.74,242.552,211.412,297.024
Gabon,GAB,Arable land (hectares),AG.LND.ARBL.HA,325000,325000,325000,325000,325000,325000,325000,325000,325000,325000,325000,325000,325000,325000
Gabon,GAB,Fertilizer consumption (kilograms per hectare of arable land),AG.CON.FERT.ZS,5.578461538,3.612307692,5.107692308,8.344615385,8.458461538,9.058461538,10.51692308,12.02153846,3.16,5.649230769,10.08818462,10.1628,11.47670769,24.54255385
"Gambia, The",GMB,Arable land (hectares),AG.LND.ARBL.HA,280000,300000,310000,325000,293000,303000,372000,428000,450000,450000,440000,440000,440000,440000
"Gambia, The",GMB,Fertilizer consumption (kilograms per hectare of arable land),AG.CON.FERT.ZS,..,9.403333333,8.090322581,9.756923077,10.82593857,8.97689769,4.260752688,6.343457944,7.3,10.27555556,2.641,0.425363636,0.830181818,1.041386364
Georgia,GEO,Arable land (hectares),AG.LND.ARBL.HA,799000,802000,452000,470000,462000,463000,459000,450000,415000,402400,400000,451000,457000,448000
Georgia,GEO,Fertilizer consumption (kilograms per hectare of arable land),AG.CON.FERT.ZS,33.04130163,14.36907731,31.46681416,53.28723404,47.52813853,41.33909287,37.53159041,43.24666667,33.65301205,114.4607356,133.4287,160.7985809,149.8384902,142.060067
Germany,DEU,Arable land (hectares),AG.LND.ARBL.HA,11791000,11827000,11898000,11904000,11866000,11877000,11932000,11945000,11846000,11875000,11834000,11876000,11871000,11849000
Germany,DEU,Fertilizer consumption (kilograms per hectare of arable land),AG.CON.FERT.ZS,220.0740395,219.6980638,215.1258195,208.7570565,194.4190123,221.871769,159.5827187,181.4143993,211.5968259,191.4869895,198.9215819,203.470613,217.6590009,202.2227192
Ghana,GHA,Arable land (hectares),AG.LND.ARBL.HA,4181000,4185000,4000000,4000000,4200000,4300000,4500000,4600000,4620000,4720000,4700000,4700000,4700000,4700000
Ghana,GHA,Fertilizer consumption (kilograms per hectare of arable land),AG.CON.FERT.ZS,3.745515427,6.838948626,13.2005,5.99875,20.0597619,17.76,14.54955556,18.97956522,18.70021645,13.23050847,34.75765957,25.25914894,15.70212766,23.77329787
Gibraltar,GIB,Arable land (hectares),AG.LND.ARBL.HA,..,..,..,..,..,..,..,..,..,..,..,..,..,..
Gibraltar,GIB,Fertilizer consumption (kilograms per hectare of arable land),AG.CON.FERT.ZS,..,..,..,..,..,..,..,..,..,..,..,..,..,..
Greece,GRC,Arable land (hectares),AG.LND.ARBL.HA,2717000,2712000,2629000,2639000,2584000,2567000,2556000,2547000,2567000,2552000,2540000,2505000,2224000,2224000
Greece,GRC,Fertilizer consumption (kilograms per hectare of arable land),AG.CON.FERT.ZS,156.3768863,162.0903392,176.4176493,143.0409246,124.629257,96.90338917,119.0477308,63.0961916,122.4959096,159.7076803,109.4488189,117.4662675,123.0625,120.6218525
Greenland,GRL,Arable land (hectares),AG.LND.ARBL.HA,900,900,900,900,900,900,900,900,900,900,900,900,900,900
Greenland,GRL,Fertilizer consumption (kilograms per hectare of arable land),AG.CON.FERT.ZS,..,..,..,..,..,..,..,..,..,..,..,..,..,..
Grenada,GRD,Arable land (hectares),AG.LND.ARBL.HA,2000,2000,2000,2000,2000,2000,2000,3000,3000,3000,3000,3000,3000,3000
Grenada,GRD,Fertilizer consumption (kilograms per hectare of arable land),AG.CON.FERT.ZS,..,..,..,..,..,..,..,..,..,..,..,..,..,..
Guam,GUM,Arable land (hectares),AG.LND.ARBL.HA,2000,2000,2000,2000,2000,1000,1000,1000,1000,1000,1000,1000,1000,1000
Guam,GUM,Fertilizer consumption (kilograms per hectare of arable land),AG.CON.FERT.ZS,..,..,..,..,..,..,..,..,..,..,..,..,..,..
Guatemala,GTM,Arable land (hectares),AG.LND.ARBL.HA,1425000,1938000,1600000,1400000,1506000,1576000,1325000,1260540,1196080,1131620,1067160,1002700,933800,933800
Guatemala,GTM,Fertilizer consumption (kilograms per hectare of arable land),AG.CON.FERT.ZS,99.79017544,91.67182663,124.94625,141.6907143,136.0438247,123.7734772,92.00528302,127.0685579,189.1495552,223.1694385,267.1277034,284.6917922,297.9624545,315.774652
Guinea,GIN,Arable land (hectares),AG.LND.ARBL.HA,2390000,2475000,2550000,2741000,2750000,2800000,2850000,2850000,2900000,2900000,3000000,3100000,3100000,3100000
Guinea,GIN,Fertilizer consumption (kilograms per hectare of arable land),AG.CON.FERT.ZS,1.0041841,0.793939394,1.030196078,0.919737322,0.883636364,1.213571429,1.29754386,0.634035088,0.932758621,3.583103448,2.931833333,2.868067742,1.097187097,2.699216129
Guinea-Bissau,GNB,Arable land (hectares),AG.LND.ARBL.HA,280000,270000,280000,280000,280000,280000,280000,280000,300000,300000,300000,300000,300000,300000
Guinea-Bissau,GNB,Fertilizer consumption (kilograms per hectare of arable land),AG.CON.FERT.ZS,..,..,..,..,..,..,..,..,..,..,..,..,..,..
Guyana,GUY,Arable land (hectares),AG.LND.ARBL.HA,450000,450000,450000,420000,420000,420000,420000,420000,420000,420000,420000,420000,420000,420000
Guyana,GUY,Fertilizer consumption (kilograms per hectare of arable land),AG.CON.FERT.ZS,33.11111111,23.05555556,44.83333333,22.09761905,32.58095238,32.6547619,56.79761905,20.2547619,39.31904762,27.84285714,43.54333333,61.56542857,53.32314286,57.70795238
Haiti,HTI,Arable land (hectares),AG.LND.ARBL.HA,900000,900000,900000,900000,900000,1050000,1000000,1026330,1100000,1060000,1000000,1070000,1070000,1070000
Haiti,HTI,Fertilizer consumption (kilograms per hectare of arable land),AG.CON.FERT.ZS,..,..,..,..,..,..,..,..,..,..,..,..,..,..
Heavily indebted poor countries (HIPC),HPC,Arable land (hectares),AG.LND.ARBL.HA,..,..,..,..,..,..,..,..,..,..,..,..,..,..
Heavily indebted poor countries (HIPC),HPC,Fertilizer consumption (kilograms per hectare of arable land),AG.CON.FERT.ZS,7.74481663,6.484421851,10.11155511,8.161673765,9.099546357,10.00373239,9.125457275,8.690141987,11.1073423,11.20178024,12.95156214,12.26430699,13.19295596,13.08174416
High income,HIC,Arable land (hectares),AG.LND.ARBL.HA,..,..,..,..,..,..,..,..,..,..,..,..,..,..
High income,HIC,Fertilizer consumption (kilograms per hectare of arable land),AG.CON.FERT.ZS,123.2939858,129.5092139,130.0658768,126.7067745,126.3932162,132.789883,115.4265392,106.8141015,120.1474707,127.2390908,130.3449683,133.98795,135.1103144,136.198999
Honduras,HND,Arable land (hectares),AG.LND.ARBL.HA,1068000,1068000,1050000,1050000,1050000,1050000,1018000,1020000,1020000,1020000,1020000,1020000,1020000,1020000
Honduras,HND,Fertilizer consumption (kilograms per hectare of arable land),AG.CON.FERT.ZS,31.95692884,54.89700375,134.9666667,160.8514286,188.8352381,177.9952381,107.7308448,62.31862745,64.7245098,104.0705882,107.7215588,175.2448333,139.7768824,115.184402
"Hong Kong SAR, China",HKG,Arable land (hectares),AG.LND.ARBL.HA,5000,5000,5000,5000,4000,4000,4000,4000,3500,3500,3100,3100,3100,3100
"Hong Kong SAR, China",HKG,Fertilizer consumption (kilograms per hectare of arable land),AG.CON.FERT.ZS,728.4,359.8,390.8,365.8,390,421,99,38,616.2857143,790.5714286,1307.316129,598.0483871,1973.609677,2334.322581
Hungary,HUN,Arable land (hectares),AG.LND.ARBL.HA,4606000,4597000,4598000,4601000,4597000,4592000,4585000,4585000,4392000,4395000,4397000,4403000,4404000,4412200
Hungary,HUN,Fertilizer consumption (kilograms per hectare of arable land),AG.CON.FERT.ZS,94.87624837,95.4970633,98.52109613,85.19886981,99.19512726,110.4094077,96.70076336,77.48222465,84.33424408,93.28828214,99.6154196,111.3147854,110.609673,117.8539051
IBRD only,IBD,Arable land (hectares),AG.LND.ARBL.HA,..,..,..,..,..,..,..,..,..,..,..,..,..,..
IBRD only,IBD,Fertilizer consumption (kilograms per hectare of arable land),AG.CON.FERT.ZS,120.6336972,128.6479094,134.8242582,135.6138714,142.0266348,152.0762733,152.6771123,154.5231537,165.3551814,170.9529652,172.1075014,172.7431992,174.7951966,171.2596308
Iceland,ISL,Arable land (hectares),AG.LND.ARBL.HA,129000,129000,129000,129000,129000,125000,125000,124000,123000,122200,121200,121200,121200,121000
Iceland,ISL,Fertilizer consumption (kilograms per hectare of arable land),AG.CON.FERT.ZS,145.751938,122.8837209,137.9224806,133.5581395,167.8217054,194.168,199.88,123.8467742,148.699187,159.1653028,176.4851485,168.8036304,201.7326733,147.7520661
IDA & IBRD total,IBT,Arable land (hectares),AG.LND.ARBL.HA,..,..,..,..,..,..,..,..,..,..,..,..,..,..
IDA & IBRD total,IBT,Fertilizer consumption (kilograms per hectare of arable land),AG.CON.FERT.ZS,100.4770822,105.4479322,110.3027228,110.8879667,116.0970103,123.019941,123.152285,125.2851115,133.4644826,137.3079206,137.6209431,139.2185773,141.2472264,138.9598121
IDA blend,IDB,Arable land (hectares),AG.LND.ARBL.HA,..,..,..,..,..,..,..,..,..,..,..,..,..,..
IDA blend,IDB,Fertilizer consumption (kilograms per hectare of arable land),AG.CON.FERT.ZS,..,..,46.12313839,51.28165799,58.74919582,53.89301933,54.42241015,66.7141522,66.37608244,62.25552862,57.77429582,69.08461947,68.97927777,67.0219589
IDA only,IDX,Arable land (hectares),AG.LND.ARBL.HA,..,..,..,..,..,..,..,..,..,..,..,..,..,..
IDA only,IDX,Fertilizer consumption (kilograms per hectare of arable land),AG.CON.FERT.ZS,..,17.72178568,21.41242331,20.19959336,21.06488589,21.51739898,20.87186513,19.24916658,21.52351949,24.19883297,25.4038075,24.87409764,26.84931231,27.5446358
IDA total,IDA,Arable land (hectares),AG.LND.ARBL.HA,..,..,..,..,..,..,..,..,..,..,..,..,..,..
IDA total,IDA,Fertilizer consumption (kilograms per hectare of arable land),AG.CON.FERT.ZS,..,27.97541841,30.11505082,31.10934284,34.80702447,33.16367585,32.65803758,35.1859985,36.60662811,37.02673577,36.2846361,39.61057811,40.89775591,40.70009605
India,IND,Arable land (hectares),AG.LND.ARBL.HA,160432000,159799000,159681000,159444000,158662000,158022000,157995000,157924000,157009000,156979000,156546000,156442000,156463000,156463000
India,IND,Fertilizer consumption (kilograms per hectare of arable land),AG.CON.FERT.ZS,100.3290553,105.1772039,115.2715101,127.614592,136.4039215,142.8352255,153.3493908,167.4572959,179.0358769,180.7482912,163.1220216,156.4956981,163.4980794,170.9835552
Indonesia,IDN,Arable land (hectares),AG.LND.ARBL.HA,20081000,22406000,24666000,22946000,21500000,22000000,22700000,23600000,23600000,23500000,23500000,23500000,23500000,23500000
Indonesia,IDN,Fertilizer consumption (kilograms per hectare of arable land),AG.CON.FERT.ZS,123.9590658,131.1321521,131.2093976,143.9864029,158.016093,181.4572273,184.5284581,181.639661,181.5166525,198.4185957,221.4387319,219.5624809,231.868523,223.0157843
"Iran, Islamic Rep.",IRN,Arable land (hectares),AG.LND.ARBL.HA,16029000,16197000,16365000,16533000,16701000,16869000,15545000,15566000,15390000,15214000,15038000,14863000,14687000,14687000
"Iran, Islamic Rep.",IRN,Fertilizer consumption (kilograms per hectare of arable land),AG.CON.FERT.ZS,78.73947221,80.29135025,103.7517262,95.04796468,113.9614394,90.03865078,99.84651013,75.98002056,57.82566602,31.72702774,129.9161032,129.8480361,130.2705073,100.9446674
Iraq,IRQ,Arable land (hectares),AG.LND.ARBL.HA,4650000,4500000,4500000,5200000,4800000,4950000,4000000,3650000,4000000,4300000,4338500,5000000,5034000,5034000
Iraq,IRQ,Fertilizer consumption (kilograms per hectare of arable land),AG.CON.FERT.ZS,..,..,24.36266667,41.61288462,46.25416667,37.56767677,56.94,72.48986301,34.29,39.09767442,49.18824018,46.192148,34.74303139,36.02024037
Ireland,IRL,Arable land (hectares),AG.LND.ARBL.HA,1177000,1182000,1205000,1184000,1153000,1060000,1101000,1089000,1011000,1062000,1170000,1113000,1058000,1029000
Ireland,IRL,Fertilizer consumption (kilograms per hectare of arable land),AG.CON.FERT.ZS,597.017842,533.7732657,466.4315353,458.0371622,431.876843,427.5216981,378.1089918,477.3737374,462.4411474,430.480226,469.7324786,472.9047619,499.2939509,561.3854227
Isle of Man,IMN,Arable land (hectares),AG.LND.ARBL.HA,18500,17570,18100,17810,27960,27520,27280,25620,25380,24970,21500,21900,22100,23200
Isle of Man,IMN,Fertilizer consumption (kilograms per hectare of arable land),AG.CON.FERT.ZS,..,..,..,..,..,..,..,..,..,..,..,..,..,..
Israel,ISR,Arable land (hectares),AG.LND.ARBL.HA,349000,334000,311000,311000,303000,305800,299700,304300,293600,295700,294800,285800,300500,297200
Israel,ISR,Fertilizer consumption (kilograms per hectare of arable land),AG.CON.FERT.ZS,251.8624642,282.9341317,320.9003215,292.6045016,304.950495,344.9967299,280.6139473,200.4600723,206.4032698,251.6063578,278.8331072,296.0111966,264.2262895,240.2422611
Italy,ITA,Arable land (hectares),AG.LND.ARBL.HA,8287000,7959000,7979000,7780000,7376000,7171000,7498000,6981000,7042000,6720000,7118000,6827000,6728000,6601000
Italy,ITA,Fertilizer consumption (kilograms per hectare of arable land),AG.CON.FERT.ZS,171.1218776,177.7024752,181.4180975,171.7530848,177.0315889,190.229954,143.4762603,120.1115886,122.7459529,134.3224702,122.506322,129.3035008,126.5640606,128.9160733
Jamaica,JAM,Arable land (hectares),AG.LND.ARBL.HA,135000,135000,133000,128000,128000,125000,120000,120000,120000,120000,120000,120000,120000,120000
Jamaica,JAM,Fertilizer consumption (kilograms per hectare of arable land),AG.CON.FERT.ZS,94.67407407,112.1925926,123.9473684,115.84375,63.515625,36.216,37.64166667,58.19166667,62.625,71.175,87.375,68.45833333,65.525,65.525
Japan,JPN,Arable land (hectares),AG.LND.ARBL.HA,4419000,4397000,4379000,4360000,4343000,4326000,4308000,4294000,4282000,4254000,4246000,4237000,4223000,4201000
Japan,JPN,Fertilizer consumption (kilograms per hectare of arable land),AG.CON.FERT.ZS,333.5444671,335.1707983,353.6837177,347.9692661,332.8275386,350.4748035,278.2286444,238.9280391,259.8344232,263.8770569,247.1502591,244.7014397,245.6547478,222.7802904
Jordan,JOR,Arable land (hectares),AG.LND.ARBL.HA,195000,177000,209000,185000,190000,140300,149500,200800,177600,175600,217000,231000,237500,228200
Jordan,JOR,Fertilizer consumption (kilograms per hectare of arable land),AG.CON.FERT.ZS,1590.45641,916.1412429,476.5311005,784.0162162,693.4736842,1007.783321,337.4448161,394.8605578,187.7195946,1227.591116,1331.853272,976.3767532,164.2752842,1079.488081
Kazakhstan,KAZ,Arable land (hectares),AG.LND.ARBL.HA,28345900,28343600,28478800,28562300,28616000,28641200,28519800,28618200,28683800,29180600,29332500,29394700,29395000,29395000
Kazakhstan,KAZ,Fertilizer consumption (kilograms per hectare of arable land),AG.CON.FERT.ZS,0.836099753,1.190392187,1.478292625,1.428456392,1.446743081,2.056478081,1.083457808,1.970773843,2.046032952,2.995551839,4.420250575,2.888581955,3.962816806,4.325565572
Kenya,KEN,Arable land (hectares),AG.LND.ARBL.HA,5091000,5146000,5258000,5264000,5310000,5300000,5300000,5500000,5500000,5800000,5900000,5800000,5800000,5800000
Kenya,KEN,Fertilizer consumption (kilograms per hectare of arable land),AG.CON.FERT.ZS,27.31310155,33.09677419,27.68086725,34.32655775,33.15480226,36.39528302,33.28754717,31.85709091,30.34709091,43.58206897,34.39270847,38.7662,42.84539483,28.57901034
Kiribati,KIR,Arable land (hectares),AG.LND.ARBL.HA,2000,2000,2000,2000,2000,2000,2000,2000,2000,2000,2000,2000,2000,2000
Kiribati,KIR,Fertilizer consumption (kilograms per hectare of arable land),AG.CON.FERT.ZS,..,..,..,..,..,..,..,..,..,..,..,..,..,..
"Korea, Dem. People’s Rep.",PRK,Arable land (hectares),AG.LND.ARBL.HA,2300000,2300000,2300000,2350000,2350000,2350000,2400000,2400000,2400000,2350000,2350000,2350000,2350000,2350000
"Korea, Dem. People’s Rep.",PRK,Fertilizer consumption (kilograms per hectare of arable land),AG.CON.FERT.ZS,..,..,..,..,..,..,..,..,..,..,..,..,..,..
"Korea, Rep.",KOR,Arable land (hectares),AG.LND.ARBL.HA,1674000,1659000,1653000,1643000,1619000,1597000,1565000,1536000,1507000,1488000,1522200,1495800,1476000,1464500
"Korea, Rep.",KOR,Fertilizer consumption (kilograms per hectare of arable land),AG.CON.FERT.ZS,412.1272401,468.7902351,525.4228675,643.3578819,469.8499074,511.0369443,441.0523962,331.9557292,336.0537492,334.9092742,481.0122454,361.264875,366.1111111,368.986002
Kosovo,XKX,Arable land (hectares),AG.LND.ARBL.HA,..,..,..,..,..,300000,..,..,..,..,..,..,..,..
Kosovo,XKX,Fertilizer consumption (kilograms per hectare of arable land),AG.CON.FERT.ZS,..,..,..,..,..,..,..,..,..,..,..,..,..,..
Kuwait,KWT,Arable land (hectares),AG.LND.ARBL.HA,12000,12000,11000,11000,11000,11300,11300,10500,10000,10500,10000,10600,9500,7700
Kuwait,KWT,Fertilizer consumption (kilograms per hectare of arable land),AG.CON.FERT.ZS,1763.333333,0,0,4349.090909,2090.909091,0,1261.946903,57.14285714,884,971.8095238,676.193,258.1009434,429.7821053,1277.367532
Kyrgyz Republic,KGZ,Arable land (hectares),AG.LND.ARBL.HA,1345000,1344000,1334000,1284000,1283700,1280000,1279500,1276000,1276200,1275900,1276600,1278700,1280600,1280600
Kyrgyz Republic,KGZ,Fertilizer consumption (kilograms per hectare of arable land),AG.CON.FERT.ZS,7.050557621,24.71056548,21.68215892,24.62850467,22.19677495,22.4546875,18.9738179,22.06818182,22.65945777,19.16843013,24.31615228,27.43020255,32.00062471,26.69842261
Lao PDR,LAO,Arable land (hectares),AG.LND.ARBL.HA,1015000,1060000,1105000,1150000,1200000,1240000,1290000,1360000,1400000,1428000,1450000,1489000,1525000,1525000
Lao PDR,LAO,Fertilizer consumption (kilograms per hectare of arable land),AG.CON.FERT.ZS,..,..,..,..,..,..,..,..,..,..,..,..,..,..
Late-demographic dividend,LTE,Arable land (hectares),AG.LND.ARBL.HA,..,..,..,..,..,..,..,..,..,..,..,..,..,..
Late-demographic dividend,LTE,Fertilizer consumption (kilograms per hectare of arable land),AG.CON.FERT.ZS,154.8067783,164.8127605,172.2750991,169.6956583,176.4522917,191.2115535,189.2548232,188.8894408,203.0798239,211.2560935,216.1909482,217.8309714,218.1347588,210.0488776
Latin America & Caribbean,LCN,Arable land (hectares),AG.LND.ARBL.HA,..,..,..,..,..,..,..,..,..,..,..,..,..,..
Latin America & Caribbean,LCN,Fertilizer consumption (kilograms per hectare of arable land),AG.CON.FERT.ZS,89.49809218,107.2621806,111.9382326,97.00202837,99.47885109,119.9017438,103.2387305,88.92580306,112.6478131,128.5993313,126.8550934,127.152479,129.7019825,122.7151118
Latin America & Caribbean (excluding high income),LAC,Arable land (hectares),AG.LND.ARBL.HA,..,..,..,..,..,..,..,..,..,..,..,..,..,..
Latin America & Caribbean (excluding high income),LAC,Fertilizer consumption (kilograms per hectare of arable land),AG.CON.FERT.ZS,87.06625415,104.9300862,107.992483,93.41188496,95.64511742,116.397946,98.24507826,84.46593253,110.0767456,125.6103712,124.4844743,123.7670411,127.1043104,120.6193829
Latin America & the Caribbean (IDA & IBRD countries),TLA,Arable land (hectares),AG.LND.ARBL.HA,..,..,..,..,..,..,..,..,..,..,..,..,..,..
Latin America & the Caribbean (IDA & IBRD countries),TLA,Fertilizer consumption (kilograms per hectare of arable land),AG.CON.FERT.ZS,90.90124333,109.6179108,114.2420981,98.79426418,101.0545492,121.8283497,104.5668793,90.49035835,114.3957557,130.3713003,128.3779915,128.6140738,130.8463643,123.8356656
Latvia,LVA,Arable land (hectares),AG.LND.ARBL.HA,973000,957000,1009000,1092000,1205000,1188000,1170000,1168000,1173000,1158000,1178000,1208000,1209000,1229800
Latvia,LVA,Fertilizer consumption (kilograms per hectare of arable land),AG.CON.FERT.ZS,50.5950668,49.49425287,64.12884044,68.04029304,62.65560166,67.72474747,66.94700855,64.88356164,77.64791134,83.23229706,91.56536503,100.656457,101.1240695,104.7593105
Least developed countries: UN classification,LDC,Arable land (hectares),AG.LND.ARBL.HA,..,..,..,..,..,..,..,..,..,..,..,..,..,..
Least developed countries: UN classification,LDC,Fertilizer consumption (kilograms per hectare of arable land),AG.CON.FERT.ZS,..,..,18.20515848,16.81633446,16.89344667,17.69245929,..,16.84831574,20.03928346,22.56610766,23.46091111,22.85411777,25.68575952,26.1833003
Lebanon,LBN,Arable land (hectares),AG.LND.ARBL.HA,130000,136000,136300,141700,136000,134200,123000,123000,114000,125000,132000,132000,132000,132000
Lebanon,LBN,Fertilizer consumption (kilograms per hectare of arable land),AG.CON.FERT.ZS,358,132.375,142.3184153,313.7614679,297.8676471,320.1043219,219.5934959,234.2926829,296.7368421,409.096,472.0831061,507.9245455,501.2031061,451.64
Lesotho,LSO,Arable land (hectares),AG.LND.ARBL.HA,300000,300000,310000,323000,303000,325000,358000,335000,322000,308000,281300,248100,272300,272300
Lesotho,LSO,Fertilizer consumption (kilograms per hectare of arable land),AG.CON.FERT.ZS,..,..,..,..,..,..,..,..,..,..,..,..,..,..
Liberia,LBR,Arable land (hectares),AG.LND.ARBL.HA,400000,400000,400000,400000,400000,400000,430000,470000,480000,500000,500000,500000,500000,500000
Liberia,LBR,Fertilizer consumption (kilograms per hectare of arable land),AG.CON.FERT.ZS,..,..,..,..,..,..,..,..,..,..,..,..,..,..
Libya,LBY,Arable land (hectares),AG.LND.ARBL.HA,1815000,1815000,1750000,1750000,1750000,1750000,1750000,1750000,1716000,1716000,1720000,1720000,1720000,1720000
Libya,LBY,Fertilizer consumption (kilograms per hectare of arable land),AG.CON.FERT.ZS,66.29201102,33.06997245,51.65657143,67.128,42.30857143,60.96,27.26857143,33.66857143,18.65967366,38.60722611,13.94460465,18.06852326,12.74263372,10.10861047
Liechtenstein,LIE,Arable land (hectares),AG.LND.ARBL.HA,3900,3900,3900,3900,3800,3800,3800,3500,3300,3000,3000,2600,2320,2160
Liechtenstein,LIE,Fertilizer consumption (kilograms per hectare of arable land),AG.CON.FERT.ZS,..,..,..,..,..,..,..,..,..,..,..,..,..,..
Lithuania,LTU,Arable land (hectares),AG.LND.ARBL.HA,1639000,1525000,1616400,1906500,1878800,1835600,1861500,2053700,2127400,2185700,2260500,2290500,2350200,2173100
Lithuania,LTU,Fertilizer consumption (kilograms per hectare of arable land),AG.CON.FERT.ZS,110.1549725,147.3842623,173.7602079,97.56412274,102.1678731,90.06537372,86.6811711,44.25573355,103.5348312,77.63279499,107.0559611,109.6358874,111.7521913,121.9106346
Low & middle income,LMY,Arable land (hectares),AG.LND.ARBL.HA,..,..,..,..,..,..,..,..,..,..,..,..,..,..
Low & middle income,LMY,Fertilizer consumption (kilograms per hectare of arable land),AG.CON.FERT.ZS,99.70270064,104.4583725,109.1301653,109.4418223,114.7210386,121.5003557,121.7545663,124.0950998,132.2842163,136.2075846,136.5803327,138.0276951,140.4027081,138.0749941
Low income,LIC,Arable land (hectares),AG.LND.ARBL.HA,..,..,..,..,..,..,..,..,..,..,..,..,..,..
Low income,LIC,Fertilizer consumption (kilograms per hectare of arable land),AG.CON.FERT.ZS,..,5.803792975,8.555216625,6.930214356,7.670087584,8.409844737,8.038645089,7.904739734,10.30894125,10.12201438,12.25315562,10.7692674,13.0112292,11.74889359
Lower middle income,LMC,Arable land (hectares),AG.LND.ARBL.HA,..,..,..,..,..,..,..,..,..,..,..,..,..,..
Lower middle income,LMC,Fertilizer consumption (kilograms per hectare of arable land),AG.CON.FERT.ZS,78.27299287,82.34746854,88.15178351,93.74641094,97.82242107,102.1213424,106.7281986,114.7001218,120.0057342,122.7114798,116.0933073,119.6088886,122.3635546,125.6871969
Luxembourg,LUX,Arable land (hectares),AG.LND.ARBL.HA,62000,62000,62000,60000,60000,61000,62000,61770,61950,62120,62560,62450,62610,62800
Luxembourg,LUX,Fertilizer consumption (kilograms per hectare of arable land),AG.CON.FERT.ZS,581.1451613,267.4677419,333.6129032,313.15,293.6333333,276.4098361,250.516129,244.5847499,258.1920904,270.6052801,258.519821,247.5900721,240.7602619,237.2611465
"Macao SAR, China",MAC,Arable land (hectares),AG.LND.ARBL.HA,..,..,..,..,..,..,..,..,..,..,..,..,..,..
"Macao SAR, China",MAC,Fertilizer consumption (kilograms per hectare of arable land),AG.CON.FERT.ZS,..,..,..,..,..,..,..,..,..,..,..,..,..,..
"Macedonia, FYR",MKD,Arable land (hectares),AG.LND.ARBL.HA,499000,471000,461000,448000,439000,431000,424000,420000,414000,414000,414000,413000,414000,415000
"Macedonia, FYR",MKD,Fertilizer consumption (kilograms per hectare of arable land),AG.CON.FERT.ZS,30.85971944,32.80467091,53.48156182,62.02232143,57.46697039,67.12296984,56.15801887,56.69761905,67.11111111,63.61835749,57.59444444,69.60615012,71.85695652,66.37686747
Madagascar,MDG,Arable land (hectares),AG.LND.ARBL.HA,2950000,2950000,2950000,3000000,3000000,3000000,3200000,3500000,3500000,3500000,3500000,3500000,3500000,3500000
Madagascar,MDG,Fertilizer consumption (kilograms per hectare of arable land),AG.CON.FERT.ZS,2.094237288,2.148135593,2.203050847,5.450666667,2.466333333,3.191666667,4.1428125,2.266571429,2.416285714,3.159428571,2.935825714,2.867405714,5.576308571,3.445902857
Malawi,MWI,Arable land (hectares),AG.LND.ARBL.HA,2850000,3000000,3000000,3200000,3300000,3000000,3450000,3500000,3700000,3600000,3750000,3800000,3800000,3800000
Malawi,MWI,Fertilizer consumption (kilograms per hectare of arable land),AG.CON.FERT.ZS,29.71368421,31.07733333,34.406,30.491875,36.82454545,41.71866667,34.87043478,30.84571429,35.37648649,29.52277778,24.637368,27.34841842,37.68256842,30.19682895
Malaysia,MYS,Arable land (hectares),AG.LND.ARBL.HA,922100,911900,918000,957600,926700,935500,920900,928000,931000,954000,950000,954000,954000,954000
Malaysia,MYS,Fertilizer consumption (kilograms per hectare of arable land),AG.CON.FERT.ZS,1177.018762,1304.132032,1627.809368,1457.356934,1662.098845,1836.520577,2026.900858,1527.602371,2002.72073,1553.743187,1656.650926,1485.451572,1787.816677,1539.298753
Maldives,MDV,Arable land (hectares),AG.LND.ARBL.HA,3000,3000,3000,3000,3000,3000,4000,4000,3900,3900,3900,3900,3900,3900
Maldives,MDV,Fertilizer consumption (kilograms per hectare of arable land),AG.CON.FERT.ZS,6,8,10.33333333,29.66666667,117.6666667,87.33333333,16.75,98.5,94.35897436,36.66666667,134.8,176.6897436,194.8871795,197.725641
Mali,MLI,Arable land (hectares),AG.LND.ARBL.HA,4900000,5942000,5002000,5603000,5677000,5808000,5761000,6255400,6261000,6861000,6861000,6411000,6411000,6411000
Mali,MLI,Fertilizer consumption (kilograms per hectare of arable land),AG.CON.FERT.ZS,..,..,52.04158337,15.69248617,17.50132112,31.05027548,22.48168721,6.088979122,19.60038333,22.00728757,20.6853447,31.45517548,29.07069256,29.05942911
Malta,MLT,Arable land (hectares),AG.LND.ARBL.HA,9000,9300,9000,8200,8000,8000,8000,8000,9080,9080,9000,8970,8970,8970
Malta,MLT,Fertilizer consumption (kilograms per hectare of arable land),AG.CON.FERT.ZS,103.2222222,94.19354839,130,105.6097561,148,110.75,74,54.25,63.76651982,91.85022026,235.0166667,395.9810479,446.6532887,440.212932
Marshall Islands,MHL,Arable land (hectares),AG.LND.ARBL.HA,1000,1000,2000,2000,2000,2000,2000,2000,2000,2000,2000,2000,2000,2000
Marshall Islands,MHL,Fertilizer consumption (kilograms per hectare of arable land),AG.CON.FERT.ZS,2,2,0.5,0.5,..,..,..,..,..,..,..,..,..,..
Mauritania,MRT,Arable land (hectares),AG.LND.ARBL.HA,400000,400000,400000,400000,400000,400000,400000,390000,450000,400000,400000,450000,450000,450000
Mauritania,MRT,Fertilizer consumption (kilograms per hectare of arable land),AG.CON.FERT.ZS,..,..,..,..,..,..,..,..,..,..,..,..,..,..
Mauritius,MUS,Arable land (hectares),AG.LND.ARBL.HA,89000,88000,87000,85000,83000,81000,80000,80000,80000,78000,76000,75000,75000,74000
Mauritius,MUS,Fertilizer consumption (kilograms per hectare of arable land),AG.CON.FERT.ZS,318.3707865,299.4545455,307.6896552,352.1529412,257.8674699,282.2222222,228.775,227.9625,163.2,243.2307692,274.8453947,248.1482667,284.7185333,147.3285135
Mexico,MEX,Arable land (hectares),AG.LND.ARBL.HA,23184000,23652000,23214000,23296000,23363000,23519000,23863000,23888000,23507000,22977000,23150000,22975000,22993090,22913100
Mexico,MEX,Fertilizer consumption (kilograms per hectare of arable land),AG.CON.FERT.ZS,65.2603951,66.75558092,73.21211338,79.18938874,69.03282969,75.04081806,52.15676989,51.92485767,75.0576424,72.87861775,95.41274255,95.78360392,100.1095233,102.2054816
"Micronesia, Fed. Sts.",FSM,Arable land (hectares),AG.LND.ARBL.HA,2500,2500,2500,2500,2500,2500,2500,2000,2000,2000,2000,2000,2000,2000
"Micronesia, Fed. Sts.",FSM,Fertilizer consumption (kilograms per hectare of arable land),AG.CON.FERT.ZS,..,..,..,..,..,..,..,..,..,..,..,..,..,..
Middle East & North Africa,MEA,Arable land (hectares),AG.LND.ARBL.HA,..,..,..,..,..,..,..,..,..,..,..,..,..,..
Middle East & North Africa,MEA,Fertilizer consumption (kilograms per hectare of arable land),AG.CON.FERT.ZS,88.57817617,98.28666892,97.17552638,100.7274008,97.16677346,92.47078721,99.06791279,82.27895173,81.50356461,85.19897316,107.8208041,109.5092791,111.1002487,105.3274777
Middle East & North Africa (excluding high income),MNA,Arable land (hectares),AG.LND.ARBL.HA,..,..,..,..,..,..,..,..,..,..,..,..,..,..
Middle East & North Africa (excluding high income),MNA,Fertilizer consumption (kilograms per hectare of arable land),AG.CON.FERT.ZS,87.88421007,94.03588718,93.60689725,98.03726796,93.81224393,86.7582397,98.33680545,81.58567923,77.44075407,75.79422188,104.5455711,106.3874822,102.7039227,96.51563408
Middle East & North Africa (IDA & IBRD countries),TMN,Arable land (hectares),AG.LND.ARBL.HA,..,..,..,..,..,..,..,..,..,..,..,..,..,..
Middle East & North Africa (IDA & IBRD countries),TMN,Fertilizer consumption (kilograms per hectare of arable land),AG.CON.FERT.ZS,87.88421007,94.03588718,93.60689725,98.03726796,93.81224393,86.7582397,98.33680545,81.58567923,77.44075407,75.79422188,104.5455711,106.3874822,102.7039227,96.51563408
Middle income,MIC,Arable land (hectares),AG.LND.ARBL.HA,..,..,..,..,..,..,..,..,..,..,..,..,..,..
Middle income,MIC,Fertilizer consumption (kilograms per hectare of arable land),AG.CON.FERT.ZS,107.8023475,114.2391613,119.8271437,120.5745465,126.3337631,134.0511887,134.8622834,137.7812892,146.8839032,151.769445,152.2247298,154.0079295,156.285887,153.5881153
Moldova,MDA,Arable land (hectares),AG.LND.ARBL.HA,1843000,1845000,1840000,1833000,1820000,1822000,1821000,1817000,1813000,1811000,1814000,1816000,1817000,1822900
Moldova,MDA,Fertilizer consumption (kilograms per hectare of arable land),AG.CON.FERT.ZS,8.138903961,7.533875339,8.315217391,9.001636661,8.46043956,11.02250274,12.45304778,9.364336819,11.05956977,13.04748758,19.12899669,24.66960352,39.84589983,21.94305777
Monaco,MCO,Arable land (hectares),AG.LND.ARBL.HA,..,..,..,..,..,..,..,..,..,..,..,..,..,..
Monaco,MCO,Fertilizer consumption (kilograms per hectare of arable land),AG.CON.FERT.ZS,..,..,..,..,..,..,..,..,..,..,..,..,..,..
Mongolia,MNG,Arable land (hectares),AG.LND.ARBL.HA,756000,704000,704000,695000,696000,703000,834000,622000,614000,611000,647000,566400,567200,567200
Mongolia,MNG,Fertilizer consumption (kilograms per hectare of arable land),AG.CON.FERT.ZS,5.883597884,5.705965909,8.342329545,5.261870504,9.359195402,8.560455192,8.322541966,12.17041801,18.04560261,22.85597381,26.1836476,44.81502472,33.9550952,38.27843794
Montenegro,MNE,Arable land (hectares),AG.LND.ARBL.HA,..,..,..,..,174000,174000,173000,173000,172000,173000,172000,7800,8730,8700
Montenegro,MNE,Fertilizer consumption (kilograms per hectare of arable land),AG.CON.FERT.ZS,..,..,..,..,18.70114943,15.63218391,14.79190751,11.32947977,14.35465116,12.54913295,12.49087209,324.9025641,276.9163803,262.4678161
Morocco,MAR,Arable land (hectares),AG.LND.ARBL.HA,8402000,9055000,8210000,8122000,8064000,8065000,8052000,8039600,7729300,7803800,8047000,8130000,8130000,8130000
Morocco,MAR,Fertilizer consumption (kilograms per hectare of arable land),AG.CON.FERT.ZS,65.55427279,55.31120928,48.95761267,63.78724452,60.16865079,58.82951023,53.82662692,41.06535151,57.17102454,59.12004408,56.99266808,63.57613776,66.70885609,71.10559656
Mozambique,MOZ,Arable land (hectares),AG.LND.ARBL.HA,4450000,4500000,4600000,5000000,4900000,5200000,5400000,5500000,5650000,5650000,5650000,5650000,5650000,5650000
Mozambique,MOZ,Fertilizer consumption (kilograms per hectare of arable land),AG.CON.FERT.ZS,5.97752809,0.736222222,2.259782609,1.4274,4.643061224,2.660769231,11.41722222,4.033454545,8.199469027,7.355929204,5.619522124,5.258031858,6.561060177,4.492784071
Myanmar,MMR,Arable land (hectares),AG.LND.ARBL.HA,9862000,9851000,9912000,10059000,10336000,10577000,10694000,10794000,10811000,10786000,10751000,10772000,10789000,10879000
Myanmar,MMR,Fertilizer consumption (kilograms per hectare of arable land),AG.CON.FERT.ZS,4.290103427,10.30900416,19.91162228,6.52112536,9.01625387,15.77290347,7.609687675,6.236427645,6.637221349,14.99517894,15.63544042,19.53137393,24.40211048,23.84941539
Namibia,NAM,Arable land (hectares),AG.LND.ARBL.HA,816000,815000,815000,814000,813000,800000,800000,800000,800000,800000,800000,800000,800000,800000
Namibia,NAM,Fertilizer consumption (kilograms per hectare of arable land),AG.CON.FERT.ZS,3.903186275,1.411042945,3.204907975,1.911547912,2.846248462,2.465,0.28625,1.59,4.43375,6.605,15.0339625,10.8612125,6.1386625,18.9677875
Nauru,NRU,Arable land (hectares),AG.LND.ARBL.HA,..,..,..,..,..,..,..,..,..,..,..,..,..,..
Nauru,NRU,Fertilizer consumption (kilograms per hectare of arable land),AG.CON.FERT.ZS,..,..,..,..,..,..,..,..,..,..,..,..,..,..
Nepal,NPL,Arable land (hectares),AG.LND.ARBL.HA,2335000,2315000,2300000,2280000,2260000,2240000,2220000,2200000,2180000,2162700,2118000,2114000,2113700,2113700
Nepal,NPL,Fertilizer consumption (kilograms per hectare of arable land),AG.CON.FERT.ZS,16.68094218,5.0587473,8.025217391,3.568859649,5.642035398,1.608928571,1.364864865,18.20272727,25.08669725,35.8098673,26.69499528,54.44512772,67.37048777,73.79621517
Netherlands,NLD,Arable land (hectares),AG.LND.ARBL.HA,916000,906000,1127500,1111000,1069800,1059800,1066600,1054700,1022600,1006000,1011000,1038400,1045000,1033000
Netherlands,NLD,Fertilizer consumption (kilograms per hectare of arable land),AG.CON.FERT.ZS,428.8231441,438.2913907,357.3135255,337.8064806,353.1463825,302.1390828,267.7086068,238.1710439,293.3258361,246.8111332,289.8120673,255.816641,255.5578947,258.1481123
New Caledonia,NCL,Arable land (hectares),AG.LND.ARBL.HA,6800,6800,6800,6800,6800,6800,6800,6800,6800,6500,6000,6200,6240,6240
New Caledonia,NCL,Fertilizer consumption (kilograms per hectare of arable land),AG.CON.FERT.ZS,260.5882353,536.4705882,231.3235294,282.5,240,267.6470588,199.4117647,99.41176471,150,209.3846154,250.0733333,248.5596774,308.6826923,247.1314103
New Zealand,NZL,Arable land (hectares),AG.LND.ARBL.HA,476000,415000,420000,425000,399000,431000,453000,471000,499000,471000,509000,547000,590000,590000
New Zealand,NZL,Fertilizer consumption (kilograms per hectare of arable land),AG.CON.FERT.ZS,1836.390756,2279.081928,1760.647619,2718.687059,2494.977444,2304.607889,1726.609272,1271.819533,1270.635271,1780.609342,1692.766208,1493.239488,1490.952542,1716.99322
Nicaragua,NIC,Arable land (hectares),AG.LND.ARBL.HA,2000000,2050000,1950000,2000000,1860000,1800000,1700000,1650000,1531000,1503000,1532000,1504000,1504000,1504000
Nicaragua,NIC,Fertilizer consumption (kilograms per hectare of arable land),AG.CON.FERT.ZS,28.4085,31.89560976,32.97538462,28.1135,32.62741935,31.47,27.10823529,34.69151515,34.73612018,51.57285429,50.20496084,34.41954787,50.94215426,57.04924867
Niger,NER,Arable land (hectares),AG.LND.ARBL.HA,13960000,14050000,14105000,14123000,14137000,14925000,14920000,14900000,15100000,15600000,15900000,16800000,16800000,16800000
Niger,NER,Fertilizer consumption (kilograms per hectare of arable land),AG.CON.FERT.ZS,0.611819484,0.29366548,0.239985821,0.38766551,0.527622551,0.354907873,0.153418231,0.353489933,0.49602649,0.485641026,0.923294969,0.637150595,0.999243452,0.566452976
Nigeria,NGA,Arable land (hectares),AG.LND.ARBL.HA,34000000,35000000,35000000,36000000,36800000,37000000,36000000,32000000,33000000,34000000,35000000,34000000,34000000,34000000
Nigeria,NGA,Fertilizer consumption (kilograms per hectare of arable land),AG.CON.FERT.ZS,4.528882353,6.141,4.545114286,7.197333333,10.03888587,4.205054054,5.876833333,5.26103125,12.21366667,6.561294118,8.668697143,15.96531618,13.07356941,8.290194118
North America,NAC,Arable land (hectares),AG.LND.ARBL.HA,..,..,..,..,..,..,..,..,..,..,..,..,..,..
North America,NAC,Fertilizer consumption (kilograms per hectare of arable land),AG.CON.FERT.ZS,101.0415815,106.839135,108.1269138,106.3831905,108.8138016,111.4441551,102.0195558,98.44039275,106.6849117,121.6798425,124.2255812,126.0174583,125.4921368,126.9171165
Northern Mariana Islands,MNP,Arable land (hectares),AG.LND.ARBL.HA,1000,1000,1000,1000,1000,1000,1000,1000,1000,1000,1000,1000,1000,1000
Northern Mariana Islands,MNP,Fertilizer consumption (kilograms per hectare of arable land),AG.CON.FERT.ZS,..,..,..,..,..,..,..,..,..,..,..,..,..,..
Norway,NOR,Arable land (hectares),AG.LND.ARBL.HA,878000,871000,869000,862000,858000,852600,845100,834880,825600,818000,811900,806200,806500,805600
Norway,NOR,Fertilizer consumption (kilograms per hectare of arable land),AG.CON.FERT.ZS,205.5797267,213.5074627,215.2301496,218.8654292,216.4184149,220.4175463,213.5569755,179.1251437,170.0036337,192.1589242,187.3210987,191.1932523,194.9386237,204.6822244
Not classified,INX,Arable land (hectares),AG.LND.ARBL.HA,..,..,..,..,..,..,..,..,..,..,..,..,..,..
Not classified,INX,Fertilizer consumption (kilograms per hectare of arable land),AG.CON.FERT.ZS,..,..,..,..,..,..,..,..,..,..,..,..,..,..
OECD members,OED,Arable land (hectares),AG.LND.ARBL.HA,..,..,..,..,..,..,..,..,..,..,..,..,..,..
OECD members,OED,Fertilizer consumption (kilograms per hectare of arable land),AG.CON.FERT.ZS,116.8058991,122.422977,123.1771535,120.9277419,120.1099641,126.0982842,108.7437578,103.0917568,115.1262324,120.7328856,125.5567898,129.0762612,129.6899625,131.2391454
Oman,OMN,Arable land (hectares),AG.LND.ARBL.HA,31000,31000,29000,28000,26000,28000,30000,37000,34300,36900,33700,37700,38000,38000
Oman,OMN,Fertilizer consumption (kilograms per hectare of arable land),AG.CON.FERT.ZS,382.9354839,391.9032258,472.4137931,1365.821429,1063.615385,363.75,724.1,632.4324324,113.877551,653.604336,1031.395846,793.4164456,264.4234211,299.8994737
Other small states,OSS,Arable land (hectares),AG.LND.ARBL.HA,..,..,..,..,..,..,..,..,..,..,..,..,..,..
Other small states,OSS,Fertilizer consumption (kilograms per hectare of arable land),AG.CON.FERT.ZS,..,..,..,..,..,..,..,52.05507214,70.37541417,86.19482306,79.39389954,84.55503127,84.6723129,91.09885899
Pacific island small states,PSS,Arable land (hectares),AG.LND.ARBL.HA,..,..,..,..,..,..,..,..,..,..,..,..,..,..
Pacific island small states,PSS,Fertilizer consumption (kilograms per hectare of arable land),AG.CON.FERT.ZS,..,..,..,..,..,..,..,..,..,..,..,..,..,..
Pakistan,PAK,Arable land (hectares),AG.LND.ARBL.HA,31220000,31190000,30310000,30170000,30320000,30180000,29460000,29420000,29390000,30100000,30240000,30470000,30440000,30440000
Pakistan,PAK,Fertilizer consumption (kilograms per hectare of arable land),AG.CON.FERT.ZS,97.47085202,100.9701828,110.7789508,123.4834604,125.7302441,118.4234924,119.1546504,144.3274303,138.3047295,128.522691,117.3623677,135.7025927,134.8541393,137.290933
Palau,PLW,Arable land (hectares),AG.LND.ARBL.HA,1000,1000,1000,1000,1000,1000,1000,1000,1000,1000,1000,1000,1000,1000
Palau,PLW,Fertilizer consumption (kilograms per hectare of arable land),AG.CON.FERT.ZS,..,..,..,..,..,..,..,..,..,..,..,..,..,..
Panama,PAN,Arable land (hectares),AG.LND.ARBL.HA,548000,548000,548000,548000,540000,540000,540000,540000,568890,565000,563000,563000,563000,563000
Panama,PAN,Fertilizer consumption (kilograms per hectare of arable land),AG.CON.FERT.ZS,40.40328467,51.15693431,42.16058394,34.41970803,38.3962963,34.08888889,35.80925926,47.5462963,63.75925047,37.43185841,77.00397869,88.76509769,77.10161634,67.71820604
Papua New Guinea,PNG,Arable land (hectares),AG.LND.ARBL.HA,220000,225000,230000,240000,250000,250000,300000,300000,300000,300000,300000,300000,300000,300000
Papua New Guinea,PNG,Fertilizer consumption (kilograms per hectare of arable land),AG.CON.FERT.ZS,159.1181818,393.5288889,76.82608696,71.40833333,58.888,75.848,70.70333333,103.8533333,109.4833333,85.47666667,107.4688,98.64863333,108.6725667,104.6623333
Paraguay,PRY,Arable land (hectares),AG.LND.ARBL.HA,3210000,3280000,3370000,3460000,3550000,3640000,3757000,4020000,4145000,4305000,4415000,4600000,4800000,4800000
Paraguay,PRY,Fertilizer consumption (kilograms per hectare of arable land),AG.CON.FERT.ZS,47.71588785,66.23932927,78.42195846,65.76300578,72.72112676,94.31098901,74.70401916,62.72885572,82.09505428,97.63763066,83.17674519,94.64333478,105.2601729,97.59681667
Peru,PER,Arable land (hectares),AG.LND.ARBL.HA,3815000,3835000,3740000,3930000,3980000,4010000,4030000,4135000,4085000,4030000,4156000,4190000,4151600,4151600
Peru,PER,Fertilizer consumption (kilograms per hectare of arable land),AG.CON.FERT.ZS,80.35412844,82.29830508,88.21176471,76.72086514,85.42060302,100.5625935,74.06526055,93.15816203,89.52093023,101.244665,94.25006256,95.02278998,97.70263995,107.379208
Philippines,PHL,Arable land (hectares),AG.LND.ARBL.HA,4935000,4970000,5120000,5005000,5155000,5290000,5450000,5500000,5300000,5450000,5580000,5590000,5590000,5590000
Philippines,PHL,Fertilizer consumption (kilograms per hectare of arable land),AG.CON.FERT.ZS,146.3610942,172.7686117,159.8457031,152.1554446,138.5612027,159.3081285,104.9730275,121.4452727,151.4354717,144.8612844,118.3512545,155.8750394,155.8713631,138.7052165
Poland,POL,Arable land (hectares),AG.LND.ARBL.HA,13010000,12587000,12610000,12141000,12368000,11823000,12043000,12066000,10829000,11098000,10925000,10792000,10928000,10887000
Poland,POL,Fertilizer consumption (kilograms per hectare of arable land),AG.CON.FERT.ZS,116.1952344,128.8710574,129.1356067,161.9388848,159.3386158,181.1722913,157.7181765,147.2650423,180.4783452,169.7422959,177.8855835,179.3272795,164.0007321,175.5028934
Portugal,PRT,Arable land (hectares),AG.LND.ARBL.HA,1611000,1532000,1537000,1278000,1258000,1148250,1220210,1200980,1147570,1126770,1123820,1153890,1137010,1132380
Portugal,PRT,Fertilizer consumption (kilograms per hectare of arable land),AG.CON.FERT.ZS,194.0366232,176.9562663,208.3148992,207.1181534,135.2893482,199.9085565,155.4888093,118.5656714,148.9573621,132.5053028,150.8604581,165.3554498,177.7838366,173.9398435
Post-demographic dividend,PST,Arable land (hectares),AG.LND.ARBL.HA,..,..,..,..,..,..,..,..,..,..,..,..,..,..
Post-demographic dividend,PST,Fertilizer consumption (kilograms per hectare of arable land),AG.CON.FERT.ZS,111.9166039,116.9587732,116.6411921,113.1624267,114.0499312,119.7951734,105.5204427,97.29780975,109.6525243,117.0854394,119.655537,122.6244679,123.4523248,123.7009397
Pre-demographic dividend,PRE,Arable land (hectares),AG.LND.ARBL.HA,..,..,..,..,..,..,..,..,..,..,..,..,..,..
Pre-demographic dividend,PRE,Fertilizer consumption (kilograms per hectare of arable land),AG.CON.FERT.ZS,..,6.621719671,8.590258009,8.392925184,9.308645618,8.250402631,8.714018812,8.609281765,10.85981817,10.39945637,10.70910083,12.64705169,12.4329204,11.42149945
Puerto Rico,PRI,Arable land (hectares),AG.LND.ARBL.HA,68000,67400,66800,66200,65500,64900,60500,55200,56800,58500,60100,61000,61000,61000
Puerto Rico,PRI,Fertilizer consumption (kilograms per hectare of arable land),AG.CON.FERT.ZS,..,..,..,..,..,..,..,..,..,..,..,..,..,..
Qatar,QAT,Arable land (hectares),AG.LND.ARBL.HA,11500,11600,11600,11600,13000,13000,15580,11600,12730,11310,12480,13400,13100,13100
Qatar,QAT,Fertilizer consumption (kilograms per hectare of arable land),AG.CON.FERT.ZS,44.43478261,0,4254.568966,633.5344828,0,5413.846154,231.0654685,3301.724138,6714.846819,12755.084,7394.230769,6886.567164,7511.450382,7511.450382
Romania,ROU,Arable land (hectares),AG.LND.ARBL.HA,9376000,9377000,8915000,8985000,8939000,8675000,8721000,8789000,9146000,8995000,8798000,8746000,8778000,8757000
Romania,ROU,Fertilizer consumption (kilograms per hectare of arable land),AG.CON.FERT.ZS,34.78274317,38.632825,42.62523836,51.35136338,40.59559235,44.63585014,45.63524825,48.49323017,52.54624973,54.13496387,49.78085929,56.23496456,51.51959444,60.83156332
Russian Federation,RUS,Arable land (hectares),AG.LND.ARBL.HA,123465000,122559000,122146000,121781000,121574000,121574000,121649000,121750000,119000000,120000000,119750000,122240000,123121820,123121820
Russian Federation,RUS,Fertilizer consumption (kilograms per hectare of arable land),AG.CON.FERT.ZS,13.55253716,11.00351667,11.41977633,11.79264417,12.48071134,14.25312978,15.88274462,15.62209446,16.07453782,16.40966667,15.67832985,15.22431283,15.71029408,16.46328815
Rwanda,RWA,Arable land (hectares),AG.LND.ARBL.HA,1116000,1094000,1110880,1082900,1102950,1114880,1117440,1118870,1123920,1141440,1150730,1182500,1149500,1151700
Rwanda,RWA,Fertilizer consumption (kilograms per hectare of arable land),AG.CON.FERT.ZS,..,2.23857404,1.831881031,3.139717425,3.52327848,7.914753157,9.62288803,1.290587825,0.083635846,0.099873844,5.070068565,11.17233827,12.61422358,19.70769298
Samoa,WSM,Arable land (hectares),AG.LND.ARBL.HA,13000,13000,12000,11000,10400,10000,9000,7900,8000,8000,8000,8000,8000,8000
Samoa,WSM,Fertilizer consumption (kilograms per hectare of arable land),AG.CON.FERT.ZS,0.769230769,1.846153846,3.333333333,3.363636364,2.307692308,3.8,5.444444444,4.430379747,2,1.875,0.47125,1.035,1.0075,1.43
San Marino,SMR,Arable land (hectares),AG.LND.ARBL.HA,1000,1000,1000,1000,1000,1000,1000,1000,1000,1000,1000,1000,1000,1000
San Marino,SMR,Fertilizer consumption (kilograms per hectare of arable land),AG.CON.FERT.ZS,..,..,..,..,..,..,..,..,..,..,..,..,..,..
Sao Tome and Principe,STP,Arable land (hectares),AG.LND.ARBL.HA,7000,8000,8000,8000,8000,8500,9000,9000,8500,8700,8700,8700,8700,8700
Sao Tome and Principe,STP,Fertilizer consumption (kilograms per hectare of arable land),AG.CON.FERT.ZS,..,..,..,..,..,..,..,..,..,..,..,..,..,..
Saudi Arabia,SAU,Arable land (hectares),AG.LND.ARBL.HA,3600000,3600000,3500000,3500000,3450000,3446000,3339000,3196000,3180000,3159000,3117000,3068000,3502000,3502000
Saudi Arabia,SAU,Fertilizer consumption (kilograms per hectare of arable land),AG.CON.FERT.ZS,56.47972222,119.1816667,104.9914286,93.90285714,98.7826087,118.8247243,77.59508835,43.82352941,92.0408805,148.3159228,91.80301572,90.63559322,175.6110794,175.6110794
Senegal,SEN,Arable land (hectares),AG.LND.ARBL.HA,3050000,2932000,2987000,3126000,2836000,2850000,3620000,3830000,3800000,3300000,3300000,3200000,3200000,3200000
Senegal,SEN,Fertilizer consumption (kilograms per hectare of arable land),AG.CON.FERT.ZS,11.79442623,10.93860846,12.71175092,9.86628279,2.308885755,2.145964912,2.303038674,6.371801567,8.202368421,6.827575758,10.52424242,12.38125,11.740625,16.315625
Serbia,SRB,Arable land (hectares),AG.LND.ARBL.HA,..,..,..,..,2595700,2616800,2660500,2613700,2654300,2639500,2562100,2590300,2605700,2591000
Serbia,SRB,Fertilizer consumption (kilograms per hectare of arable land),AG.CON.FERT.ZS,..,..,..,..,150.0577879,193.7129318,142.1789137,181.101121,144.4640772,158.2921008,221.9728894,198.6923291,168.4315769,159.3698379
Seychelles,SYC,Arable land (hectares),AG.LND.ARBL.HA,1000,1000,1000,1000,1000,1000,1000,1000,900,140,140,150,150,150
Seychelles,SYC,Fertilizer consumption (kilograms per hectare of arable land),AG.CON.FERT.ZS,..,24,11,34,11,30,34,52,32.22222222,321.4285714,525,394.5333333,362.6,818.2666667
Sierra Leone,SLE,Arable land (hectares),AG.LND.ARBL.HA,910080,1236670,1437730,1472020,1689880,1283720,1372230,1460970,1580380,1652630,1471650,1583650,1584000,1584000
Sierra Leone,SLE,Fertilizer consumption (kilograms per hectare of arable land),AG.CON.FERT.ZS,..,..,..,..,..,..,..,..,..,..,..,..,..,..
Singapore,SGP,Arable land (hectares),AG.LND.ARBL.HA,1000,600,700,660,650,700,600,600,640,630,630,570,560,560
Singapore,SGP,Fertilizer consumption (kilograms per hectare of arable land),AG.CON.FERT.ZS,1830,11566.66667,13528.57143,13753.0303,16532.30769,16242.85714,16266.66667,4663.333333,3131.25,4373.015873,14201.49206,14445.54386,1053.125,33066.92857
Sint Maarten (Dutch part),SXM,Arable land (hectares),AG.LND.ARBL.HA,..,..,..,..,..,..,..,..,..,..,..,..,..,..
Sint Maarten (Dutch part),SXM,Fertilizer consumption (kilograms per hectare of arable land),AG.CON.FERT.ZS,..,..,..,..,..,..,..,..,..,..,..,..,..,..
Slovak Republic,SVK,Arable land (hectares),AG.LND.ARBL.HA,1410000,1413000,1393000,1391000,1378000,1377000,1382000,1382000,1392000,1391200,1392300,1394000,1394400,1382500
Slovak Republic,SVK,Fertilizer consumption (kilograms per hectare of arable land),AG.CON.FERT.ZS,83.10638298,78.94833687,83.66690596,80.50395399,91.78156749,89.95061728,75.08393632,78.30969609,85.06393678,95.9373203,106.9194857,113.5710187,109.3932874,110.3349005
Slovenia,SVN,Arable land (hectares),AG.LND.ARBL.HA,168000,173000,176000,176000,178000,175000,183410,184250,184590,184350,183700,185100,184190,184050
Slovenia,SVN,Fertilizer consumption (kilograms per hectare of arable land),AG.CON.FERT.ZS,403.4761905,400.2890173,358.6988636,329.5511364,322.005618,324.5257143,279.8429748,233.834464,266.5691533,256.506645,250.3810561,253.9330092,262.8644335,267.7424613
Small states,SST,Arable land (hectares),AG.LND.ARBL.HA,..,..,..,..,..,..,..,..,..,..,..,..,..,..
Small states,SST,Fertilizer consumption (kilograms per hectare of arable land),AG.CON.FERT.ZS,..,..,..,..,..,..,..,..,..,..,78.96342297,86.4631815,84.03621761,93.37326539
Solomon Islands,SLB,Arable land (hectares),AG.LND.ARBL.HA,15000,16000,16000,16000,16000,16000,17000,18000,19000,19000,20000,20000,20000,20000
Solomon Islands,SLB,Fertilizer consumption (kilograms per hectare of arable land),AG.CON.FERT.ZS,..,..,..,..,..,..,..,..,..,..,..,..,..,..
Somalia,SOM,Arable land (hectares),AG.LND.ARBL.HA,1200000,1250000,1350000,1350000,1140000,1000000,1100000,1100000,1100000,1000000,1000000,1100000,1100000,1100000
Somalia,SOM,Fertilizer consumption (kilograms per hectare of arable land),AG.CON.FERT.ZS,..,..,..,..,..,..,..,..,..,..,..,..,..,..
South Africa,ZAF,Arable land (hectares),AG.LND.ARBL.HA,13700000,13600000,13300000,13175000,12600000,12600000,12800000,12660000,12533000,12033000,12500000,12500000,12500000,12500000
South Africa,ZAF,Fertilizer consumption (kilograms per hectare of arable land),AG.CON.FERT.ZS,61.20489051,55.15007353,60.28759398,47.33100569,62.33642857,61.02174603,56.29320313,60.24747235,53.78097822,60.33740547,59.52336,57.71848,65.01304,58.5116
South Asia,SAS,Arable land (hectares),AG.LND.ARBL.HA,..,..,..,..,..,..,..,..,..,..,..,..,..,..
South Asia,SAS,Fertilizer consumption (kilograms per hectare of arable land),AG.CON.FERT.ZS,99.76452827,102.4854541,112.1182069,124.2851015,131.3940447,134.6982716,143.7797179,157.7590156,166.4414323,168.211521,153.7400835,150.6856188,157.3829709,164.548129
South Asia (IDA & IBRD),TSA,Arable land (hectares),AG.LND.ARBL.HA,..,..,..,..,..,..,..,..,..,..,..,..,..,..
South Asia (IDA & IBRD),TSA,Fertilizer consumption (kilograms per hectare of arable land),AG.CON.FERT.ZS,99.76452827,102.4854541,112.1182069,124.2851015,131.3940447,134.6982716,143.7797179,157.7590156,166.4414323,168.211521,153.7400835,150.6856188,157.3829709,164.548129
South Sudan,SSD,Arable land (hectares),AG.LND.ARBL.HA,..,..,..,..,..,..,..,..,..,..,..,..,..,..
South Sudan,SSD,Fertilizer consumption (kilograms per hectare of arable land),AG.CON.FERT.ZS,..,..,..,..,..,..,..,..,..,..,..,..,..,..
Spain,ESP,Arable land (hectares),AG.LND.ARBL.HA,12909000,13017000,13025000,12913000,12720000,12586000,12488000,12497000,12528000,12429000,12570000,12181000,12278000,12338000
Spain,ESP,Fertilizer consumption (kilograms per hectare of arable land),AG.CON.FERT.ZS,164.4517778,175.2709534,165.4026104,142.1395493,142.3294811,157.7222311,106.5446028,96.92694247,130.6752874,122.6164615,122.5808274,143.5965028,151.3560841,150.5089966
Sri Lanka,LKA,Arable land (hectares),AG.LND.ARBL.HA,936000,950000,900000,1100000,1050000,1000000,1200000,1100000,1200000,1300000,1250000,1300000,1300000,1300000
Sri Lanka,LKA,Fertilizer consumption (kilograms per hectare of arable land),AG.CON.FERT.ZS,304.5630342,259.1842105,287.01,255.2918182,291.3152381,288.525,311.7116667,281.3763636,229.0475,257.3146154,214.089456,169.0832769,255.7290231,302.1870231
St. Kitts and Nevis,KNA,Arable land (hectares),AG.LND.ARBL.HA,7000,7000,7000,3970,3980,3990,4000,4000,4500,5000,5000,5000,5000,5000
St. Kitts and Nevis,KNA,Fertilizer consumption (kilograms per hectare of arable land),AG.CON.FERT.ZS,..,84.14285714,7.857142857,13.85390428,22.61306533,12.53132832,20.5,12.75,11.33333333,10.4,10.4,8.8,0.386,16.982
St. Lucia,LCA,Arable land (hectares),AG.LND.ARBL.HA,2000,2000,2000,2200,2300,2400,2500,3000,3000,3000,3000,3000,3000,3000
St. Lucia,LCA,Fertilizer consumption (kilograms per hectare of arable land),AG.CON.FERT.ZS,..,..,..,..,..,..,7.2,88,119.3333333,84,261.8433333,112.4366667,257.4033333,115.3366667
St. Martin (French part),MAF,Arable land (hectares),AG.LND.ARBL.HA,..,..,..,..,..,..,..,..,..,..,..,..,..,..
St. Martin (French part),MAF,Fertilizer consumption (kilograms per hectare of arable land),AG.CON.FERT.ZS,..,..,..,..,..,..,..,..,..,..,..,..,..,..
St. Vincent and the Grenadines,VCT,Arable land (hectares),AG.LND.ARBL.HA,5000,5000,5000,5000,5000,5000,5000,5000,5000,5000,5000,5000,5000,5000
St. Vincent and the Grenadines,VCT,Fertilizer consumption (kilograms per hectare of arable land),AG.CON.FERT.ZS,..,..,..,..,..,..,..,..,..,..,..,..,..,..
Sub-Saharan Africa,SSF,Arable land (hectares),AG.LND.ARBL.HA,..,..,..,..,..,..,..,..,..,..,..,..,..,..
Sub-Saharan Africa,SSF,Fertilizer consumption (kilograms per hectare of arable land),AG.CON.FERT.ZS,..,11.3903233,12.82048911,10.94900844,13.05702173,12.53152622,12.25055459,12.43157498,14.98531295,14.19825147,14.57958,15.54536429,16.66044896,14.97073671
Sub-Saharan Africa (excluding high income),SSA,Arable land (hectares),AG.LND.ARBL.HA,..,..,..,..,..,..,..,..,..,..,..,..,..,..
Sub-Saharan Africa (excluding high income),SSA,Fertilizer consumption (kilograms per hectare of arable land),AG.CON.FERT.ZS,..,11.39024947,12.82049931,10.94888196,13.05703295,12.53143259,12.25044002,12.43136684,14.98523255,14.19803494,14.579228,15.54508357,16.66019268,14.97014162
Sub-Saharan Africa (IDA & IBRD countries),TSS,Arable land (hectares),AG.LND.ARBL.HA,..,..,..,..,..,..,..,..,..,..,..,..,..,..
Sub-Saharan Africa (IDA & IBRD countries),TSS,Fertilizer consumption (kilograms per hectare of arable land),AG.CON.FERT.ZS,..,11.3903233,12.82048911,10.94900844,13.05702173,12.53152622,12.25055459,12.43157498,14.98531295,14.19825147,14.57958,15.54536429,16.66044896,14.97073671
Sudan,SDN,Arable land (hectares),AG.LND.ARBL.HA,16519000,18052000,18019000,18750000,18750000,19247000,19321000,19898800,19877700,19865160,19856760,19839960,19823160,19823160
Sudan,SDN,Fertilizer consumption (kilograms per hectare of arable land),AG.CON.FERT.ZS,3.472486228,3.495457567,4.608968311,2.6752,2.550933333,3.588611212,3.840898504,7.963796812,10.23810602,8.076954829,1.409044577,3.62369279,2.679807861,4.60170326
Suriname,SUR,Arable land (hectares),AG.LND.ARBL.HA,45000,55000,53000,49000,49000,46000,47000,58000,55000,58000,52000,60000,65000,65000
Suriname,SUR,Fertilizer consumption (kilograms per hectare of arable land),AG.CON.FERT.ZS,92.17777778,109.0545455,141.0377358,106.3673469,183.3265306,149.4347826,548.6595745,158.2931034,211.9272727,206.2931034,188.9638462,171.3,220.2895385,98.21538462
Swaziland,SWZ,Arable land (hectares),AG.LND.ARBL.HA,178000,178000,178000,178000,178000,178000,178000,175000,175000,175000,175000,175000,175000,175000
Swaziland,SWZ,Fertilizer consumption (kilograms per hectare of arable land),AG.CON.FERT.ZS,..,..,..,..,..,..,..,..,..,..,..,..,..,..
Sweden,SWE,Arable land (hectares),AG.LND.ARBL.HA,2677000,2666000,2656000,2694000,2651000,2639000,2626000,2634000,2625000,2610000,2599000,2596000,2588000,2581000
Sweden,SWE,Fertilizer consumption (kilograms per hectare of arable land),AG.CON.FERT.ZS,99.88793425,98.23705926,97.85391566,87.89903489,86.42021879,89.46570671,99.16222391,64.00911162,81.85485714,85.21187739,76.07849173,84.43104777,92.80255023,96.68500581
Switzerland,CHE,Arable land (hectares),AG.LND.ARBL.HA,408300,406900,406500,406200,407000,406600,406300,406000,404500,403900,403800,403700,400200,398300
Switzerland,CHE,Fertilizer consumption (kilograms per hectare of arable land),AG.CON.FERT.ZS,196.2062209,203.3693782,216.4378844,227.9640571,228.6535627,229.8967044,227.272951,190.8300493,218.3831891,208.9551869,167.6360575,179.5072331,184.2596702,187.7048958
Syrian Arab Republic,SYR,Arable land (hectares),AG.LND.ARBL.HA,4593000,4625000,4757000,4675000,4670000,4736000,4699000,4670000,4687000,4662000,4665000,4662000,4662000,4662000
Syrian Arab Republic,SYR,Fertilizer consumption (kilograms per hectare of arable land),AG.CON.FERT.ZS,68.35271065,75.84864865,73.18120664,84.94588235,84.54111349,80.64548142,87.98999787,65.42184154,33.01685513,49.72200772,30.24231726,21.4283698,5.697262977,5.032619048
Tajikistan,TJK,Arable land (hectares),AG.LND.ARBL.HA,781000,782000,778000,757000,737000,746000,741000,751400,750700,747800,734000,735000,730000,730000
Tajikistan,TJK,Fertilizer consumption (kilograms per hectare of arable land),AG.CON.FERT.ZS,..,..,33.94344473,37.82430647,73.94843962,74.12868633,70.44534413,64.11498536,60.59677634,66.78924846,72.97730245,73.34409524,83.98728767,80.29465753
Tanzania,TZA,Arable land (hectares),AG.LND.ARBL.HA,8600000,8540000,9500000,9700000,9700000,10000000,11325700,11500000,11600000,12300000,13600000,13500000,13500000,13500000
Tanzania,TZA,Fertilizer consumption (kilograms per hectare of arable land),AG.CON.FERT.ZS,3.699767442,4.455503513,5.289157895,5.75443299,5.397628866,5.0716,4.67662043,7.524608696,8.786637931,8.606910569,7.699411765,4.674888889,8.845660741,8.845260741
Thailand,THA,Arable land (hectares),AG.LND.ARBL.HA,15389000,15200000,15200000,15200000,15200000,15200000,15250000,15695000,15760000,15760000,16560000,16810000,16810000,16810000
Thailand,THA,Fertilizer consumption (kilograms per hectare of arable land),AG.CON.FERT.ZS,110.5225161,149.1803947,131.6952632,112.7269079,117.3998684,124.9528947,130.5175738,122.0593183,162.1557107,159.165165,170.8615254,183.9414277,171.0210369,157.137119
Timor-Leste,TLS,Arable land (hectares),AG.LND.ARBL.HA,145000,150000,170000,170000,170000,160000,160000,160000,150000,150000,160000,155000,155000,155000
Timor-Leste,TLS,Fertilizer consumption (kilograms per hectare of arable land),AG.CON.FERT.ZS,..,..,..,..,..,..,..,..,..,..,..,..,..,..
Togo,TGO,Arable land (hectares),AG.LND.ARBL.HA,2375000,2350000,2325000,2100000,2100000,2310000,2340000,2400000,2460000,2460000,2650000,2650000,2650000,2650000
Togo,TGO,Fertilizer consumption (kilograms per hectare of arable land),AG.CON.FERT.ZS,5.172631579,7.48893617,3.39311828,9.683809524,5.48,6.282251082,0.00042735,6.161666667,8.961788618,10.20284553,5.25649434,11.68861887,2.811660377,3.100015094
Tonga,TON,Arable land (hectares),AG.LND.ARBL.HA,15000,15000,15000,15000,16000,16000,16000,17000,17000,17000,18000,18000,18000,18000
Tonga,TON,Fertilizer consumption (kilograms per hectare of arable land),AG.CON.FERT.ZS,12.93333333,301.5333333,98.06666667,95,45.875,9.5,10.125,261.4117647,239.1764706,108.3529412,319.0961111,615.3683333,35.84222222,36.66666667
Trinidad and Tobago,TTO,Arable land (hectares),AG.LND.ARBL.HA,30000,30000,26000,25000,25000,25000,25000,25000,25000,25000,25000,25000,25000,25000
Trinidad and Tobago,TTO,Fertilizer consumption (kilograms per hectare of arable land),AG.CON.FERT.ZS,796.6666667,150.7333333,84.88461538,160.84,939.8,67.84,868,274.96,659.68,111.24,276,308,360,356
Tunisia,TUN,Arable land (hectares),AG.LND.ARBL.HA,2771000,2790000,2791000,2730000,2763000,2733000,2835000,2707000,2823000,2839000,2848000,2853000,2900000,2900000
Tunisia,TUN,Fertilizer consumption (kilograms per hectare of arable land),AG.CON.FERT.ZS,25.21508481,36.34014337,36.14295951,64.08901099,34.54288817,27.11781925,34.37636684,43.52789065,40.39567836,51.42338852,53.3921875,38.72962846,32.2053931,32.81504483
Turkey,TUR,Arable land (hectares),AG.LND.ARBL.HA,23994000,23372000,23871000,23830000,22981000,21979000,21555000,21351000,21384000,20539000,20577000,20574000,20706000,20645000
Turkey,TUR,Fertilizer consumption (kilograms per hectare of arable land),AG.CON.FERT.ZS,72.79594899,84.29466883,85.62753969,86.75933697,91.83734389,90.34046135,71.97248898,104.5661562,98.3756547,89.94113637,100.3464062,112.3813551,105.2683763,106.6682974
Turkmenistan,TKM,Arable land (hectares),AG.LND.ARBL.HA,2040000,2040000,2040000,2040000,2040000,2040000,1990000,1990000,1940000,1940000,1940000,1940000,1940000,1940000
Turkmenistan,TKM,Fertilizer consumption (kilograms per hectare of arable land),AG.CON.FERT.ZS,..,..,..,..,..,..,..,..,..,..,..,..,..,..
Turks and Caicos Islands,TCA,Arable land (hectares),AG.LND.ARBL.HA,1000,1000,1000,1000,1000,1000,1000,1000,1000,1000,1000,1000,1000,1000
Turks and Caicos Islands,TCA,Fertilizer consumption (kilograms per hectare of arable land),AG.CON.FERT.ZS,..,..,..,..,..,..,..,..,..,..,..,..,..,..
Tuvalu,TUV,Arable land (hectares),AG.LND.ARBL.HA,..,..,..,..,..,..,..,..,..,..,..,..,..,..
Tuvalu,TUV,Fertilizer consumption (kilograms per hectare of arable land),AG.CON.FERT.ZS,..,..,..,..,..,..,..,..,..,..,..,..,..,..
Uganda,UGA,Arable land (hectares),AG.LND.ARBL.HA,5600000,5850000,5950000,5950000,6100000,6250000,6450000,6600000,6750000,6850000,6900000,6900000,6900000,6900000
Uganda,UGA,Fertilizer consumption (kilograms per hectare of arable land),AG.CON.FERT.ZS,1.332678571,1.595042735,1.471932773,0.967394958,1.25442623,1.19952,2.942015504,2.082727273,1.719407407,1.761751825,2.125192754,2.4417,1.819995652,2.381031884
Ukraine,UKR,Arable land (hectares),AG.LND.ARBL.HA,32544000,32480000,32482000,32452000,32446000,32434000,32474000,32478000,32477000,32499000,32518000,32526000,32531000,32541300
Ukraine,UKR,Fertilizer consumption (kilograms per hectare of arable land),AG.CON.FERT.ZS,15.94939159,15.77835591,16.41801613,17.19246888,21.55365839,27.63889745,32.78684486,27.30340538,32.65818887,38.87227299,41.40875823,45.92356884,45.2380806,43.48351172
United Arab Emirates,ARE,Arable land (hectares),AG.LND.ARBL.HA,75000,64000,63000,68000,50600,44600,51600,49900,50600,45100,37100,37500,37500,37500
United Arab Emirates,ARE,Fertilizer consumption (kilograms per hectare of arable land),AG.CON.FERT.ZS,672.2666667,939.375,495.5555556,218.5441176,911.4624506,1104.932735,423.6434109,1324.849699,674.9011858,757.6496674,848.2479784,1033.866667,853.0666667,853.0666667
United Kingdom,GBR,Arable land (hectares),AG.LND.ARBL.HA,5786000,5659000,5819000,5729000,6094000,6085000,6005000,6049000,5970000,6062000,6212000,6265400,6233500,6011000
United Kingdom,GBR,Fertilizer consumption (kilograms per hectare of arable land),AG.CON.FERT.ZS,319.050121,314.1897862,287.3345936,272.8224821,254.1844437,254.0673788,208.1598668,239.8743594,251.9262982,238.700099,235.0289762,246.5923963,243.3624769,246.8807187
United States,USA,Arable land (hectares),AG.LND.ARBL.HA,172977000,171634000,167056000,165115000,160441300,161880000,161812600,157960700,155926200,151669300,155107500,152241700,154265500,152262500
United States,USA,Fertilizer consumption (kilograms per hectare of arable land),AG.CON.FERT.ZS,112.5172711,119.5608096,122.6708409,118.5997638,126.1956865,123.2690882,112.4273202,108.492815,117.1244153,132.3323903,132.587412,137.8995045,135.6514516,137.0272785
Upper middle income,UMC,Arable land (hectares),AG.LND.ARBL.HA,..,..,..,..,..,..,..,..,..,..,..,..,..,..
Upper middle income,UMC,Fertilizer consumption (kilograms per hectare of arable land),AG.CON.FERT.ZS,130.5658924,139.20217,144.2450222,141.0247655,148.3058214,158.7484262,156.6813008,155.6445816,167.6550135,174.3079534,180.2633804,180.3072554,182.003671,174.2776457
Uruguay,URY,Arable land (hectares),AG.LND.ARBL.HA,1381000,1385000,1389000,1392000,1396000,1476000,1826000,2195000,2033000,2352000,2153000,2424000,2410600,2410600
Uruguay,URY,Fertilizer consumption (kilograms per hectare of arable land),AG.CON.FERT.ZS,61.02679218,110.6296029,129.9884809,140.5560345,148.6969914,139.5115176,104.4140197,93.92574032,145.7835711,131.5880102,178.7290989,240.1461345,189.6907533,109.2552891
Uzbekistan,UZB,Arable land (hectares),AG.LND.ARBL.HA,4484000,4500000,4500000,4400000,4400000,4350000,4320000,4300000,4350000,4300000,4400000,4400000,4400000,4400000
Uzbekistan,UZB,Fertilizer consumption (kilograms per hectare of arable land),AG.CON.FERT.ZS,..,..,..,..,162.5,166.6864368,173.0196759,193.3355814,182.5811494,204.7504651,196.6852273,214.4995455,224.8665909,228.4011364
Vanuatu,VUT,Arable land (hectares),AG.LND.ARBL.HA,20000,20000,20000,20000,20000,20000,20000,20000,20000,20000,20000,20000,20000,20000
Vanuatu,VUT,Fertilizer consumption (kilograms per hectare of arable land),AG.CON.FERT.ZS,..,..,..,..,..,..,..,..,..,..,..,..,..,..
"Venezuela, RB",VEN,Arable land (hectares),AG.LND.ARBL.HA,2500000,2600000,2650000,2655000,2655000,2659000,2700000,2600000,2700000,2700000,2700000,2700000,2700000,2700000
"Venezuela, RB",VEN,Fertilizer consumption (kilograms per hectare of arable land),AG.CON.FERT.ZS,144.37,168.8603846,159.5343396,166.7510358,122.7156309,135.4983076,177.9740741,166.1769231,170.6888889,170.3703704,190.1574074,192.702,181.8827963,183.4675259
Vietnam,VNM,Arable land (hectares),AG.LND.ARBL.HA,6600000,6581000,6469500,6358000,6348000,6309600,6282500,6300000,6437400,6437600,6401300,6422800,6409500,6998000
Vietnam,VNM,Fertilizer consumption (kilograms per hectare of arable land),AG.CON.FERT.ZS,304.9639394,342.3026896,403.9071026,292.265335,300.1652489,353.0065297,305.6986868,407.72,323.3497996,309.5481235,352.2604643,489.9445569,434.6016288,438.916619
Virgin Islands (U.S.),VIR,Arable land (hectares),AG.LND.ARBL.HA,2000,2000,2000,2000,1000,1000,1000,1000,1000,1000,1000,1000,1000,1000
Virgin Islands (U.S.),VIR,Fertilizer consumption (kilograms per hectare of arable land),AG.CON.FERT.ZS,..,..,..,..,..,..,..,..,..,..,..,..,..,..
West Bank and Gaza,PSE,Arable land (hectares),AG.LND.ARBL.HA,102000,101000,102000,99000,94000,87000,83000,63350,43700,43500,46150,45150,64000,64000
West Bank and Gaza,PSE,Fertilizer consumption (kilograms per hectare of arable land),AG.CON.FERT.ZS,..,..,..,..,..,..,..,..,..,..,..,..,..,..
World,WLD,Arable land (hectares),AG.LND.ARBL.HA,..,..,..,..,..,..,..,..,..,..,..,..,..,..
World,WLD,Fertilizer consumption (kilograms per hectare of arable land),AG.CON.FERT.ZS,106.3669269,111.4043628,114.819696,114.106493,117.8225723,124.4707383,120.0909254,119.5778823,129.1651177,133.9130307,134.9806398,137.0047613,139.0576931,137.6061338
"Yemen, Rep.",YEM,Arable land (hectares),AG.LND.ARBL.HA,1415000,1252000,1325000,1287000,1374000,1365000,1245000,1171000,1291000,1161000,1253000,1248000,1248000,1248000
"Yemen, Rep.",YEM,Fertilizer consumption (kilograms per hectare of arable land),AG.CON.FERT.ZS,8.197879859,4.496805112,13.66415094,3.808080808,8.423580786,21.40659341,14.63453815,12.04099061,19.45778466,12.40310078,15.39599362,28.81302885,20.73508013,9.092227564
Zambia,ZMB,Arable land (hectares),AG.LND.ARBL.HA,2582000,2874000,2862000,2727000,3013000,2949000,3052000,3550000,3400000,3600000,3800000,3700000,3800000,3800000
Zambia,ZMB,Fertilizer consumption (kilograms per hectare of arable land),AG.CON.FERT.ZS,26.07474826,26.17292971,29.90461216,27.98386505,25.67706605,32.33435063,38.65661861,25.77774648,29.17352941,46.14722222,37.62609474,48.97213784,50.46685789,55.91819737
Zimbabwe,ZWE,Arable land (hectares),AG.LND.ARBL.HA,3650000,3650000,3800000,3900000,4100000,4000000,4250000,4100000,4000000,4200000,4000000,4000000,4000000,4000000
Zimbabwe,ZWE,Fertilizer consumption (kilograms per hectare of arable land),AG.CON.FERT.ZS,35.70136986,40.00876712,22.72421053,21.79948718,32.35634146,27.03525,21.99411765,28.77804878,34.083,26.54833333,18.25,18.975,25.45,22.9
,,,,,,,,,,,,,,,,,
,,,,,,,,,,,,,,,,,
,,,,,,,,,,,,,,,,,
Data from database: World Development Indicators,,,,,,,,,,,,,,,,,
Last Updated: 05/21/2018,,,,,,,,,,,,,,,,,
