country,aboveground_co2_emissions__Mg,year
Afghanistan,18787.03082,2001
Angola,29486062.21,2001
Anguilla,529.1289479,2001
Åland,64096.42209,2001
Albania,1129078.216,2001
Andorra,501.2690396,2001
Argentina,24326150.15,2001
Armenia,33294.62702,2001
Antigua and Barbuda,5367.041742,2001
Australia,29351125.06,2001
Austria,2346282.872,2001
Azerbaijan,129216.7444,2001
Burundi,379171.9469,2001
Belgium,351701.9643,2001
Benin,876427.0908,2001
"Bonaire, Saint Eustatius and Saba",930.326302,2001
Burkina Faso,11139.94772,2001
Bangladesh,1921736.743,2001
Bulgaria,1994814.315,2001
Bahamas,60906.89857,2001
Bosnia and Herzegovina,518720.5008,2001
Belarus,4233777.601,2001
Belize,2661769.854,2001
Bermuda,54.09105986,2001
Bolivia,48454532.61,2001
Brazil,907211582.5,2001
Barbados,2773.32887,2001
Brunei,652209.6196,2001
Bhutan,138892.5389,2001
Botswana,18265.62698,2001
Central African Republic,11475838.33,2001
Canada,210799919.1,2001
Switzerland,448367.1727,2001
Chile,17520669.97,2001
China,74043455.66,2001
Côte d'Ivoire,36609016.77,2001
Cameroon,15468844.75,2001
Democratic Republic of the Congo,197969143.3,2001
Republic of Congo,10993412.48,2001
Colombia,86801353.85,2001
Comoros,13586.26138,2001
Costa Rica,5350873.869,2001
Cuba,4141095.719,2001
Curaçao,136.1362668,2001
Cayman Islands,3129.70017,2001
Cyprus,14182.37917,2001
Czech Republic,1103813.66,2001
Germany,5149871.402,2001
Dominica,10349.2086,2001
Denmark,874813.329,2001
Dominican Republic,3179650.879,2001
Algeria,670436.4269,2001
Ecuador,19213464.66,2001
Egypt,23960.09072,2001
Eritrea,823.4083432,2001
Spain,8523609.856,2001
Estonia,3113193.872,2001
Ethiopia,3988871.193,2001
Finland,23382290.01,2001
Fiji,450894.2646,2001
France,10696980.26,2001
Gabon,6762737.601,2001
United Kingdom,6370354.345,2001
Georgia,207143.6834,2001
Guernsey,210.7830848,2001
Ghana,13189576.07,2001
Gibraltar,34.90793504,2001
Guinea,4924042.855,2001
Guadeloupe,90758.38754,2001
Gambia,531.1663335,2001
Guinea-Bissau,571116.3054,2001
Equatorial Guinea,1710389.612,2001
Greece,2713273.614,2001
Grenada,14201.69899,2001
Guatemala,16706433.91,2001
French Guiana,1792467.348,2001
Guyana,4930703.219,2001
Hong Kong,2802.066116,2001
Honduras,13696649.02,2001
Croatia,1018243.817,2001
Haiti,642546.4436,2001
Hungary,2138309.189,2001
Indonesia,328923884.8,2001
Isle of Man,3788.686229,2001
India,25972126.54,2001
Ireland,3142824.117,2001
Iran,64883.98695,2001
Iraq,3319.078052,2001
Israel,25373.5197,2001
Italy,2150031.688,2001
Jamaica,463520.3479,2001
Jersey,1204.829958,2001
Jordan,86.13518307,2001
Japan,7516744.901,2001
Kazakhstan,951655.7573,2001
Kenya,7014609.667,2001
Kyrgyzstan,124522.7932,2001
Cambodia,11038015.6,2001
Saint Kitts and Nevis,14365.06186,2001
South Korea,1163112.976,2001
Laos,14979527.52,2001
Lebanon,59249.21364,2001
Liberia,9962394.841,2001
Libya,2751.368677,2001
Saint Lucia,11630.7512,2001
Liechtenstein,1393.542532,2001
Sri Lanka,1155105.386,2001
Lesotho,257.6125371,2001
Lithuania,1773681.361,2001
Luxembourg,25316.17783,2001
Latvia,5261652.569,2001
Saint-Martin,534.4614789,2001
Morocco,393043.8685,2001
Moldova,29285.16372,2001
Madagascar,32246270.1,2001
Maldives,304.3839275,2001
Mexico,38127450.45,2001
Macedonia,536119.5208,2001
Mali,89345.07769,2001
Malta,245.8126502,2001
Myanmar,18238394.71,2001
Montenegro,294404.452,2001
Mongolia,3997431.247,2001
Mozambique,15558072.2,2001
Mauritania,6266.576839,2001
Montserrat,2410.589791,2001
Martinique,70386.18583,2001
Mauritius,65444.88455,2001
Malawi,743739.7784,2001
Malaysia,140175446.2,2001
Mayotte,12559.85508,2001
Namibia,69209.91514,2001
New Caledonia,206028.1322,2001
Niger,20.10118647,2001
Nigeria,10995464.28,2001
Nicaragua,15664511.22,2001
Netherlands,218679.7189,2001
Norway,3669059.737,2001
Nepal,757485.0659,2001
New Zealand,16921002.41,2001
Pakistan,68893.34324,2001
Panama,7273226.61,2001
Peru,41615358.09,2001
Philippines,15000125.17,2001
Palau,30140.71205,2001
Papua New Guinea,19359715.73,2001
Poland,4681636.001,2001
Puerto Rico,404921.9737,2001
North Korea,2515941.899,2001
Portugal,5424650.905,2001
Paraguay,26906686.54,2001
Palestina,372.5668008,2001
Reunion,11335.46157,2001
Romania,5694971.192,2001
Russia,264542875.3,2001
Rwanda,462918.3671,2001
Sudan,5760.174368,2001
Senegal,15708.6266,2001
Singapore,10118.65729,2001
Solomon Islands,1084822.515,2001
Sierra Leone,5382238.904,2001
El Salvador,2607329.954,2001
Somalia,56928.28045,2001
Serbia,796283.4275,2001
South Sudan,1014522.675,2001
Sao Tome and Principe,37519.75446,2001
Suriname,2091039.158,2001
Slovakia,1307253.843,2001
Slovenia,214637.0332,2001
Sweden,22734318,2001
Swaziland,2961791.831,2001
Sint Maarten,290.6939557,2001
Seychelles,112.1767803,2001
Syria,55881.85536,2001
Turks and Caicos Islands,872.6821933,2001
Chad,178884.8226,2001
Togo,590364.4281,2001
Thailand,14688936.14,2001
Tajikistan,12421.34381,2001
Turkmenistan,8351.686591,2001
East Timor,306212.3738,2001
Trinidad and Tobago,640406.7192,2001
Tunisia,50767.12691,2001
Turkey,4331588.438,2001
Taiwan,474256.8715,2001
Tanzania,23230343.2,2001
Uganda,10795960.84,2001
Ukraine,7639986.326,2001
Uruguay,1438109.988,2001
United States,559992952.5,2001
Uzbekistan,56822.68696,2001
Saint Vincent and the Grenadines,2738.195084,2001
Venezuela,37123370.22,2001
British Virgin Islands,1278.312571,2001
"Virgin Islands, U.S.",33777.72504,2001
Vietnam,18322580.95,2001
Vanuatu,49873.29362,2001
Akrotiri and Dhekelia,299.5315651,2001
Clipperton Island,2020.180954,2001
Kosovo,377093.4928,2001
Northern Cyprus,3401.439525,2001
South Africa,29648408.2,2001
Zambia,9681251.811,2001
Zimbabwe,2301383.41,2001
Aruba,84.87871662,2002
Afghanistan,41858.69884,2002
Angola,15839289.67,2002
Anguilla,21.9982221,2002
Åland,46016.99937,2002
Albania,277742.6568,2002
Andorra,422.6713971,2002
Argentina,18793817.62,2002
Armenia,43876.96817,2002
Antigua and Barbuda,3877.102543,2002
Australia,39549231.43,2002
Austria,3719696.191,2002
Azerbaijan,232204.7945,2002
Burundi,235995.3567,2002
Belgium,909308.3533,2002
Benin,715762.8289,2002
"Bonaire, Saint Eustatius and Saba",413.9032416,2002
Burkina Faso,812.2734254,2002
Bangladesh,1582402.222,2002
Bulgaria,1057536.287,2002
Bahamas,111932.3283,2002
Bosnia and Herzegovina,226028.3201,2002
Belarus,5760600.706,2002
Belize,4071630.767,2002
Bermuda,172.4354335,2002
Bolivia,60146242.85,2002
Brazil,1212749268,2002
Barbados,2676.35354,2002
Brunei,568739.7893,2002
Bhutan,105732.6903,2002
Botswana,2600.938156,2002
Central African Republic,12453155.66,2002
Canada,315623288.5,2002
Switzerland,336756.8887,2002
Chile,19101053.38,2002
China,79822559.19,2002
Côte d'Ivoire,42315831.64,2002
Cameroon,11672029.63,2002
Democratic Republic of the Congo,215437288.8,2002
Republic of Congo,9900275.16,2002
Colombia,74217261.59,2002
Comoros,17337.76768,2002
Costa Rica,4637129.036,2002
Cuba,3091104.51,2002
Curaçao,211.0810167,2002
Cayman Islands,987.419796,2002
Cyprus,5565.471566,2002
Czech Republic,2247713.011,2002
Germany,5330242.644,2002
Dominica,5357.87987,2002
Denmark,238924.9219,2002
Dominican Republic,2824246.742,2002
Algeria,612360.9938,2002
Ecuador,13640890.07,2002
Egypt,7597.464739,2002
Spain,9219075.388,2002
Estonia,4056753.48,2002
Ethiopia,4077156.864,2002
Finland,21771580.99,2002
Fiji,292490.1575,2002
France,10608604.79,2002
Gabon,6147972.804,2002
United Kingdom,5799880.435,2002
Georgia,160898.8415,2002
Guernsey,7.199709302,2002
Ghana,24341518.58,2002
Gibraltar,19.10930241,2002
Guinea,7940502.94,2002
Guadeloupe,14947.80876,2002
Gambia,6970.109403,2002
Guinea-Bissau,1382793.127,2002
Equatorial Guinea,1463866.869,2002
Greece,957158.8476,2002
Grenada,26789.32096,2002
Guatemala,17624667.92,2002
French Guiana,1477664.135,2002
Guyana,2415890.287,2002
Hong Kong,5652.363786,2002
Honduras,10215337.92,2002
Croatia,688088.4701,2002
Haiti,512283.4265,2002
Hungary,2170270.646,2002
Indonesia,369832008.4,2002
Isle of Man,3154.951296,2002
India,21377068.59,2002
Ireland,1772004.464,2002
Iran,107954.0825,2002
Iraq,2172.656535,2002
Israel,20282.77773,2002
Italy,2454788.514,2002
Jamaica,566072.2984,2002
Jersey,196.50204,2002
Jordan,36.79932958,2002
Japan,8380371.354,2002
Kazakhstan,625086.3504,2002
Kenya,7660051.967,2002
Kyrgyzstan,62403.9555,2002
Cambodia,21194237.48,2002
Saint Kitts and Nevis,5944.944915,2002
South Korea,1022269.146,2002
Laos,22395309,2002
Lebanon,14676.2359,2002
Liberia,19331539.07,2002
Libya,6639.16636,2002
Saint Lucia,4382.837736,2002
Sri Lanka,1002933.486,2002
Lesotho,569.3133262,2002
Lithuania,2263378.745,2002
Luxembourg,35395.98376,2002
Latvia,6128105.738,2002
Saint-Martin,1377.687845,2002
Morocco,820263.2441,2002
Moldova,48672.14821,2002
Madagascar,32591930.53,2002
Maldives,106.3254004,2002
Mexico,37677737.25,2002
Macedonia,227903.6234,2002
Mali,43378.82574,2002
Malta,350.0785978,2002
Myanmar,26535707.55,2002
Montenegro,60152.30127,2002
Mongolia,3071751.114,2002
Mozambique,26021375.13,2002
Montserrat,662.6255032,2002
Martinique,18381.89009,2002
Mauritius,62064.00279,2002
Malawi,1285482.823,2002
Malaysia,132184506.3,2002
Mayotte,8733.664278,2002
Namibia,17459.90909,2002
New Caledonia,171073.1222,2002
Niger,87.08199984,2002
Nigeria,8444925.752,2002
Nicaragua,20612404.31,2002
Netherlands,236283.8672,2002
Norway,4403889.912,2002
Nepal,1053447.097,2002
New Zealand,21631737.09,2002
Pakistan,114044.8767,2002
Panama,7230621.831,2002
Peru,38685702.95,2002
Philippines,13816166.44,2002
Palau,45459.43512,2002
Papua New Guinea,29084054.63,2002
Poland,7705006.314,2002
Puerto Rico,369017.1838,2002
North Korea,1118069.287,2002
Portugal,7762089.629,2002
Paraguay,36214727.88,2002
Palestina,283.2425169,2002
Reunion,171832.574,2002
Romania,5432216.446,2002
Russia,360005494.4,2002
Rwanda,233580.2091,2002
Sudan,14381.26284,2002
Senegal,37562.00734,2002
Singapore,34868.19744,2002
Solomon Islands,2133544.826,2002
Sierra Leone,3946851.151,2002
El Salvador,1311803.388,2002
San Marino,14.81684282,2002
Somalia,37869.24535,2002
Saint Pierre and Miquelon,9.586812338,2002
Serbia,374380.3498,2002
South Sudan,1493755.86,2002
Suriname,2087973.287,2002
Slovakia,1436911.437,2002
Slovenia,256445.6967,2002
Sweden,27593731.86,2002
Swaziland,1748116.09,2002
Sint Maarten,84.58968045,2002
Seychelles,52.61628166,2002
Syria,31185.95671,2002
Turks and Caicos Islands,539.2785185,2002
Chad,399730.2335,2002
Togo,407221.2324,2002
Thailand,24518333.28,2002
Tajikistan,7372.027063,2002
Turkmenistan,20279.61516,2002
East Timor,702277.7827,2002
Trinidad and Tobago,252908.8974,2002
Tunisia,50907.78235,2002
Turkey,4954562.194,2002
Taiwan,407737.4984,2002
Tanzania,22146827.26,2002
Uganda,3048712.951,2002
Ukraine,6733134.69,2002
Uruguay,1302693.955,2002
United States,625407799.2,2002
Uzbekistan,50348.30895,2002
Saint Vincent and the Grenadines,3165.090025,2002
Venezuela,25769229.19,2002
British Virgin Islands,953.0466609,2002
"Virgin Islands, U.S.",6316.389479,2002
Vietnam,18517455.11,2002
Vanuatu,34715.00815,2002
Akrotiri and Dhekelia,101.9628366,2002
Clipperton Island,4945.309741,2002
Kosovo,69214.43054,2002
Northern Cyprus,572.2802126,2002
South Africa,18031913.32,2002
Zambia,13062077.91,2002
Zimbabwe,2072409.648,2002
Aruba,155.7028957,2003
Afghanistan,60343.9369,2003
Angola,12610664.74,2003
Anguilla,138.8644688,2003
Åland,36010.94865,2003
Albania,162704.9836,2003
Andorra,97.09623666,2003
Argentina,33909100.05,2003
Armenia,110995.9091,2003
Antigua and Barbuda,4063.520892,2003
Australia,61600800.58,2003
Austria,4704756.701,2003
Azerbaijan,251412.9697,2003
Burundi,366225.7232,2003
Belgium,738699.7532,2003
Benin,752881.1468,2003
"Bonaire, Saint Eustatius and Saba",5799.263538,2003
Burkina Faso,408.2782019,2003
Bangladesh,844716.8496,2003
Bulgaria,1301497.828,2003
Bahamas,40249.44301,2003
Bosnia and Herzegovina,99723.1366,2003
Belarus,7310867.066,2003
Belize,2217217.306,2003
Bermuda,20.10862947,2003
Bolivia,58687918.15,2003
Brazil,1091660629,2003
Barbados,685.6112755,2003
Brunei,391700.11,2003
Bhutan,223182.6298,2003
Botswana,1067.544296,2003
Central African Republic,5261369.72,2003
Canada,238793557.5,2003
Switzerland,156075.9921,2003
Chile,20016814.49,2003
China,77667889.46,2003
Côte d'Ivoire,24796263.84,2003
Cameroon,10473037.65,2003
Democratic Republic of the Congo,109258408.3,2003
Republic of Congo,7595134.291,2003
Colombia,44944059.47,2003
Comoros,9534.945983,2003
Costa Rica,3036274.79,2003
Cuba,1382153.268,2003
Curaçao,124.1937605,2003
Cayman Islands,997.3417556,2003
Cyprus,4450.264007,2003
Czech Republic,1340742.982,2003
Germany,2364359.475,2003
Dominica,12278.78091,2003
Denmark,304985.0468,2003
Dominican Republic,3122533.761,2003
Algeria,789245.2207,2003
Ecuador,6268630.089,2003
Egypt,10062.59958,2003
Spain,5745394.051,2003
Estonia,1095935.624,2003
Ethiopia,4854451.411,2003
Finland,13097431.01,2003
Fiji,645969.4209,2003
France,8245781.433,2003
Gabon,7598866.292,2003
United Kingdom,471265.6021,2003
Georgia,91382.95677,2003
Ghana,7314436.523,2003
Guinea,2575704.227,2003
Guadeloupe,22880.8278,2003
Gambia,1788.428042,2003
Guinea-Bissau,237349.0039,2003
Equatorial Guinea,928120.4531,2003
Greece,478992.2736,2003
Grenada,29029.54301,2003
Guatemala,26561931.86,2003
French Guiana,1095101.046,2003
Guyana,3522271.511,2003
Hong Kong,2867.285516,2003
Honduras,10785156.37,2003
Croatia,521349.7808,2003
Haiti,276524.815,2003
Hungary,1630901.125,2003
Indonesia,237701291.4,2003
Isle of Man,429.2624049,2003
India,19220227.4,2003
Ireland,776618.994,2003
Iran,63065.36349,2003
Iraq,4151.87664,2003
Israel,5083.432508,2003
Italy,763152.6299,2003
Jamaica,338351.4749,2003
Jordan,11.12676233,2003
Japan,6370981.637,2003
Kazakhstan,610690.4736,2003
Kenya,4700062.472,2003
Kyrgyzstan,22163.01322,2003
Cambodia,20979736.22,2003
Saint Kitts and Nevis,10355.42745,2003
South Korea,767215.0719,2003
Laos,34675417,2003
Lebanon,15688.73353,2003
Liberia,7308759.707,2003
Libya,4080.876661,2003
Saint Lucia,7283.058443,2003
Sri Lanka,952877.3343,2003
Lesotho,527.949411,2003
Lithuania,1954479.844,2003
Luxembourg,39844.07604,2003
Latvia,4580525.153,2003
Saint-Martin,883.5522413,2003
Morocco,428344.8239,2003
Moldova,21017.59655,2003
Madagascar,28373739.68,2003
Maldives,24.95198231,2003
Mexico,35053571.17,2003
Macedonia,231991.1781,2003
Mali,8478.864925,2003
Myanmar,31313433.31,2003
Montenegro,52038.12714,2003
Mongolia,5894554.706,2003
Mozambique,20159912.07,2003
Mauritania,348.5886978,2003
Montserrat,823.087577,2003
Martinique,110640.7735,2003
Mauritius,42551.75143,2003
Malawi,2052781.565,2003
Malaysia,81523882.54,2003
Mayotte,12053.77671,2003
Namibia,39152.25893,2003
New Caledonia,265208.9572,2003
Niger,30.33245613,2003
Nigeria,3285402.808,2003
Nicaragua,16981505.32,2003
Netherlands,90962.89675,2003
Norway,2461181.564,2003
Nepal,1118852.875,2003
New Zealand,15251112.32,2003
Pakistan,220269.9875,2003
Panama,4247489.342,2003
Peru,35763207.49,2003
Philippines,14913865.31,2003
Palau,9293.336309,2003
Papua New Guinea,17477822.03,2003
Poland,7928258.486,2003
Puerto Rico,407193.6069,2003
North Korea,1568960.886,2003
Portugal,5661168.977,2003
Paraguay,49828881.48,2003
Palestina,221.560729,2003
Reunion,47459.78655,2003
Romania,3014072.338,2003
Russia,415283519.9,2003
Rwanda,304646.3162,2003
Sudan,4380.295632,2003
Senegal,8229.834036,2003
Singapore,4787.106735,2003
Solomon Islands,1249256.185,2003
Sierra Leone,2540253.827,2003
El Salvador,1642437.632,2003
San Marino,11.76009185,2003
Somalia,18269.94171,2003
Serbia,286570.6856,2003
South Sudan,433264.2834,2003
Suriname,2287225.302,2003
Slovakia,1275183.706,2003
Slovenia,176387.9641,2003
Sweden,14701950.1,2003
Swaziland,2533485.616,2003
Sint Maarten,360.5479687,2003
Syria,22959.32846,2003
Turks and Caicos Islands,1040.857741,2003
Chad,41387.03397,2003
Togo,457868.4137,2003
Thailand,23169321.05,2003
Tajikistan,6498.586413,2003
Turkmenistan,17510.31479,2003
East Timor,311332.322,2003
Trinidad and Tobago,254498.8838,2003
Tunisia,331228.6764,2003
Turkey,3295379.821,2003
Taiwan,454686.9316,2003
Tanzania,20891063.12,2003
Uganda,4077896.553,2003
Ukraine,9505777.43,2003
Uruguay,1979226.465,2003
United States,481124454.8,2003
Uzbekistan,10187.08125,2003
Saint Vincent and the Grenadines,3736.742535,2003
Venezuela,27468945.35,2003
British Virgin Islands,509.5103121,2003
"Virgin Islands, U.S.",11320.404,2003
Vietnam,16214407.93,2003
Vanuatu,220057.3047,2003
Clipperton Island,1389.195672,2003
Kosovo,84781.1529,2003
Northern Cyprus,431.3471552,2003
South Africa,36361196.11,2003
Zambia,12557756.12,2003
Zimbabwe,2170852.194,2003
Afghanistan,45338.16924,2004
Angola,16165257.83,2004
Anguilla,1188.98747,2004
Åland,121633.123,2004
Albania,1005810.27,2004
Andorra,6322.020384,2004
Argentina,58157098.87,2004
Armenia,19884.4173,2004
Antigua and Barbuda,6178.595004,2004
Australia,28538071.82,2004
Austria,5057199.551,2004
Azerbaijan,116633.69,2004
Burundi,145164.3206,2004
Belgium,1857361.695,2004
Benin,132422.906,2004
"Bonaire, Saint Eustatius and Saba",76.63221809,2004
Burkina Faso,1697.208003,2004
Bangladesh,1625563.849,2004
Bulgaria,2043155.258,2004
Bahamas,87972.46558,2004
Bosnia and Herzegovina,1325869.442,2004
Saint-Barthélemy,23.38238042,2004
Belarus,9028555.818,2004
Belize,1319253.772,2004
Bermuda,145.2831508,2004
Bolivia,66401257,2004
Brazil,1373967899,2004
Barbados,2246.485561,2004
Brunei,610128.05,2004
Bhutan,491573.6333,2004
Botswana,5760.465888,2004
Central African Republic,5678822.032,2004
Canada,402914129,2004
Switzerland,1406563.551,2004
Chile,20625080.88,2004
China,155644373.2,2004
Côte d'Ivoire,13689546.44,2004
Cameroon,9095242.585,2004
Democratic Republic of the Congo,164904550.1,2004
Republic of Congo,5004562.35,2004
Colombia,99457055.71,2004
Comoros,16077.66494,2004
Costa Rica,3238833.704,2004
Cuba,4280589.266,2004
Curaçao,88.68336324,2004
Cayman Islands,9274.28453,2004
Cyprus,15799.87993,2004
Czech Republic,4420689.191,2004
Germany,16071881.51,2004
Dominica,35172.68264,2004
Denmark,483339.4856,2004
Dominican Republic,5694924.368,2004
Algeria,868860.2846,2004
Ecuador,15154070.08,2004
Egypt,15209.24027,2004
Spain,16352804.95,2004
Estonia,3273152.607,2004
Ethiopia,4322608.133,2004
Finland,22313144,2004
Fiji,863730.2115,2004
France,24397672.81,2004
Gabon,4354736.894,2004
United Kingdom,7174148.865,2004
Georgia,642762.0578,2004
Guernsey,19.67162577,2004
Ghana,5492502.905,2004
Guinea,4313008.953,2004
Guadeloupe,59407.9832,2004
Gambia,10608.00011,2004
Guinea-Bissau,824927.3273,2004
Equatorial Guinea,182003.24,2004
Greece,1387905.233,2004
Grenada,284103.2054,2004
Guatemala,17524913.77,2004
French Guiana,2789933.234,2004
Guyana,2036737.18,2004
Hong Kong,5923.641014,2004
Honduras,8654013.029,2004
Croatia,1966298.401,2004
Haiti,593995.3846,2004
Hungary,3476269.003,2004
Indonesia,547481988.3,2004
Isle of Man,2259.180567,2004
India,29458758.71,2004
Ireland,2345333.364,2004
Iran,53291.74347,2004
Iraq,849.892593,2004
Israel,11085.63968,2004
Italy,3682563.804,2004
Jamaica,1399615.732,2004
Jersey,306.3905101,2004
Jordan,403.2601177,2004
Japan,11994788.86,2004
Kazakhstan,1037308.605,2004
Kenya,5603815.713,2004
Kyrgyzstan,39251.86585,2004
Cambodia,31104983.52,2004
Saint Kitts and Nevis,8183.711563,2004
South Korea,2464011.157,2004
Laos,25801796.62,2004
Lebanon,20168.93863,2004
Liberia,2130848.433,2004
Libya,1586.607728,2004
Saint Lucia,14456.47358,2004
Liechtenstein,3763.006625,2004
Sri Lanka,1462398.462,2004
Lesotho,893.287955,2004
Lithuania,2869288.918,2004
Luxembourg,121433.99,2004
Latvia,6325600.99,2004
Saint-Martin,447.3409933,2004
Morocco,282736.2877,2004
Moldova,52938.33443,2004
Madagascar,29561589.46,2004
Maldives,164.651401,2004
Mexico,39464371.74,2004
Macedonia,617272.1735,2004
Mali,35247.83621,2004
Malta,488.3814965,2004
Myanmar,41071020.33,2004
Montenegro,289765.1204,2004
Mongolia,8141732.267,2004
Mozambique,25474709.29,2004
Mauritania,9.053726464,2004
Montserrat,3298.73547,2004
Martinique,62899.40318,2004
Mauritius,119771.5868,2004
Malawi,1617978.011,2004
Malaysia,156105774.5,2004
Mayotte,1712.679252,2004
Namibia,11260.1872,2004
New Caledonia,445577.3533,2004
Niger,10.33688539,2004
Nigeria,3765400.116,2004
Nicaragua,7576345.147,2004
Netherlands,365599.0585,2004
Norway,5472133.187,2004
Nepal,1100580.205,2004
New Zealand,20685733.93,2004
Pakistan,363002.7998,2004
Panama,6557642.467,2004
Peru,49104995.82,2004
Philippines,21266650.61,2004
Palau,16608.97232,2004
Papua New Guinea,30714286.71,2004
Poland,10023146.45,2004
Puerto Rico,446963.8097,2004
North Korea,2364575.56,2004
Portugal,12171037.22,2004
Paraguay,49916438.43,2004
Palestina,187.2745885,2004
Romania,6092530.837,2004
Russia,559968654.6,2004
Rwanda,307542.7289,2004
Sudan,2469.807687,2004
Senegal,29564.37305,2004
Singapore,9502.91482,2004
Solomon Islands,1996601.048,2004
Sierra Leone,1166307.122,2004
El Salvador,1335444.499,2004
San Marino,91.59134275,2004
Somalia,32806.43433,2004
Serbia,874087.737,2004
South Sudan,1865910.334,2004
Suriname,2855046.737,2004
Slovakia,1628666.303,2004
Slovenia,450859.5982,2004
Sweden,42346086.83,2004
Swaziland,2410418.844,2004
Sint Maarten,225.0355694,2004
Syria,22396.21755,2004
Turks and Caicos Islands,1166.064374,2004
Chad,90563.04575,2004
Togo,576348.6668,2004
Thailand,36149706.18,2004
Tajikistan,3982.519471,2004
Turkmenistan,5827.474704,2004
East Timor,866248.425,2004
Trinidad and Tobago,276376.0427,2004
Tunisia,72050.76691,2004
Turkey,5742969.749,2004
Taiwan,790323.4753,2004
Tanzania,16198632.44,2004
Uganda,5763475.209,2004
Ukraine,12486455.88,2004
Uruguay,2790006.813,2004
United States,709525538.5,2004
Uzbekistan,9299.836119,2004
Saint Vincent and the Grenadines,8981.497503,2004
Venezuela,27074502.68,2004
British Virgin Islands,766.255704,2004
"Virgin Islands, U.S.",10490.37296,2004
Vietnam,28420487.12,2004
Vanuatu,151191.7435,2004
Akrotiri and Dhekelia,323.4354249,2004
Clipperton Island,2670.313798,2004
Kosovo,193769.7576,2004
Northern Cyprus,2731.532475,2004
South Africa,27355936.95,2004
Zambia,7720230.522,2004
Zimbabwe,2386402.716,2004
Afghanistan,55875.17754,2005
Angola,20501725.43,2005
Anguilla,514.4653748,2005
Åland,115052.0495,2005
Albania,201526.993,2005
Andorra,685.7155542,2005
Argentina,52868312,2005
Armenia,26016.81232,2005
Antigua and Barbuda,16357.19802,2005
Australia,31965270.97,2005
Austria,7864620.172,2005
Azerbaijan,49088.24865,2005
Burundi,239822.0542,2005
Belgium,1161411.454,2005
Benin,377328.2687,2005
"Bonaire, Saint Eustatius and Saba",321.5365956,2005
Burkina Faso,3244.571758,2005
Bangladesh,1329185.071,2005
Bulgaria,1742583.178,2005
Bahamas,212248.5406,2005
Bosnia and Herzegovina,195275.5498,2005
Saint-Barthélemy,10.34735357,2005
Belarus,8516659.195,2005
Belize,2576516.214,2005
Bermuda,81.72385758,2005
Bolivia,86320680.4,2005
Brazil,1314577679,2005
Barbados,2032.065221,2005
Brunei,639786.1332,2005
Bhutan,386063.9318,2005
Botswana,5337.328334,2005
Central African Republic,9799409.785,2005
Canada,410876439.8,2005
Switzerland,926406.3878,2005
Chile,25491893.74,2005
China,126746706.5,2005
Côte d'Ivoire,17098327.08,2005
Cameroon,10286169.9,2005
Democratic Republic of the Congo,202725835.6,2005
Republic of Congo,7394369.656,2005
Colombia,73984549.79,2005
Comoros,33389.05433,2005
Costa Rica,5465118.601,2005
Cuba,3038612.002,2005
Curaçao,113.5442511,2005
Cayman Islands,1766.768491,2005
Cyprus,6309.934545,2005
Czech Republic,8752796.706,2005
Germany,13996754.87,2005
Dominica,23041.8533,2005
Denmark,1878295.104,2005
Dominican Republic,7332882.032,2005
Algeria,896192.8658,2005
Ecuador,17239139.65,2005
Egypt,8551.008206,2005
Spain,11950375.16,2005
Estonia,2713802.035,2005
Ethiopia,4771498.355,2005
Finland,34992174.17,2005
Fiji,707179.7329,2005
France,14789553.08,2005
Gabon,7979117.063,2005
United Kingdom,2805132.038,2005
Georgia,160093.1601,2005
Ghana,12428835.19,2005
Guinea,3465035.293,2005
Guadeloupe,64958.0021,2005
Gambia,1160.196807,2005
Guinea-Bissau,914874.3787,2005
Equatorial Guinea,742781.8752,2005
Greece,784604.7019,2005
Grenada,19330.53988,2005
Guatemala,29403798.95,2005
French Guiana,1633796.031,2005
Guyana,2905663.197,2005
Hong Kong,2374.882234,2005
Honduras,13600851.72,2005
Croatia,901883.1688,2005
Haiti,559637.9472,2005
Hungary,2942119.491,2005
Indonesia,498080155.6,2005
Isle of Man,2503.659065,2005
India,25171675.82,2005
Ireland,2800983.623,2005
Iran,32774.40264,2005
Iraq,848.7610106,2005
Israel,24654.09825,2005
Italy,2442004.302,2005
Jamaica,2898336.362,2005
Jordan,11.87084418,2005
Japan,11848235.28,2005
Kazakhstan,730260.5232,2005
Kenya,4024959.307,2005
Kyrgyzstan,16441.81634,2005
Cambodia,25670874.63,2005
Saint Kitts and Nevis,6303.324236,2005
South Korea,1931141.027,2005
Laos,28388960.18,2005
Lebanon,57014.44584,2005
Liberia,3703819.837,2005
Libya,3344.35454,2005
Saint Lucia,19467.59426,2005
Liechtenstein,2017.468893,2005
Sri Lanka,1498901.715,2005
Lesotho,390.0129699,2005
Lithuania,4405351.578,2005
Luxembourg,25988.64669,2005
Latvia,8468282.968,2005
Saint-Martin,1172.210327,2005
Morocco,289267.6632,2005
Moldova,22911.39322,2005
Madagascar,31834295.37,2005
Maldives,145.7252359,2005
Mexico,48739270.77,2005
Macedonia,353820.4008,2005
Mali,19148.26701,2005
Malta,72.80990415,2005
Myanmar,37483963,2005
Montenegro,59614.06114,2005
Mongolia,1247443.848,2005
Mozambique,37696469.1,2005
Mauritania,9.348464439,2005
Montserrat,10413.53265,2005
Martinique,72905.06491,2005
Mauritius,63240.30138,2005
Malawi,2580880.957,2005
Malaysia,162042051.2,2005
Mayotte,12951.17198,2005
Namibia,7999.677982,2005
New Caledonia,454205.2072,2005
Nigeria,3380575.169,2005
Nicaragua,35371869.03,2005
Netherlands,423154.1389,2005
Norway,4041386.744,2005
Nepal,1362775.357,2005
New Zealand,17670858.03,2005
Pakistan,267181.0304,2005
Panama,4920014.493,2005
Peru,76401615.12,2005
Philippines,21141848.42,2005
Palau,24501.32153,2005
Papua New Guinea,20210781.4,2005
Poland,20789142.5,2005
Puerto Rico,427030.9508,2005
North Korea,3374011.493,2005
Portugal,9068179.301,2005
Paraguay,42789775.54,2005
Palestina,64.35808609,2005
Reunion,91479.67962,2005
Romania,6430285.422,2005
Russia,296745974.2,2005
Rwanda,228581.6112,2005
Sudan,19922.58838,2005
Senegal,17023.50121,2005
Singapore,22178.57552,2005
Solomon Islands,3345055.386,2005
Sierra Leone,1921095.031,2005
El Salvador,1711002.448,2005
San Marino,23.71185996,2005
Somalia,34662.41882,2005
Serbia,506468.2214,2005
South Sudan,1747205.689,2005
Suriname,1842254.424,2005
Slovakia,9125266.47,2005
Slovenia,688794.1378,2005
Sweden,40470884.78,2005
Swaziland,2053487.942,2005
Sint Maarten,655.1227793,2005
Seychelles,33.54469582,2005
Syria,167225.063,2005
Turks and Caicos Islands,2224.079957,2005
Chad,98975.46094,2005
Togo,470032.0502,2005
Thailand,33858509.61,2005
Tajikistan,5490.886648,2005
Turkmenistan,6047.731488,2005
East Timor,563839.6486,2005
Trinidad and Tobago,428951.2239,2005
Tunisia,138128.1668,2005
Turkey,3951604.225,2005
Taiwan,631084.2568,2005
Tanzania,22359825.98,2005
Uganda,9766886.636,2005
Ukraine,9458087.386,2005
Uruguay,2928982.773,2005
United States,643543295.8,2005
Uzbekistan,4205.58103,2005
Saint Vincent and the Grenadines,6830.865616,2005
Venezuela,27935371.34,2005
British Virgin Islands,1139.599312,2005
"Virgin Islands, U.S.",5309.802732,2005
Vietnam,38795413.97,2005
Vanuatu,92396.68603,2005
Akrotiri and Dhekelia,29.44833168,2005
Clipperton Island,1058.688694,2005
Kosovo,100813.1824,2005
Northern Cyprus,593.9648107,2005
South Africa,42697080.07,2005
Zambia,15404991.94,2005
Zimbabwe,3031498.161,2005
Aruba,46.43779097,2006
Afghanistan,35106.77693,2006
Angola,16862366.5,2006
Anguilla,176.1450268,2006
Åland,16440.75229,2006
Albania,298800.2857,2006
Andorra,2005.192055,2006
Argentina,47480775.7,2006
Armenia,32649.68013,2006
Antigua and Barbuda,13856.36077,2006
Australia,34872435.97,2006
Austria,4706204.206,2006
Azerbaijan,112109.7949,2006
Burundi,82897.81886,2006
Belgium,2720051.934,2006
Benin,345124.839,2006
"Bonaire, Saint Eustatius and Saba",2382.66952,2006
Burkina Faso,939.8726616,2006
Bangladesh,2683243.326,2006
Bulgaria,1296646.416,2006
Bahamas,133188.4806,2006
Bosnia and Herzegovina,174814.4405,2006
Belarus,9773667.956,2006
Belize,1396866.063,2006
Bermuda,19.39468858,2006
Bolivia,73082033.18,2006
Brazil,1034754071,2006
Barbados,901.4248555,2006
Brunei,520548.5991,2006
Bhutan,315293.0355,2006
Botswana,4645.017768,2006
Central African Republic,17057445.83,2006
Canada,364780454.1,2006
Switzerland,795373.6762,2006
Chile,22196423.67,2006
China,182084990.6,2006
Côte d'Ivoire,27678268.73,2006
Cameroon,13935310.58,2006
Democratic Republic of the Congo,190903607.3,2006
Republic of Congo,9146587.073,2006
Colombia,72465685.77,2006
Comoros,5714.44708,2006
Costa Rica,3649535.944,2006
Cuba,3011522.998,2006
Curaçao,517.7766755,2006
Cayman Islands,2974.63681,2006
Cyprus,10537.93386,2006
Czech Republic,2925769.687,2006
Germany,15561229.04,2006
Dominica,11127.20754,2006
Denmark,1081738.419,2006
Dominican Republic,3732144.722,2006
Algeria,1098488.437,2006
Ecuador,15148874.64,2006
Egypt,5918.699239,2006
Spain,18535092.28,2006
Estonia,3889739.969,2006
Ethiopia,4004581.232,2006
Finland,27077930.77,2006
Fiji,787857.7189,2006
France,17906024.17,2006
Gabon,7855410.865,2006
United Kingdom,6047272.213,2006
Georgia,157439.8285,2006
Guernsey,25.7883668,2006
Ghana,8050967.136,2006
Guinea,3996138.623,2006
Guadeloupe,18744.53207,2006
Gambia,1084.315443,2006
Guinea-Bissau,472313.8946,2006
Equatorial Guinea,579474.2964,2006
Greece,1367250.889,2006
Grenada,12840.43941,2006
Guatemala,16714965.81,2006
French Guiana,1506012.981,2006
Guyana,2953862.315,2006
Hong Kong,4733.465341,2006
Honduras,13746042.81,2006
Croatia,693433.129,2006
Haiti,316351.2621,2006
Hungary,2260550.405,2006
Indonesia,588228627.3,2006
Isle of Man,6998.347819,2006
India,26298664.44,2006
Ireland,1849521.549,2006
Iran,26830.66729,2006
Iraq,1231.812736,2006
Israel,23195.97299,2006
Italy,1855848.043,2006
Jamaica,1001141.422,2006
Jersey,46.35126949,2006
Jordan,129.6497021,2006
Japan,12675998.96,2006
Kazakhstan,664804.8369,2006
Kenya,7041755.242,2006
Kyrgyzstan,21972.62093,2006
Cambodia,32417083.17,2006
Saint Kitts and Nevis,7069.149404,2006
South Korea,2160199.639,2006
Laos,49488245.96,2006
Lebanon,27583.4198,2006
Liberia,11816835.29,2006
Libya,2724.182636,2006
Saint Lucia,38345.08208,2006
Liechtenstein,4086.45697,2006
Sri Lanka,2311438.218,2006
Lesotho,625.3276802,2006
Lithuania,3802244.361,2006
Luxembourg,143054.466,2006
Latvia,8086856.078,2006
Saint-Martin,634.2318143,2006
Morocco,463878.9883,2006
Moldova,36384.6091,2006
Madagascar,20862347.43,2006
Maldives,106.7964465,2006
Mexico,42148075.81,2006
Macedonia,578666.8543,2006
Mali,23047.46589,2006
Malta,119.2124724,2006
Myanmar,49448042.06,2006
Montenegro,51786.93324,2006
Mongolia,2208834.136,2006
Mozambique,43604320.86,2006
Montserrat,5097.225014,2006
Martinique,31801.21196,2006
Mauritius,50201.47327,2006
Malawi,1629540.487,2006
Malaysia,148985618.9,2006
Mayotte,16277.73434,2006
Namibia,2449.30393,2006
New Caledonia,637294.6163,2006
Nigeria,6507825.533,2006
Nicaragua,14897700.72,2006
Netherlands,439592.6661,2006
Norway,6814928.744,2006
Nepal,1559186.44,2006
New Zealand,20732136.97,2006
Pakistan,398323.3848,2006
Panama,12945704.08,2006
Peru,42367293.88,2006
Philippines,24348744.49,2006
Palau,20659.85404,2006
Papua New Guinea,30268076.91,2006
Poland,9140317.833,2006
Puerto Rico,425835.0839,2006
North Korea,2686307.745,2006
Portugal,10346728.32,2006
Paraguay,23108717.55,2006
Palestina,106.100502,2006
Reunion,252811.3583,2006
Romania,4258926.527,2006
Russia,370954347.6,2006
Rwanda,201816.4164,2006
Sudan,861.8669606,2006
Senegal,9067.002594,2006
Singapore,16666.19798,2006
Solomon Islands,2574110.219,2006
Sierra Leone,7914994.123,2006
El Salvador,1290701.682,2006
Somalia,16840.2594,2006
Serbia,620639.4841,2006
South Sudan,1514137.543,2006
Suriname,1843749.663,2006
Slovakia,2723383.518,2006
Slovenia,431200.1547,2006
Sweden,38963415.54,2006
Swaziland,4130326.268,2006
Sint Maarten,382.3226492,2006
Seychelles,67.3566821,2006
Syria,61767.11016,2006
Turks and Caicos Islands,520.3511815,2006
Chad,604571.5888,2006
Togo,329143.1657,2006
Thailand,38817774.61,2006
Tajikistan,4044.291724,2006
Turkmenistan,2791.057407,2006
East Timor,1243175.081,2006
Trinidad and Tobago,587988.015,2006
Tunisia,74053.50054,2006
Turkey,5037931.554,2006
Taiwan,861731.5235,2006
Tanzania,19466628.55,2006
Uganda,9104350.049,2006
Ukraine,10696748.45,2006
Uruguay,3834523.274,2006
United States,659118023,2006
Uzbekistan,9891.242752,2006
Saint Vincent and the Grenadines,4228.900909,2006
Venezuela,24835103.82,2006
British Virgin Islands,769.8844474,2006
"Virgin Islands, U.S.",21654.92319,2006
Vietnam,30201598.42,2006
Vanuatu,87719.92688,2006
Akrotiri and Dhekelia,403.1201303,2006
Clipperton Island,1645.142031,2006
Kosovo,173745.6007,2006
Northern Cyprus,2910.087437,2006
South Africa,41108181.2,2006
Zambia,10806369.62,2006
Zimbabwe,4837940.311,2006
Afghanistan,58527.58875,2007
Angola,35438014.52,2007
Anguilla,1197.849277,2007
Åland,40086.42789,2007
Albania,1670117.714,2007
Andorra,731.5520423,2007
Argentina,54082969.14,2007
Armenia,13588.15482,2007
Antigua and Barbuda,7705.08773,2007
Australia,69483845.49,2007
Austria,11838405.6,2007
Azerbaijan,106809.4839,2007
Burundi,461947.4294,2007
Belgium,2364780.207,2007
Benin,1024659.193,2007
"Bonaire, Saint Eustatius and Saba",174.7583921,2007
Burkina Faso,542.4369015,2007
Bangladesh,1512706.839,2007
Bulgaria,2531022.625,2007
Bahamas,84908.3456,2007
Bosnia and Herzegovina,690332.7204,2007
Belarus,7526602.538,2007
Belize,4004862.963,2007
Bolivia,67538798.2,2007
Brazil,875674232.6,2007
Barbados,8238.262743,2007
Brunei,746462.8327,2007
Bhutan,249308.5157,2007
Botswana,4113.635408,2007
Central African Republic,13461788.99,2007
Canada,331841509.2,2007
Switzerland,711536.4922,2007
Chile,29296448.92,2007
China,226105955,2007
Côte d'Ivoire,25660532.03,2007
Cameroon,18179042.17,2007
Democratic Republic of the Congo,193772857.9,2007
Republic of Congo,11426410.05,2007
Colombia,105940518.4,2007
Comoros,29893.20187,2007
Costa Rica,4104529.971,2007
Cuba,1721975.359,2007
Curaçao,579.2696489,2007
Cayman Islands,2768.944376,2007
Cyprus,148269.4448,2007
Czech Republic,7460703.388,2007
Germany,35506471.33,2007
Dominica,17602.37837,2007
Denmark,919748.1675,2007
Dominican Republic,4565476.621,2007
Algeria,1048378.19,2007
Ecuador,24741025.49,2007
Egypt,12488.1586,2007
Spain,15964553.14,2007
Estonia,2952209.738,2007
Ethiopia,8910837.944,2007
Finland,23456652.72,2007
Fiji,875361.3463,2007
France,16416162.46,2007
Gabon,7154921.665,2007
United Kingdom,8982473.263,2007
Georgia,317488.1078,2007
Ghana,11929568.56,2007
Guinea,9115946.335,2007
Guadeloupe,47681.79012,2007
Gambia,7974.878795,2007
Guinea-Bissau,1443062.905,2007
Equatorial Guinea,1327392.92,2007
Greece,8906463.905,2007
Grenada,28281.37786,2007
Guatemala,39339336.72,2007
French Guiana,1926649.446,2007
Guyana,2606883.955,2007
Hong Kong,4725.668732,2007
Honduras,13965774.73,2007
Croatia,975364.7333,2007
Haiti,543599.7825,2007
Hungary,2625565.595,2007
Indonesia,552951727.2,2007
Isle of Man,7671.675312,2007
India,28576603.15,2007
Ireland,3815822.696,2007
Iran,24909.51062,2007
Iraq,2007.853759,2007
Israel,8057.024719,2007
Italy,2572925.426,2007
Jamaica,454141.8056,2007
Jordan,66.46883755,2007
Japan,14929622.41,2007
Kazakhstan,966138.4566,2007
Kenya,9164247.133,2007
Kyrgyzstan,21649.09512,2007
Cambodia,31031872.75,2007
Saint Kitts and Nevis,4329.426269,2007
South Korea,1834519.352,2007
Laos,53846109.69,2007
Lebanon,51214.55277,2007
Liberia,14603974.27,2007
Libya,673.1687636,2007
Saint Lucia,18883.50639,2007
Liechtenstein,3583.108767,2007
Sri Lanka,2625613.199,2007
Lesotho,618.2589834,2007
Lithuania,3542138.04,2007
Luxembourg,200956.212,2007
Latvia,7534741.204,2007
Saint-Martin,562.5362728,2007
Morocco,510918.2132,2007
Moldova,47950.96778,2007
Madagascar,64363835.91,2007
Maldives,160.860035,2007
Mexico,53476871.07,2007
Macedonia,1011071.04,2007
Mali,27774.53737,2007
Malta,165.3867056,2007
Myanmar,57539127.07,2007
Montenegro,307970.667,2007
Mongolia,10190260.05,2007
Mozambique,33453300.41,2007
Montserrat,3929.143472,2007
Martinique,58631.02443,2007
Mauritius,47684.22373,2007
Malawi,2146639.345,2007
Malaysia,177949073,2007
Mayotte,8324.417112,2007
Namibia,9128.751159,2007
New Caledonia,284157.5997,2007
Niger,10.19819026,2007
Nigeria,6111258.67,2007
Nicaragua,35420035.28,2007
Netherlands,498026.5905,2007
Norway,5274420.265,2007
Nepal,1646305.033,2007
New Zealand,20690510.22,2007
Pakistan,314114.9048,2007
Panama,7805809.36,2007
Peru,55861110.39,2007
Philippines,28020429.94,2007
Palau,51378.04368,2007
Papua New Guinea,27096516.3,2007
Poland,14365893.88,2007
Puerto Rico,344534.9279,2007
North Korea,2720088.694,2007
Portugal,8618250.249,2007
Paraguay,64217986.3,2007
Palestina,189.3177946,2007
Romania,12200636.03,2007
Russia,446463852.7,2007
Rwanda,372736.0129,2007
Sudan,36516.3671,2007
Senegal,36706.80127,2007
Singapore,18547.69829,2007
Solomon Islands,3009749.094,2007
Sierra Leone,6494041.416,2007
El Salvador,880611.1796,2007
San Marino,141.3093725,2007
Somalia,36608.63483,2007
Serbia,730771.6647,2007
South Sudan,1756983.442,2007
Suriname,1977539.585,2007
Slovakia,3331146.917,2007
Slovenia,732393.133,2007
Sweden,28956996.96,2007
Swaziland,3123631.448,2007
Sint Maarten,899.6008493,2007
Syria,363980.4218,2007
Turks and Caicos Islands,8100.642228,2007
Chad,205216.3914,2007
Togo,746177.055,2007
Thailand,35959434.79,2007
Tajikistan,2660.431881,2007
Turkmenistan,6846.140896,2007
East Timor,648770.1694,2007
Trinidad and Tobago,410036.0119,2007
Tunisia,192399.231,2007
Turkey,5125307.832,2007
Taiwan,691406.9151,2007
Tanzania,29791803.42,2007
Uganda,12491244.59,2007
Ukraine,17806187.28,2007
Uruguay,3982330.395,2007
United States,698584871.7,2007
Uzbekistan,8385.413541,2007
Saint Vincent and the Grenadines,9497.195038,2007
Venezuela,34889968.68,2007
British Virgin Islands,1778.33557,2007
"Virgin Islands, U.S.",7449.172891,2007
Vietnam,30245049.6,2007
Vanuatu,44963.29254,2007
Akrotiri and Dhekelia,604.4527428,2007
Clipperton Island,2074.751186,2007
Kosovo,268670.0887,2007
Northern Cyprus,2367.12271,2007
South Africa,16785662.07,2007
Zambia,13812786.81,2007
Zimbabwe,2412397.496,2007
Afghanistan,25040.75582,2008
Angola,22664292.42,2008
Anguilla,1400.674042,2008
Åland,211173.6311,2008
Albania,1762028.822,2008
Andorra,1980.186825,2008
Argentina,82481078.38,2008
Armenia,24918.03117,2008
Antigua and Barbuda,10507.30681,2008
Australia,36795862.98,2008
Austria,10174521.7,2008
Azerbaijan,93961.50605,2008
Burundi,458006.4252,2008
Belgium,2784572.195,2008
Benin,94329.42927,2008
"Bonaire, Saint Eustatius and Saba",180.0406909,2008
Burkina Faso,911.6292971,2008
Bangladesh,1697939.49,2008
Bulgaria,1664169.263,2008
Bahamas,329265.0626,2008
Bosnia and Herzegovina,462930.3093,2008
Saint-Barthélemy,25.9378025,2008
Belarus,8273632.665,2008
Belize,2633885.8,2008
Bermuda,52.91369019,2008
Bolivia,111542874,2008
Brazil,842272501.2,2008
Barbados,3736.364902,2008
Brunei,726261.4047,2008
Bhutan,373022.8951,2008
Botswana,3192.099843,2008
Central African Republic,10119052.63,2008
Canada,282152176.7,2008
Switzerland,913140.1497,2008
Chile,29414160.42,2008
China,255680961.9,2008
Côte d'Ivoire,35220234.96,2008
Cameroon,13991012.86,2008
Democratic Republic of the Congo,164713426.8,2008
Republic of Congo,6231239.747,2008
Colombia,93041932.27,2008
Comoros,13710.08303,2008
Costa Rica,7490889.644,2008
Cuba,4230484.403,2008
Curaçao,702.1251938,2008
Cayman Islands,5355.603918,2008
Cyprus,16981.06228,2008
Czech Republic,5868716.954,2008
Germany,22928058.09,2008
Dominica,39623.57212,2008
Denmark,1245935.453,2008
Dominican Republic,6292251.404,2008
Algeria,1632124.624,2008
Ecuador,23333820.25,2008
Egypt,13880.35691,2008
Spain,12015145.9,2008
Estonia,3404983.155,2008
Ethiopia,7433053.49,2008
Finland,29882210.89,2008
Fiji,951091.7192,2008
France,29967854.76,2008
Gabon,7307321.893,2008
United Kingdom,3824838.241,2008
Georgia,242411.4661,2008
Guernsey,70.79413651,2008
Ghana,10599156.56,2008
Guinea,5687762.377,2008
Guadeloupe,40857.69866,2008
Gambia,49790.66817,2008
Guinea-Bissau,769452.7701,2008
Equatorial Guinea,2158333.327,2008
Greece,4504709.315,2008
Grenada,26713.48857,2008
Guatemala,25178872.27,2008
French Guiana,3026537.105,2008
Guyana,4824904.347,2008
Hong Kong,8678.085971,2008
Honduras,14076920.2,2008
Croatia,1165106.076,2008
Haiti,555844.8004,2008
Hungary,2455084.139,2008
Indonesia,576089738,2008
India,32909314.3,2008
Ireland,2368257.697,2008
Iran,70724.38774,2008
Iraq,3412.367299,2008
Israel,11354.47688,2008
Italy,3486009.051,2008
Jamaica,762369.1799,2008
Jersey,494.5291675,2008
Japan,13265388.18,2008
Kazakhstan,971478.6472,2008
Kenya,6033122.157,2008
Kyrgyzstan,21847.41783,2008
Cambodia,35685257.63,2008
Saint Kitts and Nevis,7974.34475,2008
South Korea,3031497.385,2008
Laos,32235327.37,2008
Lebanon,78230.39744,2008
Liberia,11865219.97,2008
Libya,883.912883,2008
Saint Lucia,21867.48982,2008
Liechtenstein,3845.473554,2008
Sri Lanka,1938769.833,2008
Lesotho,1169.772777,2008
Lithuania,3345692.242,2008
Luxembourg,389563.8032,2008
Latvia,6075060.798,2008
Saint-Martin,512.0680633,2008
Morocco,722816.9219,2008
Moldova,28698.18618,2008
Madagascar,40188863.77,2008
Maldives,67.24103889,2008
Mexico,44493989.52,2008
Macedonia,1127466.356,2008
Mali,24279.22858,2008
Malta,172.2011157,2008
Myanmar,46231878.04,2008
Montenegro,498404.8757,2008
Mongolia,8876275.17,2008
Mozambique,50091545.95,2008
Montserrat,2631.413601,2008
Martinique,100830.2961,2008
Mauritius,70399.7703,2008
Malawi,2725850.466,2008
Malaysia,166565097.1,2008
Mayotte,17435.6174,2008
Namibia,4312.813023,2008
New Caledonia,161945.2796,2008
Nigeria,6900125.947,2008
Nicaragua,20112404.98,2008
Netherlands,345390.0013,2008
Norway,5673810.903,2008
Nepal,1394353.301,2008
New Zealand,20564963.82,2008
Oman,11.17030973,2008
Pakistan,327421.855,2008
Panama,15471413.44,2008
Peru,63715811.48,2008
Philippines,16455910.33,2008
Palau,38877.71776,2008
Papua New Guinea,38506950.36,2008
Poland,12073188.45,2008
Puerto Rico,425880.25,2008
North Korea,3842154.07,2008
Portugal,8102561.918,2008
Paraguay,50164390.5,2008
Palestina,437.3297947,2008
Reunion,5291.966905,2008
Romania,5722934.639,2008
Russia,496640773.7,2008
Rwanda,316422.7339,2008
Sudan,11463.26723,2008
Senegal,59638.14281,2008
Singapore,9378.013756,2008
Solomon Islands,4027345.689,2008
Sierra Leone,6442927.59,2008
El Salvador,977123.695,2008
San Marino,63.89954871,2008
Somalia,31925.30495,2008
Serbia,1057001.643,2008
South Sudan,1528553.928,2008
Suriname,4222742.781,2008
Slovakia,4714100.359,2008
Slovenia,676311.5382,2008
Sweden,46327317.33,2008
Swaziland,2002104.313,2008
Sint Maarten,380.2561637,2008
Syria,187413.7512,2008
Turks and Caicos Islands,6938.080272,2008
Chad,674279.0904,2008
Togo,251655.2808,2008
Thailand,31465739.95,2008
Tajikistan,6299.079126,2008
Turkmenistan,14911.05559,2008
East Timor,337139.9324,2008
Trinidad and Tobago,469079.9045,2008
Tunisia,150156.4551,2008
Turkey,5789269.799,2008
Taiwan,937025.7934,2008
Tanzania,38216111.26,2008
Uganda,12030558.36,2008
Ukraine,13663314.25,2008
Uruguay,4318891.257,2008
United States,723636708.1,2008
Uzbekistan,8605.906614,2008
Saint Vincent and the Grenadines,16412.68277,2008
Venezuela,34352081.45,2008
British Virgin Islands,2004.527424,2008
"Virgin Islands, U.S.",11566.09484,2008
Vietnam,43068306.1,2008
Vanuatu,76187.13996,2008
Akrotiri and Dhekelia,252.0057733,2008
Clipperton Island,3032.593278,2008
Kosovo,383669.3451,2008
Northern Cyprus,3869.57711,2008
South Africa,32393400.53,2008
Zambia,16745040.23,2008
Zimbabwe,1295324.698,2008
Aruba,68.34544988,2009
Afghanistan,16462.65656,2009
Angola,38244064.7,2009
Anguilla,252.7344339,2009
Åland,109067.0334,2009
Albania,399580.2611,2009
Andorra,870.223036,2009
Argentina,42224123.4,2009
Armenia,45762.25838,2009
Antigua and Barbuda,15912.53557,2009
Australia,48637184.76,2009
Austria,5778405.72,2009
Azerbaijan,75553.20576,2009
Burundi,206369.7879,2009
Belgium,2012046.986,2009
Benin,1113541.831,2009
"Bonaire, Saint Eustatius and Saba",328.2144225,2009
Burkina Faso,890.9410208,2009
Bangladesh,2161629.201,2009
Bulgaria,1570766.877,2009
Bahamas,119948.3665,2009
Bosnia and Herzegovina,410433.5733,2009
Belarus,8320892.213,2009
Belize,3210743.374,2009
Bermuda,125.6926219,2009
Bolivia,68804174.23,2009
Brazil,614624902,2009
Barbados,3102.745335,2009
Brunei,1082574.433,2009
Bhutan,572218.9435,2009
Botswana,4809.834427,2009
Central African Republic,16881465.17,2009
Canada,244654686,2009
Switzerland,840532.4643,2009
Chile,21425486.51,2009
China,203245203.3,2009
Côte d'Ivoire,32846478.42,2009
Cameroon,16163551.87,2009
Democratic Republic of the Congo,270909769,2009
Republic of Congo,6931810.835,2009
Colombia,90925875.26,2009
Comoros,41437.46638,2009
Costa Rica,8182795.837,2009
Cuba,3506021.813,2009
Curaçao,603.7671004,2009
Cayman Islands,4670.134763,2009
Cyprus,10392.98992,2009
Czech Republic,4755051.226,2009
Germany,10437689.07,2009
Dominica,32689.2055,2009
Denmark,1364761.904,2009
Dominican Republic,3890355.563,2009
Algeria,2227017.096,2009
Ecuador,24422112.9,2009
Egypt,9763.37539,2009
Spain,17515509.07,2009
Estonia,3392686.89,2009
Ethiopia,9424336.032,2009
Finland,24476988.05,2009
Fiji,724808.5131,2009
France,20473167.65,2009
Gabon,8458940.788,2009
United Kingdom,10198463.35,2009
Georgia,134835.996,2009
Guernsey,193.3326763,2009
Ghana,11570517.36,2009
Guinea,6106938.414,2009
Guadeloupe,36271.5033,2009
Gambia,1699.87685,2009
Guinea-Bissau,1834545.986,2009
Equatorial Guinea,2601370.459,2009
Greece,1269595.367,2009
Grenada,40547.95813,2009
Guatemala,28511961.74,2009
French Guiana,1691397.824,2009
Guyana,4041397.493,2009
Hong Kong,16992.65738,2009
Honduras,18313964.54,2009
Croatia,880368.7758,2009
Haiti,657494.7666,2009
Hungary,2760589.805,2009
Indonesia,795186946.2,2009
Isle of Man,11520.95678,2009
India,30265024.21,2009
Ireland,2545053.907,2009
Iran,37495.62911,2009
Iraq,2937.658708,2009
Israel,15944.531,2009
Italy,3285442.93,2009
Jamaica,1294832.807,2009
Jersey,372.2976452,2009
Japan,13319599.99,2009
Kazakhstan,1472300.052,2009
Kenya,5095070.734,2009
Kyrgyzstan,41814.32873,2009
Cambodia,48290260.04,2009
Saint Kitts and Nevis,10894.77417,2009
South Korea,3644803.54,2009
Laos,58070951.1,2009
Lebanon,66946.09344,2009
Liberia,24593914.96,2009
Libya,831.1512991,2009
Saint Lucia,21248.58451,2009
Liechtenstein,1852.873582,2009
Sri Lanka,3315915.958,2009
Lesotho,895.2670724,2009
Lithuania,3157386.414,2009
Luxembourg,86520.7227,2009
Latvia,7349675.217,2009
Macao,33.36027555,2009
Saint-Martin,173.5985615,2009
Morocco,250310.2852,2009
Moldova,37842.27705,2009
Madagascar,46673361.76,2009
Maldives,149.1645462,2009
Mexico,65309315.72,2009
Macedonia,1246281.879,2009
Mali,35894.81746,2009
Malta,303.8112158,2009
Myanmar,84580650.35,2009
Montenegro,179435.5753,2009
Mongolia,14630171.97,2009
Mozambique,52628218.2,2009
Montserrat,1971.425311,2009
Martinique,74338.42761,2009
Mauritius,85751.13699,2009
Malawi,1090987.15,2009
Malaysia,269178021,2009
Mayotte,2223.69368,2009
Namibia,10757.06216,2009
New Caledonia,281631.5411,2009
Nigeria,6254420.805,2009
Nicaragua,32364480.67,2009
Netherlands,461902.7763,2009
Norway,3919880.577,2009
Nepal,2520251.404,2009
New Zealand,20190202.58,2009
Pakistan,256697.8496,2009
Panama,13856152.33,2009
Peru,86623798.05,2009
Philippines,25180096.73,2009
Palau,18216.81869,2009
Papua New Guinea,26146891.99,2009
Poland,11535174.79,2009
Puerto Rico,337527.981,2009
North Korea,2695302.569,2009
Portugal,9564768.143,2009
Paraguay,44890987.32,2009
Palestina,187.8848922,2009
Reunion,73939.99171,2009
Romania,5166922.818,2009
Russia,360575617.4,2009
Rwanda,403779.6512,2009
Sudan,16374.41077,2009
Senegal,33738.76521,2009
Singapore,50688.69352,2009
Solomon Islands,3018839.477,2009
Sierra Leone,8415358.521,2009
El Salvador,1276847.615,2009
San Marino,16.771122,2009
Somalia,43091.69946,2009
Serbia,828852.4001,2009
South Sudan,1425166.637,2009
Suriname,4027111.469,2009
Slovakia,3800009.033,2009
Slovenia,729290.3964,2009
Sweden,33404789.85,2009
Swaziland,4870467.974,2009
Sint Maarten,673.3978091,2009
Seychelles,38.96705259,2009
Syria,26206.9626,2009
Turks and Caicos Islands,11747.49375,2009
Chad,219495.9604,2009
Togo,1289632.711,2009
Thailand,52055164.89,2009
Tajikistan,6601.77675,2009
Turkmenistan,2487.082115,2009
East Timor,1084752.562,2009
Trinidad and Tobago,506741.0421,2009
Tunisia,217114.5546,2009
Turkey,5737431.019,2009
Taiwan,3687941.387,2009
Tanzania,33382475.93,2009
Uganda,7302902.304,2009
Ukraine,12383090.34,2009
Uruguay,3561208.087,2009
United States,471682195,2009
Uzbekistan,18948.50849,2009
Saint Vincent and the Grenadines,11943.13582,2009
Venezuela,40593669.96,2009
British Virgin Islands,1707.699566,2009
"Virgin Islands, U.S.",23901.92212,2009
Vietnam,53865182.51,2009
Vanuatu,481740.6635,2009
Akrotiri and Dhekelia,603.2667976,2009
Clipperton Island,1235.548731,2009
Kosovo,270890.202,2009
Northern Cyprus,4100.533563,2009
South Africa,26276421.95,2009
Zambia,33124080.96,2009
Zimbabwe,5060421.507,2009
Afghanistan,19764.22822,2010
Angola,38193268.74,2010
Anguilla,53.38954961,2010
Åland,102817.3018,2010
Albania,189179.9756,2010
Andorra,426.6451366,2010
Argentina,56571813.84,2010
Armenia,41744.9175,2010
Antigua and Barbuda,4672.396818,2010
Australia,39433106.53,2010
Austria,5851228.964,2010
Azerbaijan,114183.0748,2010
Burundi,471381.8114,2010
Belgium,4229694.888,2010
Benin,105174.2936,2010
"Bonaire, Saint Eustatius and Saba",718.3954448,2010
Burkina Faso,1389.349836,2010
Bangladesh,1727951.636,2010
Bulgaria,941565.3528,2010
Bahamas,57320.80194,2010
Bosnia and Herzegovina,303003.2135,2010
Saint-Barthélemy,44.07824652,2010
Belarus,8347489.145,2010
Belize,3103066.511,2010
Bermuda,188.9043911,2010
Bolivia,145480927.1,2010
Brazil,900657703,2010
Barbados,4270.579903,2010
Brunei,515875.9088,2010
Bhutan,2038970.949,2010
Botswana,3963.05187,2010
Central African Republic,17287103.05,2010
Canada,309358748.5,2010
Switzerland,648152.2897,2010
Chile,22111724.93,2010
China,206319316,2010
Côte d'Ivoire,26905743.71,2010
Cameroon,22392311.37,2010
Democratic Republic of the Congo,332234088.3,2010
Republic of Congo,17341744.12,2010
Colombia,79949351.4,2010
Comoros,36589.17336,2010
Costa Rica,4743165.593,2010
Cuba,2012008.444,2010
Curaçao,198.2842731,2010
Cayman Islands,6523.127334,2010
Cyprus,11497.64382,2010
Czech Republic,5414163.009,2010
Germany,28040886.98,2010
Dominica,40524.4752,2010
Denmark,918112.2861,2010
Dominican Republic,4070044.055,2010
Algeria,532491.0512,2010
Ecuador,15792765.71,2010
Egypt,15200.74096,2010
Spain,14973976.1,2010
Estonia,3962708.893,2010
Ethiopia,6664962.729,2010
Finland,24969687.91,2010
Fiji,977091.3922,2010
France,42989220.93,2010
Micronesia,37987.34104,2010
Gabon,4669495.519,2010
United Kingdom,8689438.387,2010
Georgia,224432.4605,2010
Guernsey,46.93147864,2010
Ghana,5412119.557,2010
Guinea,4289245.108,2010
Guadeloupe,39632.34742,2010
Gambia,3750.478454,2010
Guinea-Bissau,1122624.757,2010
Equatorial Guinea,2837894.248,2010
Greece,1442522.039,2010
Grenada,66912.62322,2010
Guatemala,19994880.64,2010
French Guiana,1895924.032,2010
Guyana,4977113.268,2010
Hong Kong,4363.710437,2010
Honduras,16397645.12,2010
Croatia,1120463.847,2010
Haiti,548085.2909,2010
Hungary,3115693.531,2010
Indonesia,538677295.4,2010
Isle of Man,13342.16572,2010
India,19869693.54,2010
Ireland,1311368.552,2010
Iran,37897.71292,2010
Iraq,2648.091226,2010
Israel,15269.11014,2010
Italy,3618201.286,2010
Jamaica,865314.9995,2010
Jersey,2249.221347,2010
Jordan,9.697999225,2010
Japan,11738772.94,2010
Kazakhstan,749959.5516,2010
Kenya,7674251.071,2010
Kyrgyzstan,54171.52442,2010
Cambodia,95995449.99,2010
Saint Kitts and Nevis,6606.894834,2010
South Korea,3342183.531,2010
Laos,67839367.69,2010
Lebanon,21304.47054,2010
Liberia,6967626.703,2010
Libya,1517.878273,2010
Saint Lucia,37961.02294,2010
Liechtenstein,1161.191258,2010
Sri Lanka,1815735.277,2010
Lesotho,821.0067727,2010
Lithuania,4759527.913,2010
Luxembourg,354945.5605,2010
Latvia,10197863.39,2010
Saint-Martin,151.03891,2010
Morocco,201346.923,2010
Moldova,37292.20845,2010
Madagascar,35036843.51,2010
Maldives,82.64706248,2010
Mexico,41566764.97,2010
Macedonia,626089.0257,2010
Mali,12703.70461,2010
Malta,106.1685724,2010
Myanmar,66516497.55,2010
Montenegro,65720.44255,2010
Mongolia,1413280.057,2010
Mozambique,49423173.49,2010
Montserrat,43760.45408,2010
Martinique,28988.40387,2010
Mauritius,8945.686865,2010
Malawi,1075985.225,2010
Malaysia,187460644.8,2010
Mayotte,12242.60308,2010
Namibia,3737.899681,2010
New Caledonia,159443.6915,2010
Nigeria,8359056.695,2010
Nicaragua,80845226.52,2010
Netherlands,1002964.267,2010
Norway,6689328.746,2010
Nepal,1061632.962,2010
New Zealand,18818349.69,2010
Pakistan,205683.6282,2010
Panama,6298275.589,2010
Peru,70463398.88,2010
Philippines,41764734.13,2010
Palau,18630.04473,2010
Papua New Guinea,37025291.24,2010
Poland,17950069.16,2010
Puerto Rico,219711.7174,2010
North Korea,3931879.943,2010
Portugal,11769775.14,2010
Paraguay,57983294.37,2010
Palestina,233.3962281,2010
Reunion,84791.62599,2010
Romania,5704699.85,2010
Russia,344377761.9,2010
Rwanda,614554.4305,2010
Sudan,8985.882901,2010
Senegal,32281.22304,2010
Singapore,12031.8523,2010
Solomon Islands,2874451.376,2010
Sierra Leone,2528894.024,2010
El Salvador,844137.4262,2010
Somalia,22635.12266,2010
Serbia,802305.9369,2010
South Sudan,797842.3371,2010
Suriname,4045457.907,2010
Slovakia,5990260.859,2010
Slovenia,514899.595,2010
Sweden,40912772.89,2010
Swaziland,2588881.18,2010
Sint Maarten,54.92001444,2010
Syria,51442.33148,2010
Turks and Caicos Islands,4410.358605,2010
Chad,51621.42246,2010
Togo,107622.058,2010
Thailand,53413724,2010
Tajikistan,2152.415913,2010
Turkmenistan,1837.596356,2010
East Timor,274509.9152,2010
Trinidad and Tobago,1297136.576,2010
Tunisia,89055.88502,2010
Turkey,3433927.808,2010
Taiwan,1062215.383,2010
Tanzania,34029134.61,2010
Uganda,12525108.61,2010
Ukraine,13829106.84,2010
Uruguay,3414899.229,2010
United States,536491316.7,2010
Uzbekistan,6586.505341,2010
Saint Vincent and the Grenadines,26418.33323,2010
Venezuela,32264309.02,2010
British Virgin Islands,1330.686765,2010
"Virgin Islands, U.S.",5810.701671,2010
Vietnam,68952249.32,2010
Vanuatu,122011.3546,2010
Akrotiri and Dhekelia,26.56668707,2010
Clipperton Island,2520.49325,2010
Kosovo,157646.3614,2010
Northern Cyprus,1826.724566,2010
South Africa,24153446.52,2010
Zambia,51123478.06,2010
Zimbabwe,1540478.708,2010
Afghanistan,28332.48055,2011
Angola,40965952.83,2011
Anguilla,141.5480871,2011
Åland,77236.57966,2011
Albania,297668.5346,2011
Andorra,310.5594784,2011
Argentina,62521450.26,2011
Armenia,44705.84228,2011
Antigua and Barbuda,6240.908934,2011
Australia,26643160.98,2011
Austria,6734777.481,2011
Azerbaijan,30240.63505,2011
Burundi,242966.0845,2011
Belgium,1987203.507,2011
Benin,131660.0125,2011
"Bonaire, Saint Eustatius and Saba",3006.416266,2011
Burkina Faso,2899.469405,2011
Bangladesh,1583429.685,2011
Bulgaria,865263.9768,2011
Bahamas,83764.35488,2011
Bosnia and Herzegovina,310637.4243,2011
Belarus,10692027.82,2011
Belize,9006754.312,2011
Bermuda,31.56921384,2011
Bolivia,99957830.35,2011
Brazil,637875010.2,2011
Barbados,5163.263117,2011
Brunei,1482801.394,2011
Bhutan,486277.0845,2011
Botswana,2470.715015,2011
Central African Republic,16719574.46,2011
Canada,303906405.7,2011
Switzerland,767816.5421,2011
Chile,23713200.33,2011
China,203347472.7,2011
Côte d'Ivoire,37117631.52,2011
Cameroon,10982321.7,2011
Democratic Republic of the Congo,176024074.9,2011
Republic of Congo,11199562.79,2011
Colombia,77330642.67,2011
Comoros,46065.23902,2011
Costa Rica,3742605.832,2011
Cuba,3423450.506,2011
Curaçao,201.7215156,2011
Cayman Islands,6264.0344,2011
Cyprus,21753.55403,2011
Czech Republic,7450090.999,2011
Germany,11915364.78,2011
Dominica,19592.93065,2011
Denmark,649445.3842,2011
Dominican Republic,3618738.947,2011
Algeria,1741494.264,2011
Ecuador,21197616.89,2011
Egypt,16623.25093,2011
Spain,10555302.14,2011
Estonia,5015128.529,2011
Ethiopia,5136297.235,2011
Finland,22975648.71,2011
Fiji,220072.7416,2011
France,20763127.58,2011
Gabon,7541550.462,2011
United Kingdom,7498264.57,2011
Georgia,158785.1066,2011
Guernsey,151.0460531,2011
Ghana,10096729.07,2011
Guinea,7003078.862,2011
Guadeloupe,24441.32067,2011
Gambia,4665.471465,2011
Guinea-Bissau,1000868.184,2011
Equatorial Guinea,3427926.551,2011
Greece,1156344.046,2011
Grenada,17450.30624,2011
Guatemala,14004849.31,2011
French Guiana,1620304.96,2011
Guyana,4348137.108,2011
Hong Kong,4866.64295,2011
Honduras,18217228.06,2011
Croatia,894351.32,2011
Haiti,630591.5377,2011
Hungary,2249737.711,2011
Indonesia,650771493.5,2011
Isle of Man,3285.635416,2011
India,32962081.85,2011
Ireland,1091655.702,2011
Iran,46429.95231,2011
Iraq,626.2103296,2011
Israel,200723.8337,2011
Italy,2577975.031,2011
Jamaica,886996.867,2011
Jersey,1068.044407,2011
Japan,11771210.17,2011
Kazakhstan,1220845.334,2011
Kenya,5478661.241,2011
Kyrgyzstan,22716.37898,2011
Cambodia,85642496.78,2011
Saint Kitts and Nevis,4505.821097,2011
South Korea,2739913.16,2011
Laos,52463599.9,2011
Lebanon,26112.70624,2011
Liberia,11021875.07,2011
Libya,1568.923857,2011
Saint Lucia,24919.85708,2011
Liechtenstein,805.7971975,2011
Sri Lanka,3577721.752,2011
Lesotho,801.2538788,2011
Lithuania,4997115.821,2011
Luxembourg,181696.666,2011
Latvia,9509801.228,2011
Saint-Martin,2565.290816,2011
Morocco,722842.8661,2011
Moldova,36494.85193,2011
Madagascar,58377832.47,2011
Maldives,289.6275442,2011
Mexico,46094718.89,2011
Macedonia,617587.0978,2011
Mali,37115.47237,2011
Malta,296.4769952,2011
Myanmar,53270248.21,2011
Montenegro,149940.7388,2011
Mongolia,530730.7619,2011
Mozambique,35505170.83,2011
Montserrat,2673.194664,2011
Martinique,57631.69246,2011
Mauritius,154620.2158,2011
Malawi,2312865.423,2011
Malaysia,207447528.2,2011
Mayotte,786.4499978,2011
Namibia,7791.393694,2011
New Caledonia,215543.4001,2011
Nigeria,12996432.66,2011
Nicaragua,17450943.52,2011
Netherlands,340991.4637,2011
Norway,5409892.661,2011
Nepal,1329253.183,2011
New Zealand,20073550.13,2011
Pakistan,147400.2099,2011
Panama,9268283.523,2011
Peru,61435567.27,2011
Philippines,14339204.46,2011
Palau,17998.50581,2011
Papua New Guinea,29249986.87,2011
Poland,14312898.69,2011
Puerto Rico,425519.0403,2011
North Korea,1152356.571,2011
Portugal,6756376.843,2011
Paraguay,62175133.36,2011
Palestina,42.1583495,2011
Reunion,191231.0327,2011
Romania,5379306.077,2011
Russia,508446871.1,2011
Rwanda,267068.2917,2011
Sudan,41342.21729,2011
Senegal,25096.94258,2011
Singapore,20157.89398,2011
Solomon Islands,2705180.335,2011
Sierra Leone,9388149.607,2011
El Salvador,985159.0115,2011
Somalia,27416.94987,2011
Serbia,727015.3573,2011
South Sudan,1820910.686,2011
Suriname,3352108.158,2011
Slovakia,3894916.541,2011
Slovenia,516136.1632,2011
Sweden,33392289.47,2011
Swaziland,929127.9202,2011
Sint Maarten,638.7554897,2011
Syria,32471.44712,2011
Turks and Caicos Islands,1734.224171,2011
Chad,182542.0099,2011
Togo,258549.6272,2011
Thailand,36294080.51,2011
Tajikistan,3819.410512,2011
Turkmenistan,3020.921328,2011
East Timor,571089.4969,2011
Trinidad and Tobago,150856.7928,2011
Tunisia,467493.9939,2011
Turkey,4839212.092,2011
Taiwan,604638.363,2011
Tanzania,33851188.8,2011
Uganda,20935693.92,2011
Ukraine,15973679.58,2011
Uruguay,4871226.078,2011
United States,468964490.5,2011
Uzbekistan,6415.559224,2011
Saint Vincent and the Grenadines,11947.60658,2011
Venezuela,22611362.04,2011
British Virgin Islands,4706.098828,2011
"Virgin Islands, U.S.",15237.47399,2011
Vietnam,52308699.88,2011
Vanuatu,254882.4196,2011
Akrotiri and Dhekelia,214.3535742,2011
Clipperton Island,15428.21069,2011
Kosovo,269889.0509,2011
Northern Cyprus,2658.210276,2011
South Africa,25715174.93,2011
Zambia,18360597.94,2011
Zimbabwe,2766294.113,2011
Aruba,21.90985755,2012
Afghanistan,8914.649776,2012
Angola,40918900.5,2012
Anguilla,243.2311067,2012
Åland,106754.851,2012
Albania,1595011.835,2012
Andorra,2630.613979,2012
Argentina,63395651.05,2012
Armenia,46143.60382,2012
Antigua and Barbuda,7079.55203,2012
Australia,27751818.89,2012
Austria,4045848.204,2012
Azerbaijan,115463.8025,2012
Burundi,193774.1774,2012
Belgium,2273143.347,2012
Benin,612320.0318,2012
"Bonaire, Saint Eustatius and Saba",714.7067336,2012
Burkina Faso,73.68737251,2012
Bangladesh,2105350.309,2012
Bulgaria,2390556.644,2012
Bahamas,53065.87153,2012
Bosnia and Herzegovina,732643.5977,2012
Saint-Barthélemy,25.80394054,2012
Belarus,9307791.957,2012
Belize,3693466.676,2012
Bermuda,85.59945672,2012
Bolivia,89481102.76,2012
Brazil,921731998.4,2012
Barbados,34636.89338,2012
Brunei,973799.7543,2012
Bhutan,353437.3503,2012
Botswana,1810.671796,2012
Central African Republic,18923031.03,2012
Canada,363676488.4,2012
Switzerland,581328.0946,2012
Chile,40698347.34,2012
China,201703883.2,2012
Côte d'Ivoire,28217184.06,2012
Cameroon,20374853.8,2012
Democratic Republic of the Congo,258037678.6,2012
Republic of Congo,12403195.01,2012
Colombia,89298069.16,2012
Comoros,43290.3281,2012
Costa Rica,3722199.766,2012
Cuba,2627063.006,2012
Curaçao,1405.027004,2012
Cayman Islands,1585.715984,2012
Cyprus,9500.803842,2012
Czech Republic,4901907.28,2012
Germany,9176946.973,2012
Dominica,64037.73721,2012
Denmark,917771.2729,2012
Dominican Republic,5131259.247,2012
Algeria,2278848.676,2012
Ecuador,32904011.23,2012
Egypt,69554.59201,2012
Spain,19785808.45,2012
Estonia,3265098.219,2012
Ethiopia,13705265.57,2012
Finland,23321222.86,2012
Fiji,464738.4406,2012
France,21925630.52,2012
Gabon,7204799.317,2012
United Kingdom,10517563.2,2012
Georgia,132883.9627,2012
Guernsey,168.9697731,2012
Ghana,10545773.11,2012
Gibraltar,10.64225702,2012
Guinea,6034134.144,2012
Guadeloupe,82643.49367,2012
Gambia,6545.181822,2012
Guinea-Bissau,785714.5904,2012
Equatorial Guinea,2179870.128,2012
Greece,2340511.16,2012
Grenada,17250.29853,2012
Guatemala,27997232.3,2012
French Guiana,5951687.109,2012
Guyana,6722728.109,2012
Hong Kong,5141.363025,2012
Honduras,10646033.05,2012
Croatia,1539556.203,2012
Haiti,1116525.431,2012
Hungary,3200662.819,2012
Indonesia,931080157.7,2012
Isle of Man,8652.409709,2012
India,36169525.49,2012
Ireland,2016555.185,2012
Iran,78060.46777,2012
Iraq,1749.698831,2012
Israel,8362.322717,2012
Italy,4693866.79,2012
Jamaica,996766.9881,2012
Jersey,2181.465367,2012
Jordan,22.01965676,2012
Japan,14985960.75,2012
Kazakhstan,905862.051,2012
Kenya,5774956.572,2012
Kyrgyzstan,17383.64211,2012
Cambodia,83398160.44,2012
Saint Kitts and Nevis,3750.669568,2012
South Korea,3676293.605,2012
Laos,57677228.19,2012
Lebanon,31780.09575,2012
Liberia,22531392.55,2012
Libya,743.4137569,2012
Saint Lucia,26534.91683,2012
Liechtenstein,1474.848635,2012
Sri Lanka,3782847.115,2012
Lesotho,713.4001003,2012
Lithuania,3884885.932,2012
Luxembourg,181538.8925,2012
Latvia,7123420.753,2012
Saint-Martin,891.993101,2012
Morocco,334832.7012,2012
Moldova,316727.8943,2012
Madagascar,42916443.07,2012
Maldives,59.96290603,2012
Mexico,42831068.73,2012
Macedonia,821103.1456,2012
Mali,17716.17419,2012
Malta,57.84254762,2012
Myanmar,87649010.68,2012
Montenegro,390999.2174,2012
Mongolia,4419214.226,2012
Mozambique,35937179.27,2012
Montserrat,813.3678998,2012
Martinique,113531.4279,2012
Mauritius,58868.41419,2012
Malawi,3520677.684,2012
Malaysia,282466190.4,2012
Mayotte,48217.09551,2012
Namibia,2914.215605,2012
New Caledonia,260592.8535,2012
Niger,18.2298154,2012
Nigeria,8548410.565,2012
Nicaragua,12827431.17,2012
Netherlands,288488.7212,2012
Norway,5003505.041,2012
Nepal,2421303.416,2012
New Zealand,23060750.73,2012
Pakistan,71711.10818,2012
Panama,6695213.746,2012
Peru,131506756.8,2012
Philippines,24816856.41,2012
Palau,15869.28622,2012
Papua New Guinea,41451922.31,2012
Poland,13497843.72,2012
Puerto Rico,235410.5076,2012
North Korea,3362207.881,2012
Portugal,13740660.22,2012
Paraguay,69559767.15,2012
Palestina,67.37370365,2012
Reunion,276624.6256,2012
Romania,9418477.032,2012
Russia,851169729.4,2012
Rwanda,277749.2654,2012
Sudan,2723.659963,2012
Senegal,15941.36327,2012
Singapore,25564.33979,2012
Solomon Islands,4383073.86,2012
Sierra Leone,3938625.466,2012
El Salvador,765809.3763,2012
San Marino,82.060163,2012
Somalia,23992.63862,2012
Serbia,1111530.617,2012
South Sudan,1342075.057,2012
Suriname,11421809.1,2012
Slovakia,3176816.166,2012
Slovenia,296626.2356,2012
Sweden,37150115.5,2012
Swaziland,1369695.181,2012
Sint Maarten,62.70945477,2012
Seychelles,196.1261242,2012
Syria,1151207.965,2012
Turks and Caicos Islands,910.9553181,2012
Chad,493693.8212,2012
Togo,381120.1287,2012
Thailand,42760259.64,2012
Tajikistan,5062.911059,2012
Turkmenistan,1763.720746,2012
East Timor,789759.4672,2012
Trinidad and Tobago,274715.6554,2012
Tunisia,299092.3621,2012
Turkey,5711641.461,2012
Taiwan,563739.7462,2012
Tanzania,37092613.49,2012
Uganda,9282699.979,2012
Ukraine,14651415.94,2012
Uruguay,5417737.861,2012
United States,553672974.4,2012
Uzbekistan,10973.13585,2012
Saint Vincent and the Grenadines,10071.10745,2012
Venezuela,31623856.88,2012
British Virgin Islands,294.9270202,2012
"Virgin Islands, U.S.",7828.27388,2012
Vietnam,71803890.01,2012
Vanuatu,78191.93741,2012
Akrotiri and Dhekelia,376.7535077,2012
Clipperton Island,4777.655807,2012
Kosovo,531990.332,2012
Northern Cyprus,1023.398891,2012
South Africa,31141852.92,2012
Zambia,39895520.79,2012
Zimbabwe,3937527.994,2012
Afghanistan,278.8634355,2013
Angola,38556949.52,2013
Anguilla,169.5728343,2013
Åland,82482.65887,2013
Albania,742439.9405,2013
Andorra,1272.149259,2013
Argentina,53779778.79,2013
Armenia,9673.181981,2013
Antigua and Barbuda,4191.846869,2013
Australia,57256300.56,2013
Austria,2669131.153,2013
Azerbaijan,31282.30632,2013
Burundi,263596.6385,2013
Belgium,1327401.649,2013
Benin,259291.1455,2013
"Bonaire, Saint Eustatius and Saba",788.7782825,2013
Burkina Faso,42.62944537,2013
Bangladesh,2196804.691,2013
Bulgaria,942332.5194,2013
Bahamas,224491.7821,2013
Bosnia and Herzegovina,825069.8961,2013
Saint-Barthélemy,65.58151126,2013
Belarus,6390883.995,2013
Belize,5336481.822,2013
Bermuda,231.1616807,2013
Bolivia,54051171.41,2013
Brazil,590455003.9,2013
Barbados,1380.300927,2013
Brunei,469465.9846,2013
Bhutan,205594.1449,2013
Botswana,1551.08458,2013
Central African Republic,12318240.89,2013
Canada,329891492.3,2013
Switzerland,276677.7044,2013
Chile,24082389.48,2013
China,139716968.7,2013
Côte d'Ivoire,45714243.97,2013
Cameroon,33378531.85,2013
Democratic Republic of the Congo,385962151.5,2013
Republic of Congo,20196808,2013
Colombia,56525321.43,2013
Comoros,519323.8783,2013
Costa Rica,2656595.735,2013
Cuba,1175157.889,2013
Curaçao,785.3127957,2013
Cayman Islands,3222.635014,2013
Cyprus,2383.75972,2013
Czech Republic,2518682.399,2013
Germany,4979528.111,2013
Dominica,9050.234831,2013
Denmark,386269.1518,2013
Dominican Republic,3035201.245,2013
Algeria,1377960.385,2013
Ecuador,20683308.11,2013
Egypt,13832.49497,2013
Spain,15784504.01,2013
Estonia,3038060.574,2013
Ethiopia,9326048.383,2013
Finland,20661668.88,2013
Fiji,1064095.447,2013
France,9647143.919,2013
Gabon,18404767.32,2013
United Kingdom,8180970.712,2013
Georgia,67114.32522,2013
Guernsey,24.9322665,2013
Ghana,20738723.09,2013
Guinea,32933109.35,2013
Guadeloupe,41680.95314,2013
Gambia,1878.62188,2013
Guinea-Bissau,4495670.063,2013
Equatorial Guinea,3170924.935,2013
Greece,981150.911,2013
Grenada,8952.374079,2013
Guatemala,17595938.14,2013
French Guiana,1665829.886,2013
Guyana,3488630.921,2013
Hong Kong,1347.737835,2013
Honduras,14609644.99,2013
Croatia,930862.7274,2013
Haiti,692667.2366,2013
Hungary,2321395.081,2013
Indonesia,480319603.4,2013
Isle of Man,4232.506424,2013
India,30479731.81,2013
Ireland,1524315.131,2013
Iran,12519.45769,2013
Iraq,441.8896988,2013
Israel,7666.363989,2013
Italy,3305107.573,2013
Jamaica,429085.914,2013
Jersey,125.068667,2013
Japan,7538404.727,2013
Kazakhstan,625367.8019,2013
Kenya,3692147.765,2013
Kyrgyzstan,5074.946278,2013
Cambodia,86157264.62,2013
Saint Kitts and Nevis,1930.682634,2013
South Korea,1813533.354,2013
Laos,77843486.21,2013
Lebanon,28561.90958,2013
Liberia,45167814.34,2013
Libya,12271.2481,2013
Saint Lucia,12519.51055,2013
Liechtenstein,761.9686112,2013
Sri Lanka,1766895.814,2013
Lesotho,1218.977354,2013
Lithuania,3003930.326,2013
Luxembourg,139422.0458,2013
Latvia,5632593.35,2013
Saint-Martin,356.4503706,2013
Morocco,166338.8552,2013
Moldova,32804.28411,2013
Madagascar,101000699,2013
Maldives,72.41242686,2013
Mexico,53581168.47,2013
Macedonia,313702.7241,2013
Mali,88936.35247,2013
Malta,52.92085471,2013
Myanmar,96224756.29,2013
Montenegro,742249.5936,2013
Mongolia,91292.25019,2013
Mozambique,40199996.19,2013
Montserrat,319.950888,2013
Martinique,40569.10022,2013
Mauritius,62799.06041,2013
Malawi,2810521.649,2013
Malaysia,141473545.3,2013
Mayotte,115580.4802,2013
Namibia,303.7831067,2013
New Caledonia,604229.014,2013
Nigeria,9845183.573,2013
Nicaragua,17173072.67,2013
Netherlands,148632.2886,2013
Norway,5255770.967,2013
Nepal,343814.4665,2013
New Zealand,25238034.54,2013
Pakistan,17524.3345,2013
Panama,5530522.542,2013
Peru,101760728.6,2013
Philippines,24418976.17,2013
Palau,9469.863133,2013
Papua New Guinea,30656303.9,2013
Poland,8264104.807,2013
Puerto Rico,192496.2383,2013
North Korea,1005096.775,2013
Portugal,11410583.28,2013
Paraguay,43233522.66,2013
Palestina,58.55753871,2013
Reunion,474951.2082,2013
Romania,3751029.75,2013
Russia,792340883.6,2013
Rwanda,556121.6696,2013
Sudan,1800.525138,2013
Senegal,66577.46124,2013
Singapore,7133.790614,2013
Solomon Islands,4625194.639,2013
Sierra Leone,38006938.32,2013
El Salvador,544390.7314,2013
San Marino,19.93296222,2013
Somalia,37163.07865,2013
Saint Pierre and Miquelon,5.713960513,2013
Serbia,896069.8736,2013
South Sudan,859827.3218,2013
Suriname,5706865.531,2013
Slovakia,1729679.994,2013
Slovenia,206114.7907,2013
Sweden,30318206.95,2013
Swaziland,1118533.529,2013
Sint Maarten,475.3385491,2013
Seychelles,242.330111,2013
Syria,270742.3594,2013
Turks and Caicos Islands,1235.199982,2013
Chad,575032.7367,2013
Togo,556190.0729,2013
Thailand,32778048.71,2013
Tajikistan,299.0657411,2013
Turkmenistan,57.86475898,2013
East Timor,156292.6496,2013
Trinidad and Tobago,288603.621,2013
Tunisia,255420.7178,2013
Turkey,4597355.203,2013
Taiwan,320745.237,2013
Tanzania,41645695.33,2013
Uganda,10633748.37,2013
Ukraine,9399220.533,2013
Uruguay,3170337.196,2013
United States,458706276.8,2013
Uzbekistan,4831.089018,2013
Saint Vincent and the Grenadines,4813.208057,2013
Venezuela,19211155.46,2013
British Virgin Islands,685.7285724,2013
"Virgin Islands, U.S.",7609.753036,2013
Vietnam,45652620.44,2013
Vanuatu,404790.1719,2013
Akrotiri and Dhekelia,202.5763228,2013
Clipperton Island,10394.53826,2013
Kosovo,238339.2125,2013
Northern Cyprus,2910.94073,2013
South Africa,17273752.21,2013
Zambia,22136160.93,2013
Zimbabwe,3058736.261,2013
Afghanistan,548.6131211,2014
Angola,47897536.36,2014
Anguilla,43.99766687,2014
Åland,86757.5177,2014
Albania,299474.3416,2014
Andorra,444.648273,2014
Argentina,31519834.73,2014
Armenia,9582.32551,2014
Antigua and Barbuda,4713.759457,2014
Australia,62468140.18,2014
Austria,3383193.922,2014
Azerbaijan,65190.48752,2014
Burundi,400625.5694,2014
Belgium,1663999.01,2014
Benin,277108.5728,2014
"Bonaire, Saint Eustatius and Saba",352.662846,2014
Bangladesh,4400439.992,2014
Bulgaria,1724176.146,2014
Bahamas,118573.5683,2014
Bosnia and Herzegovina,616178.6593,2014
Saint-Barthélemy,44.61757911,2014
Belarus,7598598.725,2014
Belize,5177632.057,2014
Bermuda,164.0000244,2014
Bolivia,81861764.53,2014
Brazil,823499691.6,2014
Barbados,480.9249435,2014
Brunei,1100421.003,2014
Bhutan,553208.0579,2014
Botswana,1729.125925,2014
Central African Republic,16326703.99,2014
Canada,337330928.1,2014
Switzerland,525183.2474,2014
Chile,27926468.58,2014
China,166451636.1,2014
Côte d'Ivoire,84736747.54,2014
Cameroon,70912479.31,2014
Democratic Republic of the Congo,530394194.9,2014
Republic of Congo,26825508.69,2014
Colombia,79585478.1,2014
Comoros,495537.9011,2014
Costa Rica,3631298.966,2014
Cuba,1035381.039,2014
Curaçao,284.648533,2014
Cayman Islands,1184.587013,2014
Cyprus,5705.531653,2014
Czech Republic,4679591.014,2014
Germany,6823841.047,2014
Dominica,4917.609693,2014
Denmark,1065424.746,2014
Dominican Republic,3430317.687,2014
Algeria,1905104.113,2014
Ecuador,12589229.36,2014
Egypt,16375.12107,2014
Spain,18598649.56,2014
Estonia,4188463.407,2014
Ethiopia,9426505.852,2014
Finland,25553116.89,2014
Fiji,1364396.459,2014
France,14355741.07,2014
Gabon,20923042.25,2014
United Kingdom,8841912.207,2014
Georgia,29108.9675,2014
Guernsey,31.2439045,2014
Ghana,30470261.61,2014
Guinea,30014497.67,2014
Guadeloupe,44455.0582,2014
Gambia,2604.716506,2014
Guinea-Bissau,2714028.004,2014
Equatorial Guinea,8692133.761,2014
Greece,674125.064,2014
Grenada,26383.55447,2014
Guatemala,18816128.37,2014
French Guiana,2301682.68,2014
Guyana,5906619.183,2014
Hong Kong,6024.424255,2014
Honduras,19218958.47,2014
Croatia,1450153.907,2014
Haiti,856646.1512,2014
Hungary,3819340.077,2014
Indonesia,762316005.8,2014
Isle of Man,11057.52643,2014
India,51818503.08,2014
Ireland,1886454.243,2014
Iran,14552.28088,2014
Iraq,249.7265338,2014
Israel,20569.67791,2014
Italy,4461817.49,2014
Jamaica,894628.7935,2014
Jersey,38.90214891,2014
Jordan,130.0852277,2014
Japan,9119792.114,2014
Kazakhstan,140090.3714,2014
Kenya,4111907.914,2014
Kyrgyzstan,2749.004218,2014
Cambodia,71651709.75,2014
Saint Kitts and Nevis,1431.418269,2014
South Korea,2675531.697,2014
Laos,89407533.53,2014
Lebanon,29325.70013,2014
Liberia,48306505.94,2014
Libya,657.2525921,2014
Saint Lucia,13311.36011,2014
Liechtenstein,1080.074955,2014
Sri Lanka,3078467.044,2014
Lesotho,2339.126265,2014
Lithuania,3385947.516,2014
Luxembourg,172031.1185,2014
Latvia,6389433.618,2014
Saint-Martin,385.0409439,2014
Morocco,325415.0504,2014
Moldova,73076.84023,2014
Madagascar,131291062.1,2014
Maldives,16.80788393,2014
Mexico,41785690.62,2014
Macedonia,497419.0937,2014
Mali,59076.89532,2014
Myanmar,126688994.3,2014
Montenegro,500533.0103,2014
Mongolia,84470.89559,2014
Mozambique,50330088.17,2014
Montserrat,128.3270994,2014
Martinique,43342.64899,2014
Mauritius,161433.4885,2014
Malawi,4972891.388,2014
Malaysia,283490379,2014
Mayotte,393230.006,2014
Namibia,528.3621731,2014
New Caledonia,525621.4597,2014
Nigeria,15470553.29,2014
Nicaragua,29239654.36,2014
Netherlands,246708.339,2014
Norway,6236304.921,2014
Nepal,509148.9388,2014
New Zealand,26145167.16,2014
Pakistan,12208.11933,2014
Panama,5327886.296,2014
Peru,97462776.28,2014
Philippines,40691532.55,2014
Palau,42952.55019,2014
Papua New Guinea,57604266.48,2014
Poland,13369967.27,2014
Puerto Rico,220192.6612,2014
North Korea,2124503.787,2014
Portugal,13441335.37,2014
Paraguay,42959561.68,2014
Palestina,198.5555184,2014
Reunion,213361.4994,2014
Romania,5721696.685,2014
Russia,616829620.7,2014
Rwanda,731586.3463,2014
Sudan,1056.55861,2014
Senegal,57678.74892,2014
Singapore,48927.98378,2014
Solomon Islands,8199729.044,2014
Sierra Leone,34859471.28,2014
El Salvador,600279.9153,2014
San Marino,36.40515389,2014
Somalia,13499.07448,2014
Serbia,1431894.934,2014
South Sudan,1313246.748,2014
Suriname,8306014.182,2014
Slovakia,5601634.97,2014
Slovenia,1883568.466,2014
Sweden,37069968.9,2014
Swaziland,1715686.276,2014
Sint Maarten,63.78041145,2014
Seychelles,576.3724919,2014
Syria,196661.0481,2014
Turks and Caicos Islands,3621.11321,2014
Chad,595357.7435,2014
Togo,469021.6132,2014
Thailand,53838491.46,2014
Tajikistan,144.2950678,2014
Turkmenistan,207.1591994,2014
East Timor,646506.5396,2014
Trinidad and Tobago,561099.6807,2014
Tunisia,501297.1784,2014
Turkey,4350669.178,2014
Taiwan,380042.3709,2014
Tanzania,46214574,2014
Uganda,11958637.3,2014
Ukraine,11790775.73,2014
Uruguay,4117764.545,2014
United States,515250006.2,2014
Uzbekistan,18444.38817,2014
Saint Vincent and the Grenadines,3760.337934,2014
Venezuela,29475040.04,2014
British Virgin Islands,113.866288,2014
"Virgin Islands, U.S.",5585.281338,2014
Vietnam,74168269.35,2014
Vanuatu,225984.7122,2014
Akrotiri and Dhekelia,197.4329971,2014
Clipperton Island,513.621583,2014
Kosovo,256792.9037,2014
Northern Cyprus,4972.815758,2014
South Africa,21013893.16,2014
Zambia,30203667.41,2014
Zimbabwe,2824217.043,2014
Angola,37273067.59,2015
Åland,89500.04946,2015
Albania,74241.0966,2015
Andorra,642.6673736,2015
Argentina,25072837.26,2015
Armenia,561.8289879,2015
Antigua and Barbuda,1699.187859,2015
Australia,47199702.75,2015
Austria,2843330.537,2015
Azerbaijan,6705.38852,2015
Burundi,290969.7368,2015
Belgium,1323586.926,2015
Benin,132147.3365,2015
Bangladesh,4559557.133,2015
Bulgaria,1885512.354,2015
Bahamas,143964.2471,2015
Bosnia and Herzegovina,185482.4562,2015
Saint-Barthélemy,8.197851479,2015
Belarus,7486903.454,2015
Belize,3890084.325,2015
Bolivia,48869701.15,2015
Brazil,695648979.9,2015
Barbados,607.4825144,2015
Brunei,751405.1086,2015
Bhutan,308789.4883,2015
Central African Republic,8173387.254,2015
Canada,363097609.4,2015
Switzerland,275006.0661,2015
Chile,24908588.19,2015
China,154580202.2,2015
Côte d'Ivoire,38264039.84,2015
Cameroon,31553337.06,2015
Democratic Republic of the Congo,380927561.1,2015
Republic of Congo,16622440.73,2015
Colombia,54643819.48,2015
Comoros,156283.0194,2015
Costa Rica,1073579.859,2015
Cuba,1265910.637,2015
Curaçao,127.8725123,2015
Cayman Islands,6.514452402,2015
Cyprus,3718.184162,2015
Czech Republic,2761243.384,2015
Germany,4475356.78,2015
Dominica,840.9694811,2015
Denmark,491263.6993,2015
Dominican Republic,4005658.428,2015
Algeria,1160763.576,2015
Ecuador,13940758.47,2015
Egypt,4557.592023,2015
Spain,16366608.46,2015
Estonia,4505586.587,2015
Ethiopia,2820974.916,2015
Finland,23846545.4,2015
Fiji,736912.16,2015
France,11772542.19,2015
Gabon,11298550.05,2015
United Kingdom,6949112.463,2015
Georgia,12381.43826,2015
Ghana,14758453.77,2015
Guinea,36001744.14,2015
Guadeloupe,19064.53024,2015
Gambia,1504.61803,2015
Guinea-Bissau,2711860.703,2015
Equatorial Guinea,3403896.615,2015
Greece,681120.8492,2015
Grenada,2597.623886,2015
Guatemala,16240718.03,2015
French Guiana,1557313.678,2015
Guyana,6290951.284,2015
Hong Kong,6330.42556,2015
Honduras,15970027.54,2015
Croatia,767385.9234,2015
Haiti,658506.2807,2015
Hungary,2707825.98,2015
Indonesia,707667164.1,2015
Isle of Man,2711.177893,2015
India,44402879.09,2015
Ireland,1454569.436,2015
Israel,8925.542211,2015
Italy,3085381.876,2015
Jamaica,1018682.657,2015
Jersey,17.65395671,2015
Jordan,66.16387874,2015
Japan,10125676.45,2015
Kazakhstan,47700.60221,2015
Kenya,4580540.467,2015
Cambodia,57861414.65,2015
Saint Kitts and Nevis,397.7298378,2015
South Korea,3519087.621,2015
Laos,107281082.2,2015
Lebanon,32536.3739,2015
Liberia,55605010.6,2015
Libya,24.99751609,2015
Saint Lucia,2359.824934,2015
Liechtenstein,545.0093295,2015
Sri Lanka,1864461.905,2015
Lesotho,338.4109384,2015
Lithuania,3358549.203,2015
Luxembourg,131268.4426,2015
Latvia,6066201.937,2015
Morocco,181493.2081,2015
Moldova,98407.38389,2015
Madagascar,98672835.6,2015
Mexico,48714200.99,2015
Macedonia,213996.0747,2015
Mali,44485.39486,2015
Myanmar,116134209.4,2015
Montenegro,62903.78299,2015
Mongolia,1234973.67,2015
Mozambique,46017612.37,2015
Montserrat,70.29946349,2015
Martinique,9349.136121,2015
Malawi,2900675.72,2015
Malaysia,199007091.3,2015
Mayotte,6165.395241,2015
Namibia,32.18997976,2015
New Caledonia,125270.2907,2015
Nigeria,8974817.053,2015
Nicaragua,13837496.21,2015
Netherlands,255798.7849,2015
Norway,5871352.776,2015
Nepal,234679.7399,2015
New Zealand,21033136.03,2015
Pakistan,646.8220411,2015
Panama,4070845.873,2015
Peru,77780066.31,2015
Philippines,25184038.49,2015
Papua New Guinea,87921874.77,2015
Poland,10015068.26,2015
Puerto Rico,186788.5866,2015
North Korea,1926525.263,2015
Portugal,10184977.73,2015
Paraguay,32559232.76,2015
Palestina,18.86894624,2015
Reunion,1958.219595,2015
Romania,3273205.352,2015
Russia,374607291.9,2015
Rwanda,571228.7287,2015
Sudan,1600.330151,2015
Senegal,52956.63807,2015
Singapore,36202.1498,2015
Solomon Islands,8335748.269,2015
Sierra Leone,50010566,2015
El Salvador,677103.1497,2015
San Marino,32.9155691,2015
Somalia,7461.889879,2015
Serbia,892607.3323,2015
South Sudan,564631.9671,2015
Suriname,6627327.291,2015
Slovakia,1752379.33,2015
Slovenia,367991.5221,2015
Sweden,33132786.43,2015
Swaziland,1140898.318,2015
Syria,509040.134,2015
Turks and Caicos Islands,2552.923737,2015
Chad,519452.3788,2015
Togo,177033.0321,2015
Thailand,48158487.17,2015
East Timor,284523.4346,2015
Trinidad and Tobago,261676.916,2015
Tunisia,391813.8213,2015
Turkey,5664841.588,2015
Taiwan,330695.2597,2015
Tanzania,25887453.18,2015
Uganda,11484907.29,2015
Ukraine,11884668.72,2015
Uruguay,2861833.089,2015
United States,518627827.9,2015
Saint Vincent and the Grenadines,647.3873374,2015
Venezuela,18473160.22,2015
"Virgin Islands, U.S.",87.13260434,2015
Vietnam,74699316.18,2015
Vanuatu,1369837.629,2015
Akrotiri and Dhekelia,973.6245982,2015
Kosovo,156738.0759,2015
Northern Cyprus,2638.87598,2015
South Africa,20502911.36,2015
Zambia,23451457.97,2015
Zimbabwe,3926482.313,2015
Angola,52681305.35,2016
Åland,103348.9182,2016
Albania,221912.0183,2016
Andorra,161.1462921,2016
Argentina,30257152.77,2016
Armenia,8451.533071,2016
Antigua and Barbuda,2450.355921,2016
Australia,85755395.37,2016
Austria,6279698.037,2016
Azerbaijan,6422.836394,2016
Burundi,322365.2386,2016
Belgium,1708760.2,2016
Benin,406715.0113,2016
Bangladesh,7808435.075,2016
Bulgaria,2003250.694,2016
Bahamas,386370.5851,2016
Bosnia and Herzegovina,793507.0465,2016
Belarus,19534869.48,2016
Belize,7122351.335,2016
Bolivia,137035650.7,2016
Brazil,1940051576,2016
Barbados,3243.583267,2016
Brunei,1108988.046,2016
Bhutan,876718.1428,2016
Botswana,67.87499192,2016
Central African Republic,19006885.05,2016
Canada,322453226,2016
Switzerland,600501.1992,2016
Chile,26401479.36,2016
China,221809972,2016
Côte d'Ivoire,52036283.68,2016
Cameroon,46563575.67,2016
Democratic Republic of the Congo,571438175.6,2016
Republic of Congo,45303077.96,2016
Colombia,109892218.4,2016
Comoros,43727.93937,2016
Costa Rica,4639416.941,2016
Cuba,26986414.86,2016
Curaçao,372.4780834,2016
Cayman Islands,9439.456511,2016
Cyprus,106419.9401,2016
Czech Republic,8228813.005,2016
Germany,9396162.879,2016
Dominica,2749.524903,2016
Denmark,885209.8504,2016
Dominican Republic,7365830.812,2016
Algeria,1639430.985,2016
Ecuador,20086499.16,2016
Egypt,5330.17449,2016
Spain,26919828.89,2016
Estonia,6390717.658,2016
Ethiopia,5085789.001,2016
Finland,31890174.49,2016
Fiji,3406245.315,2016
France,18768286.08,2016
Gabon,14225160.86,2016
United Kingdom,8287397.452,2016
Georgia,150588.6897,2016
Ghana,29233581.47,2016
Guinea,48844204.84,2016
Guadeloupe,18050.26621,2016
Gambia,772.0986708,2016
Guinea-Bissau,3431562.668,2016
Equatorial Guinea,4319522.291,2016
Greece,1051853.043,2016
Grenada,22283.06134,2016
Guatemala,57022222.95,2016
French Guiana,3326097.106,2016
Guyana,12092629.85,2016
Hong Kong,12292.2145,2016
Honduras,58914621.57,2016
Croatia,1622033.455,2016
Haiti,5717973.148,2016
Hungary,3466320.684,2016
Indonesia,930757436.9,2016
Isle of Man,4586.426843,2016
India,67927282.36,2016
Ireland,2988220.246,2016
Iran,486.3579283,2016
Iraq,101.8713059,2016
Israel,11212.38532,2016
Italy,5517612.879,2016
Jamaica,648682.7841,2016
Japan,17781134.95,2016
Kazakhstan,289796.9525,2016
Kenya,5291025.385,2016
Kyrgyzstan,2155.893503,2016
Cambodia,78260243.04,2016
Saint Kitts and Nevis,3455.185962,2016
South Korea,4550367.539,2016
Laos,145177568,2016
Lebanon,48259.37957,2016
Liberia,49531625.6,2016
Libya,74.88226936,2016
Saint Lucia,43112.447,2016
Liechtenstein,2157.084825,2016
Sri Lanka,4442805.765,2016
Lesotho,2606.55944,2016
Lithuania,5252535.251,2016
Luxembourg,205977.6936,2016
Latvia,8663670.865,2016
Morocco,387067.3815,2016
Moldova,162288.9202,2016
Madagascar,127491997.2,2016
Mexico,69986673.31,2016
Macedonia,411594.4654,2016
Mali,44501.69233,2016
Myanmar,144446623.5,2016
Montenegro,398505.1158,2016
Mongolia,689849.821,2016
Mozambique,63909880.31,2016
Montserrat,2281.445979,2016
Martinique,7243.185138,2016
Malawi,3572689.067,2016
Malaysia,243726393.4,2016
Mayotte,29173.22678,2016
Namibia,175.5533957,2016
New Caledonia,357548.7515,2016
Nigeria,16225416.89,2016
Nicaragua,55165253.78,2016
Netherlands,395442.4491,2016
Norway,9606408.219,2016
Nepal,411994.8326,2016
New Zealand,25830687.97,2016
Panama,6906484.227,2016
Peru,106574707.5,2016
Philippines,49408828.96,2016
Papua New Guinea,82882474.71,2016
Poland,20450347.82,2016
Puerto Rico,169965.9269,2016
North Korea,2329147.851,2016
Portugal,21109226.12,2016
Paraguay,40145600.74,2016
Reunion,2489.201986,2016
Romania,7144968.925,2016
Russia,741702644.9,2016
Rwanda,711322.8423,2016
Sudan,5131.292408,2016
Senegal,47041.06156,2016
Singapore,36114.97898,2016
Solomon Islands,9312156.965,2016
Sierra Leone,38916523.95,2016
El Salvador,1941203.97,2016
Somalia,10597.93931,2016
Serbia,1523352.964,2016
South Sudan,968367.3529,2016
Suriname,9094981.985,2016
Slovakia,5858631.585,2016
Slovenia,2053055.895,2016
Sweden,46828864.64,2016
Swaziland,1599837.36,2016
Sint Maarten,73.04600078,2016
Syria,382104.5058,2016
Turks and Caicos Islands,2195.946907,2016
Chad,652596.8776,2016
Togo,647125.7108,2016
Thailand,67355377.21,2016
Turkmenistan,14.93032929,2016
East Timor,431788.2867,2016
Trinidad and Tobago,514735.8844,2016
Tunisia,308900.6551,2016
Turkey,5163684.153,2016
Taiwan,1151156.767,2016
Tanzania,35817902.3,2016
Uganda,14464200.02,2016
Ukraine,24443424.22,2016
Uruguay,3638869.17,2016
United States,636214794.7,2016
Saint Vincent and the Grenadines,6342.82362,2016
Venezuela,73283256.46,2016
British Virgin Islands,1032.367656,2016
"Virgin Islands, U.S.",2360.906907,2016
Vietnam,121391678.2,2016
Vanuatu,488028.2367,2016
Akrotiri and Dhekelia,1628.986686,2016
Kosovo,313034.2172,2016
Northern Cyprus,3974.342818,2016
South Africa,21500757.18,2016
Zambia,37603596.22,2016
Zimbabwe,3185121.934,2016
Angola,60519615.19,2017
Anguilla,156.9614407,2017
Åland,113461.7916,2017
Albania,383562.0862,2017
Andorra,1168.888039,2017
Argentina,32367354.33,2017
Armenia,9045.186097,2017
Antigua and Barbuda,11406.93699,2017
Australia,53498587.45,2017
Austria,6639174.541,2017
Azerbaijan,19152.25026,2017
Burundi,333667.6123,2017
Belgium,1555721.149,2017
Benin,492373.3956,2017
Bangladesh,10519325.33,2017
Bulgaria,1907035.31,2017
Bahamas,495014.9312,2017
Bosnia and Herzegovina,406460.6367,2017
Saint-Barthélemy,11.28847224,2017
Belarus,17028770.68,2017
Belize,5146898.124,2017
Bolivia,146509377.9,2017
Brazil,1507651603,2017
Barbados,4313.03033,2017
Brunei,487825.9696,2017
Bhutan,891143.5363,2017
Botswana,134.2591245,2017
Central African Republic,20472989.99,2017
Canada,387483362.3,2017
Switzerland,900585.6779,2017
Chile,49694760.48,2017
China,192412675.5,2017
Côte d'Ivoire,82267213.79,2017
Cameroon,70575641.45,2017
Democratic Republic of the Congo,584185816.6,2017
Republic of Congo,23283966.28,2017
Colombia,164112422.9,2017
Comoros,109414.7177,2017
Costa Rica,7986937.104,2017
Cuba,15158932.32,2017
Curaçao,100.1217995,2017
Cayman Islands,10940.53382,2017
Cyprus,83797.10409,2017
Czech Republic,9728766.213,2017
Germany,11244173.18,2017
Dominica,10511509.12,2017
Denmark,813852.1117,2017
Dominican Republic,7917508.621,2017
Algeria,9988636.118,2017
Ecuador,34377545.94,2017
Egypt,8353.7335,2017
Spain,24389564.93,2017
Estonia,6794341.343,2017
Ethiopia,10714569.05,2017
Finland,44300082.49,2017
Fiji,1188709.938,2017
France,21691330.88,2017
Gabon,16760342.67,2017
United Kingdom,6745497.222,2017
Georgia,61772.57365,2017
Ghana,26876742.17,2017
Guinea,52230358.8,2017
Guadeloupe,18267.70637,2017
Gambia,1193.617506,2017
Guinea-Bissau,3499908.042,2017
Equatorial Guinea,5515459.605,2017
Greece,1505462.147,2017
Grenada,8634.377059,2017
Guatemala,24653232.43,2017
French Guiana,2260509.974,2017
Guyana,9688997.866,2017
Hong Kong,26726.13083,2017
Honduras,37191590.07,2017
Croatia,1700594.577,2017
Haiti,1504044.367,2017
Hungary,3466816.812,2017
Indonesia,511438110.3,2017
Isle of Man,4593.776216,2017
India,72972099.5,2017
Ireland,1931132.369,2017
Iran,21031.74775,2017
Iraq,172.7481046,2017
Israel,16520.92267,2017
Italy,7340974.529,2017
Jamaica,735483.24,2017
Jersey,340.5850224,2017
Jordan,170.9104834,2017
Japan,15348588.28,2017
Kazakhstan,208652.7867,2017
Kenya,6240189.131,2017
Kyrgyzstan,11467.06583,2017
Cambodia,50279031.02,2017
Saint Kitts and Nevis,868.2064189,2017
South Korea,4203167.693,2017
Laos,128608521.9,2017
Lebanon,51305.17135,2017
Liberia,60001446.03,2017
Libya,1678.779586,2017
Saint Lucia,30706.42901,2017
Liechtenstein,1606.607964,2017
Sri Lanka,3731754.86,2017
Lesotho,1348.745407,2017
Lithuania,5336767.757,2017
Luxembourg,158934.5559,2017
Latvia,9068833.19,2017
Saint-Martin,759.0943503,2017
Morocco,468612.8809,2017
Moldova,208567.3672,2017
Madagascar,164564675.7,2017
Mexico,74278809.97,2017
Macedonia,309750.012,2017
Mali,72502.11102,2017
Malta,22.95198171,2017
Myanmar,134726496.2,2017
Montenegro,295601.9148,2017
Mongolia,3921630.657,2017
Mozambique,89739200.25,2017
Montserrat,58.14543151,2017
Martinique,33681.54092,2017
Malawi,3924071.591,2017
Malaysia,210228389.9,2017
Mayotte,16507.86853,2017
Namibia,220.4119544,2017
New Caledonia,328815.125,2017
Nigeria,37632448.47,2017
Nicaragua,86484931,2017
Netherlands,366907.3729,2017
Norway,9237899.386,2017
Nepal,1130121.129,2017
New Zealand,24041906.92,2017
Pakistan,48363.74963,2017
Panama,11681179.71,2017
Peru,133866530.1,2017
Philippines,44661241,2017
Papua New Guinea,62792986.38,2017
Poland,22530503.67,2017
Puerto Rico,22907894.84,2017
North Korea,1728164.7,2017
Portugal,37204457.36,2017
Paraguay,55576904.3,2017
Palestina,292.0603896,2017
Romania,5836444.204,2017
Russia,902094045.2,2017
Rwanda,626999.7997,2017
Sudan,14237.07047,2017
Senegal,71067.94135,2017
Singapore,66221.8167,2017
Solomon Islands,10674613.78,2017
Sierra Leone,51144713.88,2017
El Salvador,1467302.124,2017
San Marino,4.903494172,2017
Somalia,37749.62168,2017
Serbia,1102287.793,2017
South Sudan,1621161.48,2017
Suriname,10592321.64,2017
Slovakia,4854244.872,2017
Slovenia,1851795.47,2017
Sweden,49876557.92,2017
Swaziland,1991481.642,2017
Sint Maarten,885.5490541,2017
Syria,442442.6942,2017
Turks and Caicos Islands,3891.997276,2017
Chad,1392751.985,2017
Togo,1345007.772,2017
Thailand,78565192.22,2017
Tajikistan,20.32870081,2017
Turkmenistan,14.88535569,2017
East Timor,583918.6346,2017
Trinidad and Tobago,296789.1164,2017
Tunisia,1837981.648,2017
Turkey,6722178.898,2017
Taiwan,900806.076,2017
Tanzania,45398966.39,2017
Uganda,22343960.66,2017
Ukraine,19873194.24,2017
Uruguay,3370613.925,2017
United States,661818155.6,2017
Uzbekistan,298.6270002,2017
Saint Vincent and the Grenadines,12683.53386,2017
Venezuela,53946438.98,2017
British Virgin Islands,75128.91017,2017
"Virgin Islands, U.S.",391731.0016,2017
Vietnam,96461758.45,2017
Vanuatu,173666.5777,2017
Akrotiri and Dhekelia,235.1619697,2017
Clipperton Island,1198.45286,2017
Kosovo,209993.8302,2017
Northern Cyprus,4778.434777,2017
South Africa,27082523.16,2017
Zambia,41788771.25,2017
Zimbabwe,7880091.67,2017
Aruba,54.28892309,2018
Afghanistan,5821.21356,2018
Angola,55702837.78,2018
Anguilla,41.71240842,2018
Åland,98260.59369,2018
Albania,521544.1625,2018
Andorra,5272.262536,2018
Argentina,22491884.36,2018
Armenia,1566.887379,2018
Antigua and Barbuda,30484.86232,2018
Australia,48380811,2018
Austria,9893599.815,2018
Azerbaijan,16772.06789,2018
Burundi,552381.0293,2018
Belgium,1748431.854,2018
Benin,385555.1605,2018
"Bonaire, Saint Eustatius and Saba",63.16612022,2018
Bangladesh,7014636.6,2018
Bulgaria,2561755.683,2018
Bahamas,126944.1233,2018
Bosnia and Herzegovina,899625.1751,2018
Belarus,18871109.13,2018
Belize,3395108.706,2018
Bolivia,90048114.65,2018
Brazil,1023494887,2018
Barbados,6081.924068,2018
Brunei,402709.2385,2018
Bhutan,553987.044,2018
Botswana,284.0305933,2018
Central African Republic,12214737.37,2018
Canada,350707115.2,2018
Switzerland,1161735.908,2018
Chile,17442838.63,2018
China,168815359.1,2018
Côte d'Ivoire,78955838.11,2018
Cameroon,47491970.62,2018
Democratic Republic of the Congo,556576867.2,2018
Republic of Congo,23145671.12,2018
Colombia,143264419.4,2018
Comoros,82173.81615,2018
Costa Rica,4284543.836,2018
Cuba,2777167.972,2018
Curaçao,102.4656593,2018
Cayman Islands,6026.944655,2018
Cyprus,6061.750484,2018
Czech Republic,14477566.79,2018
Germany,19060355.17,2018
Dominica,346949.0594,2018
Denmark,586696.1949,2018
Dominican Republic,3624175.282,2018
Algeria,1182978.157,2018
Ecuador,18633920.84,2018
Egypt,8872.931844,2018
Spain,31650039.55,2018
Estonia,6890839.845,2018
Ethiopia,5696426.194,2018
Finland,36054313.77,2018
Fiji,537212.936,2018
France,22013789.21,2018
Gabon,11180898.62,2018
United Kingdom,7586504.231,2018
Georgia,92895.16008,2018
Guernsey,23.63685719,2018
Ghana,37959053.03,2018
Guinea,40637729.16,2018
Guadeloupe,31749.27222,2018
Gambia,940.0209456,2018
Guinea-Bissau,3051748.466,2018
Equatorial Guinea,3481963.057,2018
Greece,1247587.513,2018
Grenada,41511.13247,2018
Guatemala,21973209.27,2018
French Guiana,2088946.196,2018
Guyana,5662065.948,2018
Hong Kong,48311.24533,2018
Honduras,26200378.57,2018
Croatia,2627539.792,2018
Haiti,1117331.012,2018
Hungary,3391353.903,2018
Indonesia,479695920,2018
Isle of Man,2943.891216,2018
India,49081255.07,2018
Ireland,2669677.876,2018
Iran,14025.06469,2018
Israel,6867.798452,2018
Italy,9118504.887,2018
Jamaica,766377.3293,2018
Jersey,11.13538656,2018
Japan,16381459.82,2018
Kazakhstan,251112.8281,2018
Kenya,4238096.379,2018
Kyrgyzstan,3016.376921,2018
Cambodia,47389799.38,2018
Saint Kitts and Nevis,1626.504009,2018
South Korea,4377967.494,2018
Laos,107853443,2018
Lebanon,46535.96406,2018
Liberia,60682877.15,2018
Libya,471.2349822,2018
Saint Lucia,13499.79469,2018
Liechtenstein,2262.79115,2018
Sri Lanka,3493336.571,2018
Lesotho,1384.133449,2018
Lithuania,4152201.407,2018
Luxembourg,179428.9917,2018
Latvia,9052883.207,2018
Morocco,439090.0389,2018
Moldova,167658.1008,2018
Madagascar,120997671.8,2018
Mexico,67525548.58,2018
Macedonia,405023.3474,2018
Mali,65706.37431,2018
Myanmar,107859833.6,2018
Montenegro,474170.3178,2018
Mongolia,1700373.976,2018
Mozambique,42523572.46,2018
Montserrat,3174.149289,2018
Martinique,15555.55753,2018
Malawi,3955050.581,2018
Malaysia,191748306.4,2018
Mayotte,28948.22103,2018
Namibia,1183.607589,2018
New Caledonia,848737.7417,2018
Nigeria,26940905.35,2018
Nicaragua,28759906.05,2018
Netherlands,346796.4351,2018
Norway,9514280.328,2018
Nepal,716430.0834,2018
New Zealand,25371448.37,2018
Pakistan,21808.8181,2018
Panama,10717209.83,2018
Peru,99662492.2,2018
Philippines,27383121.12,2018
Palau,2107.50027,2018
Papua New Guinea,67359625.77,2018
Poland,22432363.58,2018
Puerto Rico,406578.0264,2018
North Korea,1566484.155,2018
Portugal,21542106.01,2018
Paraguay,29850721.95,2018
Palestina,371.3208254,2018
Romania,6044198.808,2018
Russia,860604156.8,2018
Rwanda,1057706.672,2018
Sudan,3106.610988,2018
Senegal,53702.91416,2018
Singapore,73191.03876,2018
Solomon Islands,10269782.5,2018
Sierra Leone,40631477.84,2018
El Salvador,840924.1684,2018
San Marino,36.20527886,2018
Somalia,5366.467925,2018
Serbia,1268580.848,2018
South Sudan,592234.4673,2018
Suriname,11535366.88,2018
Slovakia,6415645.747,2018
Slovenia,3255414.135,2018
Sweden,43678491.2,2018
Swaziland,566897.1249,2018
Syria,186877.5763,2018
Turks and Caicos Islands,4082.947996,2018
Chad,1428169.086,2018
Togo,1297502.984,2018
Thailand,52682947.37,2018
Tajikistan,32.01968525,2018
East Timor,423240.6664,2018
Trinidad and Tobago,365476.9734,2018
Tunisia,199431.4964,2018
Turkey,7380820.867,2018
Taiwan,653142.7269,2018
Tanzania,39504119.88,2018
Uganda,16934979.61,2018
Ukraine,17767540.36,2018
Uruguay,2911390.626,2018
United States,664047449.7,2018
Uzbekistan,79.21964809,2018
Saint Vincent and the Grenadines,7813.18837,2018
Venezuela,36390343.5,2018
British Virgin Islands,1946.364053,2018
"Virgin Islands, U.S.",11883.6262,2018
Vietnam,75237768.47,2018
Vanuatu,84530.39388,2018
Akrotiri and Dhekelia,132.9725594,2018
Clipperton Island,53.07459266,2018
Kosovo,208654.4,2018
Northern Cyprus,3176.692326,2018
South Africa,18297248.75,2018
Zambia,37344067.42,2018
Zimbabwe,1805620.414,2018
