"Country","Transformation archetype","Agricultural area","Synthetic fertiliser use","Agricultural employment","Gross Agricultural Output","Total Factor Productivity","Food imports","Food exports","Producer Price Index","Forest area","Red List Index","Undernourishment","Obesity","Agricultural GHG emissions","Land-use change and forestry GHG emissions","AFOLU GHG emissions","Ecological footprint of consumption","GDP nominal","GDP Purchasing Power Parity","Human Development Index"
"Afghanistan","Rapidly Expansionist",0.0207520869083266,16.4277630113469,-3.26066594098273,1.41375383144049,-1.17909557426538,NA,NA,2.63768166792691,0,-0.00906977660554142,-3.20848743985854,5.82396170205637,2.50333744409652,0,2.50333744409652,4.07820775001855,7.98154579769133,-20.3111255357509,2.04281162081901
"Albania","Expansionist",0.281954062108314,4.88288939949544,-0.343161796454439,3.19392298295247,2.72805005163745,11.1214500408485,12.5257815477471,2.29019578490937,-0.0139635270954508,-0.281447124038026,-2.81772159042015,3.21183261629678,-1.15514745623574,NA,-2.04582942883902,3.42566190295412,-2.08017209017053,-6.40215240517242,1.13320685602947
"Algeria","Consolidative",0.252849279505241,3.67083695218449,-5.1451124997869,5.53833503055237,3.21883361014565,9.18321966123505,13.8780921231253,6.87282393323432,1.19285413224968,-0.0154634689509714,-6.58711418314177,2.98618360444012,-7.39068097139077,NA,-11.27178687214,5.48327812678111,12.6465855149046,-8.17656754862794,1.1118769433363
"Angola","Expansionist",0.144943245827855,9.78194809426915,1.59375748548676,7.31511465243873,3.76584791906274,NA,NA,NA,-0.210950494992079,-0.00342423251185053,-6.72925580207904,5.31580238598623,1.45854369305578,-0.382251917425314,-0.00202535748390353,6.82700175340571,0.117819509758688,4.90836415514262,NA
"Argentina","Expansionist",0.825983325453494,3.61182146638188,-1.32866358679289,2.92944724689093,1.18978479174829,2.33325231480779,7.5099157199205,12.8640929742261,-1.03807417193391,-0.0285076360065029,-2.34364869007221,2.00730209206526,0.162734179035406,1.82228899544443,1.05823577591395,1.45967239915497,-10.7350057126821,4.983617081993,0.624943144993062
"Armenia","Expansionist",1.73008940789758,-0.88625865296873,-0.629371282768343,4.29433154864662,3.59477990057455,14.2300944716317,20.0044090120547,5.94606310627743,-0.0375757336987803,-0.056382266064825,-11.0785771584959,2.1866443937278,1.22289398747848,NA,0.376355972576925,3.29713674877574,-2.65870731267701,13.4252123997985,1.07487966656861
"Australia","Consolidative",-0.781761393521829,-0.106697444918458,-2.94600063335195,0.831004218648235,0.506678061652566,8.06347555653717,6.89758058814922,2.2612557778749,-0.22793123783269,-0.365058450812605,0,2.42727208283378,-0.353943538958579,NA,-3.19156270122569,0.986185109243465,5.79371375929096,2.55430287616683,0.275779575389379
"Austria","Consolidative",-0.480399324353242,-2.15767924277812,-2.55435749808653,0.519989542405619,2.18430165300074,8.57507420264298,11.0420462407436,1.34732033064875,0.0748519210167053,0.00293546388150379,0,2.38185845578354,-1.17314753380016,-4.55599813856496,NA,0.905964714123408,3.54715605409217,2.39193046090682,0.518339812508217
"Azerbaijan","Expansionist",0.227827664799585,4.19255308428832,-0.85429483324756,4.83182195457599,2.85853450225981,16.6904106188362,19.2712496334493,7.73377385161602,1.43194394049722,-0.0113432502253485,-12.4913027143642,2.79993626242292,3.15064850971012,11.0814002817226,NA,2.17938955912929,0.908511978674809,-2.3651340131603,1.01515156027514
"Bahamas","Expansionist",0.773731349114604,1.77517778999587,-2.66918888210057,2.20401220588549,1.39648975264659,3.51335841005365,0.528900277579947,NA,0,-0.177354277625907,NA,1.84262324520792,0,NA,NA,1.11532352712418,1.97470462793021,1.73407146075368,NA
"Bahrain","Consolidative",-0.227053712596514,5.36950557120506,-3.23386336622381,2.15236659087668,1.76448134050533,7.68753733290344,19.3608124521003,NA,3.67410737975087,-0.335359884234854,NA,1.65104224831643,1.52563698240875,0,1.52563698240875,4.07426557648605,5.60448698922447,1.18622333860423,0.367525590087103
"Bangladesh","Consolidative",-0.161458312150886,3.35866284271529,-2.42031486344199,4.196755962114,2.28002414133253,10.2113896890997,4.39703324646266,5.93655236130017,-0.178546747659392,-0.487654071738419,-1.13018702156097,6.47141738764294,1.15569801402848,-0.669780363708039,0.453405363730242,4.16031508933974,-12.6101875698316,19.5713511645723,1.61257861242934
"Belarus","Expansionist",-0.428809511929495,5.47672741034313,-1.02731600539061,2.38646688219488,3.25382115802451,10.0157314700676,20.2064671677411,NA,0.351060659744862,0.134295091315462,-3.08477660806984,1.68869563377145,-0.0153287321512319,-15.9420446752042,3.83444748176005,0.188887424537421,18.3131054654764,-4.90954491028111,1.06617994558338
"Belize","Consolidative",0.434058993730746,-0.321339737815274,-3.26543625870842,1.61813600262997,-0.55224680455862,5.177404000966,5.09462545443582,2.31830426181103,-0.562423619247077,-0.314223152377491,4.19960491055438,2.56653964664324,2.78165319004913,-4.50741473465722,-4.02333874413917,NA,3.96527049190971,2.13051638092454,0.658840880897293
"Benin","Rapidly Expansionist",1.45774145310642,4.57416870845411,-0.401466837037634,3.57392870080282,1.00607460979087,10.205133429834,17.3052031781008,NA,-1.10706812423326,-0.00274760756483472,-3.9890953107482,4.27744004280111,1.08607666661145,-1.91554753839365,-1.55196697616539,3.54779589016085,3.30877741275881,15.321724602906,1.57645856835833
"Bhutan","Consolidative",-0.598698779471218,7.1168595484792,-0.787777948486146,1.56007666547553,-0.829776526757031,NA,NA,9.59252545076479,0.374684428520577,-0.0202397438162416,NA,6.52665579294318,-0.548642710668734,-0.400139148479162,-0.421443329742266,2.28678908160671,-6.17032608303859,5.76040759523353,NA
"Bolivia","Rapidly Expansionist",0.126591049295399,10.201332325226,-1.96371873848192,3.88613229264041,-0.852736069436821,8.22923529920931,10.610057930369,5.83117664982331,-0.596570813055963,NA,-4.53110304828148,2.84567613723312,2.42222744312164,0.274345102715401,0.653389612328947,3.47265857659644,23.7021824603711,2.47926499774791,0.852840991308823
"Botswana","Expansionist",0.00689129586100012,2.31201077159433,1.78310279342304,1.78965314025927,1.47367439424624,NA,NA,4.33578193260546,-0.961104995290651,-0.0120451951892364,-2.16697907493936,2.63859276563627,-1.85037848206873,-5.91023817673099,-5.28035902081468,1.98996191381042,3.40264941972512,-7.66643763903677,1.10605832027024
"Brazil","Consolidative",0.447954869209832,5.40848774587377,-3.65337872064587,4.5140079725994,3.42232460362375,3.89584897266841,11.9050846229773,9.00136508437701,-0.406833647617189,-0.0681415124073603,-9.33617248349583,2.8696459935051,1.79481454544366,-6.09566652641138,-2.55667810496553,1.46482293829462,-9.07196703781413,-7.20284872359389,0.74379303542309
"Brunei Darussalam","Rapidly Expansionist",1.83993761470242,11.5985709650303,-5.39252614377458,7.55584654067762,5.65487818940105,NA,NA,-0.165285511043478,-0.309426949759861,-0.164664885133703,NA,4.53186008218078,3.28967026665383,-9.60316443054812,-7.79293790419598,1.3424177316719,5.42316019450382,0.626980781164876,0.318852206842135
"Bulgaria","Consolidative",-1.0292210592315,4.38037625233061,-5.61463264884259,-0.745439949724458,1.77427218911759,17.5395310045156,15.8742450275685,4.22939048860875,0.752045188022721,0.000847838437034731,-2.36977401087766,1.87725386241571,0.570021320453939,-0.819153311629106,-2.26853829825345,-0.481634711631096,13.2940553181745,-5.67992363617889,0.735382037777765
"Burkina Faso","Consolidative",1.1495234731145,2.96393134488633,-5.47056725710241,4.11342862442448,0.272512400633818,8.29263701343217,17.4617779920434,4.19535028061424,-1.00374902620312,-0.0122636916058738,-1.53103414052583,6.18216705726555,2.77419403011634,-1.37711625654737,0.990798711073704,3.32672606925966,4.44573265820665,-13.3327890279937,NA
"Burundi","Expansionist",0.223393829273988,1.93921107584449,-0.0467126208975932,1.72950599871622,-0.660337734617567,10.718961256876,2.71152090879019,7.07287946777562,1.06226784085297,0.00291992121503881,NA,5.02281590763434,3.33038998841373,-8.89888065235709,-5.87128838439865,0.371649412517194,4.04956994931427,1.07894541361,2.00637138186599
"Cabo Verde","Expansionist",0.669531252464206,2.31394289234783,-1.9261278157491,1.77839795684251,2.75945377338622,6.63782411548686,23.9406645851306,0.81282839638519,1.0203285231805,0.115211794921888,-2.26060673472143,4.24706054443416,-0.542345076074069,-4.40360333445496,-9.17883338607678,2.08077639733864,10.7708452720319,4.87583508575276,NA
"Cambodia","Rapidly Expansionist",0.924423597147772,14.9340299105465,-5.04690595569779,6.82418748364426,3.12331245426345,NA,NA,5.60096556322753,-1.29576615936208,-0.38902055536334,-2.04988971204721,6.52665579294318,1.90105663453866,-1.20322701666897,0.114369614616927,4.13211320789186,-14.1678371087395,-3.84429720528239,1.91902803669741
"Cameroon","Expansionist",0.312593088031154,0.406665067952905,-1.8698186728783,4.67581052136712,2.50867699851955,11.3168561346183,4.6771792810385,4.98094409383649,-1.04379333025575,-0.0103527933431935,-10.3163859197582,4.42737824274138,0.466962658681669,-0.11401972850551,-0.108221001416287,4.31613498218946,-17.1397979630982,9.46475468508439,1.23161450771525
"Canada","Consolidative",-0.508040887725736,2.40906432827956,-3.53349005228571,1.26142286261857,1.55126445564133,7.65080428437515,8.02835598200986,2.17983679229157,-0.0140454483702146,-0.0315565121342454,0,2.48608072696366,0.342461622462542,3.57583937488903,2.45638546827454,0.853865525635356,4.80456621283745,2.4922204254773,0.315561690071831
"Central African Republic","Expansionist",-0.0468165008028598,3.09167103125121,0.267870937139514,2.30020539478881,0.748884572577158,9.38223235860236,-13.0079704321874,NA,-0.0698500111750988,-0.00384208512731465,2.58117573760495,4.04404858117344,0.364834694630023,-2.4356699938718,-1.03226688304577,0.32991964457616,1.35590682497668,-0.337407553622682,0.876905034187825
"Chad","Expansionist",0.147227914475101,3.98493097093982,-0.173163824343459,3.05156637960364,0.462664741372198,NA,NA,NA,-1.41321425484581,-0.0371281737009621,-0.540344448545771,4.80837591337571,1.55028995658748,5.82416776150567,3.31042479558825,3.31001471665826,-14.1724783416666,-5.93638001698262,NA
"Chile","Consolidative",0.225660073206346,-0.154066347941928,-2.76943537931057,2.29240728175688,2.10947989674086,11.8556164962278,6.53562886315813,5.44960323293007,0.562499152193041,-0.491243131147223,-1.88837454788975,2.0012597099619,0.0991618751782664,16.4571758320231,37.9025113415407,2.01368403752487,-6.43769338138654,7.33737641616405,0.732867684320437
"China","Consolidative",-0.127720846487511,2.84332952463819,-3.28216499215858,3.72131403898641,3.02198475297126,18.4120533715991,9.21203438959877,4.26150769271965,1.14559147744533,-0.485045580054921,-4.35544909551792,6.49472806653233,0.954862609544982,-0.235481477860566,2.18403248895873,4.40164948894379,-0.338032070156591,-3.62649467990331,1.51765518561533
"Colombia","Consolidative",-0.051539066053341,2.23021570737048,-1.97656164672112,2.03466385331996,1.088833367655,8.07933726235148,3.02553360296987,6.98313178321222,-0.415014097768407,-0.262811772782146,-3.20402252398853,2.44508363988682,-0.0164282847970432,-11.6236622543248,-5.82356857073544,0.80150859560093,6.4615195995845,-7.72701809802323,0.871751845093205
"Comoros","Expansionist",0.30082502457538,3.77968396192354,0.136687396846003,1.11527986679958,-0.63412274094985,7.96944599950646,8.64029393420966,NA,-1.24635963852977,-0.52434922947393,NA,3.97177551035912,1.20125300871543,0.814619481877399,1.14602687305434,1.06116954944231,2.90818571768399,6.39854876492045,NA
"Congo","Rapidly Expansionist",0.0477890150329729,5.21128802374249,-0.391788699761852,4.0998334898694,0.238757042409943,NA,NA,5.12833226197349,-0.0672979605888968,-0.00406586715536728,0.915182396212599,3.98813485741356,3.64954505317849,-0.0446728782085737,0.204252550066819,4.35233423376427,-4.63756532823983,2.42296749965829,0.981972512186946
"Congo, Dem. Rep.","Expansionist",0.107104086983156,4.05718906600712,-0.205855599786364,0.215611383904002,-0.0788962618524125,NA,NA,NA,-0.199827427240762,NA,NA,5.00694303422846,0.078534543944131,-0.104565933730949,-0.0418514707531847,1.51735580883117,-1.46009808390928,0.629238377494956,1.46021747556671
"Costa Rica","Consolidative",-0.468968272020087,-2.08031305039265,-2.77589966055608,2.59778828689488,2.06364198949069,8.92889565706589,3.33993998781974,6.08051044657185,0.644206075035703,-0.178141622133954,-0.851932123482135,3.69817887859589,-0.402553330157562,NA,NA,1.29686271924452,-6.41865606148626,-7.53836195866567,0.67538299469625
"Cote d'Ivoire","Expansionist",0.248488444552386,0.714006599802985,-0.232714828931102,2.20380524258479,0.567154386030744,8.46714019608359,6.63879760141637,3.26140993871402,0.0637951715300344,NA,-0.359121708852606,4.72451997518981,-0.259950747496884,NA,NA,2.41702933326702,-16.3492315005618,0.775996000325097,1.09899120766859
"Cuba","Consolidative",-0.339275832061792,-4.14863844765305,-1.4831938868049,0.493561896246852,1.19158465410723,NA,NA,14.260572148361,1.80796821941751,-0.184371361298308,0,2.28198114813341,-0.558943603795303,-4.6850945778062,-13.5539874572307,0.4996594749342,NA,NA,0.806647922293902
"Cyprus","Consolidative",-1.37755167630298,-5.97204515335985,-5.37467748412419,-1.73788720643309,0.802763118086314,3.75180158339938,3.32776189141326,3.33962311039204,0.157655490837305,0.0108638857952092,1.9928354400002,1.90721480102671,-0.146957520340718,7.96037383507058,-8.46741354491094,-0.389963902826829,4.04526072532265,2.27602645368103,0.493413659856867
"Denmark","Consolidative",-0.160521370270239,-3.33438518942686,-2.21506103786493,0.478322358986838,2.62019757811307,5.62346976622732,3.90399183773416,1.47318174069577,0.312795168409252,-0.00705837754498839,0,2.18067729754801,-0.894021321569638,NA,-1.59695573034863,-0.748144918791738,2.75851669922866,2.13993238465651,0.542689452135869
"Djibouti","Expansionist",0.700623392240196,0.501001813781277,-0.516726170202542,3.0215533514059,0.712628873441368,NA,NA,NA,0,-0.306344121762991,-5.61990525193947,2.34183644429553,0.445671885577226,0,0.445671885577226,5.80197061541348,-12.1495625611451,8.7618178846764,1.56957065360341
"Dominican Republic","Consolidative",-0.381720898819649,0.513114830061157,-3.11464108756825,3.30705496495394,2.4571952307759,NA,7.19703750276857,7.17447150724959,2.11264401412743,-0.20994745057954,-6.80572586018016,3.58512079180362,1.48203826550535,-0.895723297565643,-7.86596349133565,2.38243566884004,5.77371136115468,-7.62940934927506,0.808225315865885
"Ecuador","Consolidative",-0.679536781658807,3.72071368863773,-0.824349868351448,1.70942773268661,0.363832963634692,9.46645879795789,7.40492904621428,15.6431152937573,-0.604406384351452,-0.694460226297844,-6.78951804137236,2.74232874073375,0.32513768867195,-1.24497439272993,-1.08043065142139,1.17639252916266,6.22741781092766,-8.7874689626058,0.686996799409711
"Egypt","Expansionist",0.871342989242052,1.1582433818109,-0.761577903533528,2.79260994941519,1.715250353335,10.4145776359884,17.681256877225,7.4368555998986,1.73795326537804,-0.264604771829402,-1.03865635035405,2.34624934731982,1.5790041296164,-4.70814329107867,1.67632651588283,3.38311293246929,13.482839544525,-8.69155957555807,0.907008300635459
"El Salvador","Expansionist",0.582532244530665,-1.16055505624079,-1.83769890418746,1.13779538924401,0.83778520897595,6.68606179817106,0.621308482269356,2.60973293162634,-1.44320161481916,-0.172250885731029,0.374757505862111,3.14127671136044,0.0935026099616376,-0.919163717125215,-0.286972245776262,2.36203531648445,8.99871153720728,1.69210583050763,0.70927410944126
"Equatorial Guinea","Consolidative",-0.807555383780745,-0.46166073145989,-1.0918077042155,1.67939769421934,1.15722612602693,NA,NA,8.61080829211625,-0.691702461435584,-0.0134293962190113,NA,3.9841562015839,0,0.0394323605602986,0.039285194620553,11.0519204666867,-4.24454869287314,0.339718987628679,NA
"Estonia","Consolidative",-0.236192961291626,5.57186238904057,-5.00209915170908,1.05255410570038,3.11095842051072,10.4209005383029,12.4031886178832,5.29853725609608,0.00251979794620993,-0.00274423715168615,-4.23715490921041,1.18332959079761,-0.52619286675587,NA,7.75604749464998,0.536825899734206,-4.85214704878303,8.28668011723281,0.928537329068235
"Ethiopia","Rapidly Expansionist",0.868554952586265,5.48176121396198,-0.480847069850943,4.82649639937298,2.19330896156766,22.7279773478881,16.8584121544926,13.3639618457237,-0.803048709480991,0.00438864778398163,-5.39791885783955,5.15584490613599,3.65853973569934,-3.59436874275001,1.6080447038447,2.64011520665326,7.6103894146468,-12.4988077109914,NA
"Fiji","Expansionist",-0.17327749084719,-1.29800787272921,-0.714062369583301,-1.16705688402092,-1.0315790653186,NA,NA,1.43097473498017,0.223164078719162,-0.264233341894182,-1.45890893954721,2.42107277828627,-0.707669540057876,3.30791560701971,7.01067932944082,2.46704480175708,3.80734476460081,1.45561363815294,0.376606880760155
"Finland","Consolidative",0.201346096220911,1.31294528144723,-2.9939754585969,0.194727305898135,0.968097789672218,6.93881032839225,5.48904349916548,1.25703409667963,-0.0139840655349333,-0.0046909275193685,0,2.0710140053708,-0.790297466984902,NA,NA,0.331686475305504,3.37428944122078,2.65232764821646,0.596128653709949
"France","Consolidative",-0.268730370162951,-2.55337623391103,-3.27556843658426,-0.432743021455595,1.89269653517206,5.4686803934658,3.46023578992554,2.06295064269917,0.683070104254635,-0.346750327911616,0,2.02592202462157,-0.802061425208567,7.29272483840306,NA,-0.0886699090764109,3.17398603725754,2.37472649196557,0.368619520037528
"Gabon","Expansionist",0,3.57965129819831,-0.606988172966239,1.59771584047914,0.825517834154987,NA,NA,NA,0.149597635345589,-0.00582321586501955,-2.06797701909717,3.35346928280964,1.36624428217973,NA,NA,7.7955954290172,2.11485941127465,0.648507497061268,0.47043376262661
"Gambia","Rapidly Expansionist",0.414171419469267,6.58922382264515,-0.0469508356726545,2.8489854459635,-0.214077236367849,1.69722649871458,13.1597850886664,9.5110557870703,0.39314512345987,-0.00312655483837299,-1.99503625341577,5.27162759205628,2.89061705946891,-0.991066766653048,4.22932711029476,3.02265411637539,-0.609154367658116,7.54966058792126,1.30931768961915
"Georgia","Consolidative",-0.969736737283422,-0.363538520500528,0.0872084142816698,-3.50484374283605,-2.46228829703644,15.4667068611516,15.6771056054663,3.22812334227849,0.128092659105028,-0.141507210683833,-3.50433426565953,2.79634994698323,0.303542253201461,NA,NA,NA,-1.88784167465187,6.28323743272698,NA
"Germany","Consolidative",-0.241688453663014,-1.03863666820889,-4.07864494768139,0.653588405547501,2.06473606578428,6.25630806432393,8.78150726983342,1.9129170360128,0.0424215205744538,0.001556142642678,0,2.0710140053708,-0.680141219955366,-1.57842343306376,1.86462024505636,-0.866271308973865,2.96457943341324,2.37256561147612,0.562434751040541
"Ghana","Rapidly Expansionist",0.789400646986316,16.9694938125116,-1.26289222077325,4.48502343966968,0.920178085071832,18.7083458816969,NA,17.1524416915685,0.315261447220916,-0.0141969884828619,-4.95281370185703,4.69971840152359,2.11637098909785,-5.29400518310056,-3.38572845302495,4.81987441881759,-7.2314007270423,4.7799678872799,1.07894337083847
"Greece","Consolidative",-0.654420569039105,-3.43504440639741,-2.77765281932468,-1.0699091423685,0.565311109802114,4.66076610724873,6.04524005259617,2.54955264672982,0.80927638469972,0.0247329481486425,0,1.92311123472193,-0.306256364237734,0.237758172693825,-0.428093137285745,-0.78503227594694,4.23494043056194,2.9700497851229,0.613886514585182
"Guatemala","Expansionist",-0.863115380798241,1.7283216828468,-0.875843870646731,4.34611950118688,2.40632882057654,9.96461569539338,6.96254314196396,NA,-1.1822058416368,-0.204456838564426,-0.532641840086368,3.29957598831303,2.55890394578886,-4.78654530932761,-1.73169658102795,3.30752239818062,13.7765828468809,1.83325625127335,1.2266387058532
"Guinea","Rapidly Expansionist",0.275267373833255,5.69000085628313,-0.265022491943578,3.6455656199391,-0.464224212577768,NA,NA,5.56546637757975,-0.534290923562841,-0.0450528720073784,-3.27352993524779,4.7267922729066,3.11338742854455,0.0261233554603058,1.23466225787483,2.80663390472748,0.337899081361326,14.3795908918849,2.00277099230186
"Guinea-Bissau","Expansionist",0.326908463251474,3.62910652532633,-0.021444132469739,3.78484958845668,1.61004971975609,NA,NA,3.00543242579585,-0.472445371936558,-0.00686900453699124,0.687671159227388,5.35944505841959,2.12258037231723,-0.210332882436048,0.896344401184845,1.46116318217038,2.11163060378639,10.4355527540827,NA
"Guyana","Consolidative",-0.158060377517122,-0.200382553074618,-2.28850214993125,0.71590592707762,0.787946256632677,6.57848897282149,6.4946856855429,4.70439511747101,-0.0329217129229842,-0.0201120870216398,-0.0807764284795787,3.44622047086875,0.169675778109113,2.97852489367909,2.68963515370335,1.75107525784397,10.6441281457786,2.92104855401996,0.688364015888876
"Haiti","Expansionist",0.473545715485191,1.91764070416591,-0.032242980101671,3.67092772391389,2.06999618740848,NA,NA,NA,-0.743220821688118,-0.254194041291544,-0.951255070648904,4.82786367926351,1.01260878578324,0,0.922928516236876,1.99984047690713,1.89497862354666,4.47591547607957,0.782273307616221
"Honduras","Expansionist",-0.267834199468853,0.277513097212267,-0.432548354111517,2.91191023396342,2.03587302444095,9.48251289322819,7.57374470915226,4.70116442707842,-2.21547369140805,-0.218515672199471,-1.88440059380668,3.4688829554927,1.68159867971769,-2.64599546004743,-1.57788573485533,1.54503464702935,-6.98780610309601,3.98155596306839,0.739604180672981
"Hungary","Consolidative",-1.04495219241564,0.378474425674979,-3.29649119749104,-0.711148718408572,0.814612961529004,11.8784796483407,7.54301243292901,4.45392481485956,0.565138323440761,0.011460795956042,0,1.83126765060986,-0.823625416232143,0.983695414191921,-0.110280796310636,-0.459667664947894,-6.82542007906715,5.64988410588279,0.59894202556241
"Iceland","Consolidative",-0.0711783537057364,0.227556293293851,-4.00466294194395,1.59934988730592,1.1064649511169,5.33731683861558,3.77208400058464,3.12946079732137,3.97136095187918,-0.0802701551033347,0,2.03341979671292,-0.411388767134846,12.2595481859776,-3.37042884370617,NA,2.84723768871311,2.67139034511927,0.560230506674397
"India","Consolidative",-0.0384118075445028,3.0854627892545,-1.67665953004913,3.05865434295998,1.47409626079207,15.3449621163093,12.8748645512868,8.11739208649234,0.497735196960503,-0.566949353771162,-2.30894487914993,5.50526168656764,0.808956676692474,NA,2.40897822192132,3.30237113381251,-14.3989468890005,13.0859692711871,1.52764849113469
"Indonesia","Rapidly Expansionist",1.50944449416053,4.3870710026787,-1.26521950066865,4.60618923235065,1.81548545681653,8.37703803702259,14.4555183245754,15.0526188176117,-0.806036990982306,-0.614396473640311,-5.94504326883452,6.55541961657284,0.893327576894931,2.50189496562856,2.32635188813177,2.12235080473129,11.970123099709,-8.14314517372548,1.09299439609751
"Iran","Consolidative",-1.82380184366094,-0.40768474527938,-1.65442419589956,2.05932106948057,1.34378686370746,NA,NA,19.9791614929423,0.807610697037564,NA,-0.851932123482135,2.93833595452639,-0.405242203659217,NA,6.49810198901819,3.54222754607421,2.63346482049664,-6.34785890096203,1.05198558764585
"Iraq","Expansionist",0.246632551685999,-3.03972548969923,-1.32837740220842,1.05221445095742,1.59910195067194,NA,NA,10.6197925183655,0.0759663440839997,-0.326385977191934,0.332119047704715,1.91901637464555,1.82033937275488,4.37683301461225,0.862963705974784,2.66242960328564,17.1252214496087,-9.73468626388723,0.782579301805986
"Ireland","Consolidative",0.0915009718474691,-2.12221812543959,-4.50157408114389,0.0128579728950529,0.170218637993913,6.03351922365516,3.89490123226406,1.95828230876056,1.51377273430473,-0.00323967091291344,0,3.08093171240513,-0.0798460950057533,-8.35751043029607,0.487454245145424,-0.120358430550105,4.88171448171129,2.81497152259851,0.765576263405099
"Israel","Consolidative",-0.449641137300272,-1.60086508877069,-3.93467581837882,2.41665796184563,2.79683648447828,7.73526897434034,5.15405103606879,4.27230733175614,0.567398117234741,0.000263941383926714,0,1.39810858042815,0.351907361009407,NA,-0.431786095118902,3.10884521669963,3.97062779534871,4.30563573282932,0.447672712170011
"Italy","Consolidative",-0.696253548825065,-6.10690893382937,-3.29134772889725,-0.425589750243893,2.13646723060352,5.23142472810387,7.50921622593117,1.00227087680362,0.764394366997179,-0.0270533422963015,0,1.88163490574869,-0.931142336666069,0.00324227941410626,NA,-0.702509842064059,2.91194448555343,1.48132465809985,0.449066086702432
"Jamaica","Consolidative",-0.534886179140015,-2.0646631268085,-1.01335563514042,-0.037192350206805,0.731508156935501,5.76327907397665,0.339279181875751,8.30338898036758,-0.111487001661947,-0.223438557379929,1.85869920332034,2.85316590074967,-3.2008922093146,0.140753453621767,-1.64038772928393,0.996108361696524,2.3510298497273,0.919683217039502,0.412037039195678
"Japan","Consolidative",-1.02952587778735,-2.61718107061549,-2.22443774125715,-0.606440454954782,2.40011974182508,2.31514068032972,6.65320096170512,-0.406152534925397,0.0157956696820394,-0.369608532811017,0,4.42737824274138,-1.16242486007391,NA,NA,-1.03752250587171,0.881846189815683,1.85726693887631,0.378903100690886
"Jordan","Expansionist",-0.0520871357953645,0.165569262652188,-0.855358008130058,4.62971121115663,3.27805067841611,12.0232899263119,12.5937526574799,6.24608992352655,0,-0.0133464860151089,1.97133705298773,1.98667302592161,1.36056703522827,0,1.36056703522827,4.17141674634889,12.6798703349678,1.61206892914574,0.271088169832367
"Kazakhstan","Consolidative",0.0369652002497833,1.83575989670641,-2.53179557962535,2.67243520427265,1.52696467238376,15.2266653299238,8.8643316704085,10.7754622679719,-0.121319622629046,-0.0546707443860761,-6.07090936675995,2.61605306563817,0.344374392515867,-3.69637378014351,0.123140576969738,2.49463093944304,6.64564030563275,-3.5855063970586,0.973718048735539
"Kenya","Expansionist",0.212539504015763,2.98509675255481,1.53127847194312,3.74448364231939,0.723782353546776,10.6165486792417,6.1875332980005,5.1472043248538,0.658614723517226,-0.380764087538521,-1.70382127663509,5.09380194017282,3.72881613402622,NA,-18.4427664934851,2.09795985130472,-14.4853169921513,7.87787965881617,1.083880504212
"Korea, Dem. People’s Rep.","Expansionist",0.162713746019816,4.12940177814287,-0.00566357630376046,1.78193305923449,1.25684827673582,NA,NA,NA,-2.00975263091259,NA,1.71806867801829,3.17405670830453,-0.588330303758977,0.78678142488775,0.483567591960199,-2.39617500700101,NA,NA,NA
"Korea, Rep.","Consolidative",-0.864211241782831,-3.97526708143224,-4.46920344270794,0.275769107356982,1.67227290378655,7.95227003954775,6.39393865506195,2.47442841620538,-0.113231997842256,NA,0,3.19435578980991,-0.688663599247064,0.775378874895805,1.61117008927956,2.01970854940667,4.63094022248265,7.04175610640339,0.725400929140485
"Kuwait","Expansionist",0.343330082213211,-0.633386794054225,0.579507664622025,6.37906562750237,3.17372692273741,9.28220472611745,12.9096059620213,NA,1.93051967575022,-0.434780749206343,0,1.5731021314946,2.41375960288455,-2.11141764573856,2.83608221999267,7.87255567028549,8.64750550713054,1.44740220863775,0.380324857918302
"Kyrgyz Republic","Consolidative",-0.0543941100241918,0.680862606318278,-3.06361684194122,2.04255848087482,1.06163581932779,13.322720479229,11.2122315114347,10.4966034167341,-1.6468661961918,NA,-5.2182453495027,3.34607205915469,2.14941104239397,-7.21903382539827,11.1333658227262,3.29784963855282,-18.017220903266,13.2571729945045,0.843588534753037
"Laos","Rapidly Expansionist",1.79703960904574,14.858997717195,-1.15761358132204,6.75723297684898,2.5095736859851,NA,NA,13.361843363494,0.541383504782944,NA,-5.25705264795842,7.41941676788538,1.80387275687643,3.49261525802629,2.64769943749006,3.46769040718116,-10.8063825534525,12.4140845477358,1.66417213841199
"Latvia","Consolidative",0.323454493885977,6.69630770701524,-5.3874890157661,1.02997528761131,1.60107697500815,13.186061248461,14.9172891497684,3.65020793577624,0.256225846047808,-0.000119039753920802,-3.84279460544312,1.21887724780492,-0.238223617192679,0.601378632607408,1.1355918160042,2.14569473714821,-3.21912657842066,-4.08466511881839,1.12647085757245
"Lebanon","Expansionist",0.330632090646321,-1.8825207692442,-1.1646994585419,-0.664423690216709,0.196544121709352,9.59611182616782,14.6537072867608,2.76934673982128,0.254796158715198,-0.000693517347227779,10.3816407047469,1.65539195482458,1.54722288870688,0,1.54722288870688,1.67942963598526,1.83353033178923,-7.60361776916914,NA
"Lesotho","Expansionist",-0.124635932565931,0.475266301863875,-0.425353584907284,0.465607175564853,0.236550173168593,NA,NA,NA,0.796068917555148,-0.003145841256047,0.259772935023062,3.51732657023571,0.739088184182024,11.1150044079923,0.133964939515341,1.56268624804361,-12.8052684492512,15.0242646177987,0.246760412167402
"Liberia","Expansionist",0.384029240322992,4.38138552396967,-0.562440163363742,2.15925197329832,-0.710226123010405,NA,NA,NA,-0.668192104294896,-0.0592361201765534,-0.423779651516087,3.29270091189409,2.63308512769602,-12.4951311544251,-11.8830290300186,4.36524547101325,3.43004035681191,10.7872138096335,NA
"Libya","Consolidative",-0.0663946952691785,-0.184410566353177,-0.891827631891728,0.881721688609893,1.26442997930281,NA,NA,NA,0,-0.00976108881877158,NA,2.02592202462157,1.5167285827802,0,1.5167285827802,3.58455027592195,-3.15348109981668,3.10054863323141,-0.0931492510769516
"Lithuania","Consolidative",-1.0384588887396,3.61827419982272,-5.53296490637893,0.581226309999017,2.12023589108534,12.6778360598803,18.0149773900267,2.17066941790565,0.536382974646665,0.00172596138769965,0,1.20125300871543,-1.5381284460907,-8.03310534545583,-2.92369848815882,0.939018355903465,-3.38563779383808,-4.03675026157931,0.983528041657977
"Madagascar","Expansionist",0.55469333190592,3.10993721422936,-0.725733388102434,2.31839602295585,0.810452741326562,11.4366401744545,4.61864281564959,11.4208354350869,-0.348653972506596,-0.450617538749376,0.984786240327029,5.19895055086441,0.286413200574587,-3.64131616984601,-2.01596195590028,1.26988647603783,2.95992507949674,12.7513608703127,NA
"Malawi","Rapidly Expansionist",1.49852083233342,6.55726294425008,-0.315316246050956,5.95578652463664,1.77438633055089,7.69235545917497,6.05737308478591,22.2298300537821,-0.878587443410761,0.00976081852737121,-2.62717983396199,5.26505160827757,5.18209740722226,-2.52928531700093,0.420411005520593,3.04776382624534,1.60508630031899,-25.2892097337949,1.35363970384161
"Malaysia","Expansionist",0.530615567754644,3.61538536322854,-2.385042597608,3.44651687473674,2.54752661019801,9.73411008090204,7.72435421709858,4.11115390736148,0.0966831054113992,-1.08955723384189,-1.70184111498723,5.51902893389056,0.962951889045272,NA,NA,2.36518785690061,-7.33685313954566,5.67957944291715,0.77478514247038
"Mali","Rapidly Expansionist",0.501975550490452,10.1912410576458,-0.261908074461759,4.56095249308872,0.402686517853779,NA,NA,3.83989259961426,-1.43107548261578,-0.026113944160322,-7.24873526103399,5.46769517562662,3.41758140005073,-0.821941936906567,2.75328459482,4.10938182009433,3.70169882208817,13.7951166161214,2.28920334798071
"Malta","Expansionist",0.126410313731951,5.10289852430563,-2.9675434125234,-1.29084171759529,-0.735228849178693,5.74063646918079,8.18543322427125,1.24287513005816,0,-0.0129143973943924,0,1.4732060618367,-1.17347627982125,0,-1.17347627982125,-1.0477565642382,-5.2176053214297,4.25486825532617,0.692079896358799
"Mauritania","Expansionist",-0.00516625444235697,3.64335287895494,-0.494127029175684,2.28689153559571,0.615184596203533,15.9591165174562,NA,NA,-2.48738131492524,-0.023564963886169,-2.39245621489507,4.31392903174119,1.72199496518264,NA,-0.64714544808,3.54003767063942,-14.8902204012609,2.86669146887732,1.05929485734053
"Mauritius","Consolidative",-0.998659458253626,0.42525844765755,-3.11091797712922,0.133893771710891,0.308521925887884,8.73932413208571,5.32314652255823,16.4825622090895,-0.488576618225456,-1.30257832902726,-0.260441428040403,2.96810474004074,-0.65658836052771,-5.61817842140385,0,2.18513589793938,3.8262800905096,-6.54555142415725,0.962220233899069
"Mexico","Consolidative",0.0195211854797872,0.50993202133196,-3.0922066745495,2.36001305991185,1.98417010903293,8.90822681432197,8.231984127634,5.40080767745375,-0.204412989502378,-0.346073508528,-1.58453787218554,2.15804125620522,0.473001470007728,-4.18584466661053,-0.315623860790759,0.889224772979524,-8.83789514367981,3.29773221498448,0.610573632342826
"Moldova","Consolidative",-0.224935971809026,0.443480938590879,-2.48277247335918,-0.843308904988238,1.72114721356522,14.4143261324419,5.49410569934039,10.5233032079307,1.35194020768332,NA,NA,1.69628033645384,-3.552469589926,-0.669065462809815,-8.60610094792462,-0.615057359420401,-5.31067351852399,4.61419316555711,0.753466549802928
"Mongolia","Consolidative",-0.802019914180607,9.71969831006296,-3.05075035276405,0.202158700390798,-0.339664194032918,NA,NA,11.7350384848056,0.397856328997848,-0.0544403870795684,-5.77406194414085,3.51614086586929,0.484976843107798,-0.588616805475073,-0.053746618373085,2.94851435428685,-1.49779144427143,-5.71707010362278,1.43962479031388
"Morocco","Expansionist",-0.0548303288992247,2.40026017321004,-1.02524414675279,3.43163700665174,2.79052714173931,8.774507809307,3.68290891728502,1.80500177109049,0.788155969231874,-0.0704158777864228,-4.53645803444384,2.88044894408579,1.60391852879005,-8.98843944349534,11.825875062247,4.20109303642722,15.04866674531,3.03089075648666,1.51068392278535
"Mozambique","Rapidly Expansionist",0.205839013036768,15.7609323229348,-0.742005203818796,3.09426177644498,0.294598456936201,15.6777129269553,9.24641334491787,8.5970027940121,-0.543174310842531,-0.316039710559546,-2.77208168196004,4.42737824274138,1.04474539563577,0.443917641043545,0.535114128615555,2.86704623902059,4.3335634168207,-17.6660380225969,3.04307143158886
"Myanmar","Expansionist",1.20757939291856,-3.09828891267351,-1.14413183842927,4.87036953702198,2.98955299631416,NA,NA,14.9745296937142,-1.13516729061242,-0.34829041632084,-9.67597557950374,6.32197755936941,2.45493538877855,-0.429341115428439,0.338419118656841,4.2134007293843,-15.507424702353,24.1929325249608,1.89686818582253
"Namibia","Expansionist",-0.00141698619577912,1.67017042807385,-1.58811601160923,0.165456246548845,-0.066823220314538,NA,NA,5.6444161066483,-0.963093163298689,-0.0101394294200641,1.41393071769436,3.86796060224952,0.79607231219061,0.441025448644261,0.38744967939961,NA,5.60750036099547,-7.68125365650407,0.461154553451948
"Nepal","Expansionist",-0.124166864322317,-0.596331125116312,-0.552992138936703,3.34367877563473,1.2048413483762,NA,NA,7.10152555644421,-0.765136335603045,0.0147475048820844,-5.67752950376774,6.38558676427201,1.39604164673728,-11.0140431467028,-3.95585886837904,2.71561472315318,6.06062222733745,22.9685645774775,1.63079566943183
"Netherlands","Consolidative",-0.505031798868527,-4.719339374023,-2.56858039901798,0.353946187812615,1.9054344196457,9.92653088864133,7.10570995393878,0.565302040724713,0.330967122716608,-0.137657891993326,0,3.11051810701644,-0.868125229087946,-3.69054426217706,-1.02745085065294,0.370806384245692,3.74696693806387,2.279008325231,0.364152905943826
"New Caledonia","Consolidative",-1.4123284981716,0.826790107316744,-5.50963606309212,0.200833597558003,0,12.1334989403493,-1.17605186208531,NA,0,-0.463497188599726,-0.337349825433475,NA,NA,NA,NA,NA,NA,NA,NA
"New Zealand","Consolidative",-1.61556864588892,1.65358228501393,-2.05872867380432,2.21580705738074,0.94967151272396,7.12514518844838,8.09848339794783,3.45176587538392,0.0973997530206328,-0.668257899553804,0,2.3815163716123,-0.00326280249481892,-1.98114713832775,1.99950097930721,0.382419618436414,5.35695232969982,4.16173849306609,0.345952157708718
"Nicaragua","Expansionist",0.289712972945111,3.92332833785403,0.0596343945157507,4.33702732069268,3.63024627141142,10.3650597246773,13.0582785541813,8.53170355033035,-1.41417393928597,-0.150565180753048,-3.13209870514992,2.7289656184502,2.79490337246855,-30.7269402008957,-9.40347526188785,0.781668618592146,-11.6702008514195,3.8884202887413,1.04601923795684
"Niger","Rapidly Expansionist",1.19804681566087,6.92756227117048,-0.101655111338717,4.91021909916207,1.64130353156047,8.13887795170112,3.0871549970819,6.04088892794834,-1.61122591760233,-0.115226062622475,-3.52681083830715,4.99682334418274,3.95571131341788,-9.55364009389751,1.23304081021194,4.95603113098839,5.34125002953467,-18.7605684782834,2.26540279034417
"Nigeria","Rapidly Expansionist",0.159322649222426,8.21298705014082,-1.56174724882097,2.33724007559231,0.328473256224204,10.9478704713162,42.2353046739181,5.80911829937667,-3.73583363489131,-0.0173711207138605,0.462053627641557,5.24179287268713,2.36411821497162,-0.139967015154874,0.38470036508107,2.63403524714683,7.45183706329309,4.95654962032031,NA
"Norway","Consolidative",-0.391780316181611,-1.72111626500794,-5.35800220839074,-0.16131547642726,1.20573577458614,9.48569232886662,6.652970061122,2.33670244532789,-0.00552061637574264,-0.0651953088967594,0,2.50774500288182,-0.696088080335366,2.30356430779051,3.89587635407418,0.179611839441329,-8.44039951083611,1.32380452606256,0.355777900701737
"Oman","Rapidly Expansionist",1.59180103960619,5.24913555388173,-2.08569009601455,3.72687833174123,1.28819169385086,7.34073761969407,7.93816193382995,NA,0,-0.264905633402268,-5.51023215834759,2.72301807333883,3.72480118208987,0,3.72480118208987,7.53527838735613,-5.20752542155686,1.50748206512501,NA
"Pakistan","Expansionist",-0.0635195914866937,3.60088873594697,-0.114301776336312,2.73270710562927,0.348734295615127,8.02486953792116,8.80919081483507,8.44748903061621,-2.2417432929752,-0.4548498619946,-1.2485026252406,5.06883011457091,2.7245049882922,1.47852501350432,2.5725460830555,2.09116110024423,-15.8378606510314,3.62776075156823,1.26187065184418
"Panama","Expansionist",0.296163638296587,-0.214922710347742,-0.816207437984418,1.07793508469001,-0.0628936790216472,7.09860782987315,0.334270065055819,4.02766374306156,-0.351012009625873,-0.27386668232311,-7.92382816609997,2.97499576222386,1.28184697501927,-0.228607304782258,0.116033901188972,1.91238006358274,-5.60629868421323,-4.48910543693316,0.642384005318775
"Papua New Guinea","Expansionist",1.1886429605529,0.599899106969337,-0.234910837906155,2.24936400293689,0.44773743068538,NA,NA,8.57116844645032,-0.00809447988309175,-0.378638561347067,NA,3.00742127979048,0.273902780091362,0.0788983251295061,0.104126787195535,4.79790653938104,8.30075170751991,1.51760846257532,1.32798845551934
"Paraguay","Rapidly Expansionist",0.773111043910912,15.056162294302,-2.54832154944581,4.77347043672522,0.274021906367183,2.74164822181657,12.0416091012742,NA,-1.36562707002689,-0.0126454261319076,-0.203126165688083,3.37203300802389,1.77611309008128,3.67075477410621,3.69813127373599,-0.351663150917125,8.57366776041659,-8.98786587963897,0.720228641453269
"Peru","Expansionist",0.476575707918081,3.83181569000086,-1.352485465612,4.8727701509006,2.10344731810306,8.67621885627934,11.3678806951697,2.70411014279277,-0.196114793948432,-0.066507635617552,-5.38692867057944,2.48052868396142,1.61710756019617,3.15030396560263,2.93003319816603,2.19354394910245,5.96116221901799,-8.33671404605547,0.749160786087888
"Philippines","Expansionist",0.638801575002446,-0.681857063808955,-1.62990799914862,2.4482895859129,1.73371814372172,6.66168691350935,6.09616317086235,5.04057979143551,0.585884393139557,-0.681055648131357,-2.57862107297361,4.31392903174119,0.873867787037108,19.1114250253668,NA,0.868793008459168,13.2271952157399,3.12137826358965,0.729672293792527
"Poland","Consolidative",-1.43982926479981,1.45952477176059,-3.50307621266395,0.215094480788514,1.1984436714652,9.0399575877272,12.7057440869154,4.62794316159021,0.263318194619222,0.111971503427677,0,1.708670576407,-0.615502705123527,3.24017796391403,-8.39642174280532,-0.268667626972152,-6.49588637192244,-3.76200718545943,0.742512621429325
"Portugal","Consolidative",-0.110235019753036,-3.14332206680504,-1.86187006868253,0.282550499225076,1.73801364190154,5.07028048540248,10.1041985258658,1.38915235520698,-0.315314867046956,-0.0441508201472596,0,2.86989768607064,-0.857450879749633,0.633985202221665,-0.623287876178158,-1.09628732380179,4.25581652426803,3.71613856304058,0.519587823487799
"Puerto Rico","Consolidative",-2.12472794413325,-5.33765229389266,-3.71320682333514,-0.212277047227805,0.788311176747447,NA,NA,2.36265628862795,1.24947121247982,-0.377463430233271,NA,NA,NA,NA,NA,NA,5.3921074387788,2.19127049968078,NA
"Qatar","Consolidative",-0.0319898615016911,-1.00778500676149,-6.49048762259604,2.06101022395078,-0.842634489375549,13.8757779949823,2.67874279155698,0.91332710863985,0,-0.454973389337121,NA,1.84640177813471,9.43608135366947,0,9.43608135366947,10.5691604664389,8.50966138941105,-7.79764578214367,0.378945227325711
"Romania","Consolidative",-0.347859934882633,4.88220680815734,-2.06875614815722,0.249759522636173,1.37692230612689,12.366322668827,13.3101095998933,17.1505776341488,0.33975120419858,0.00908664708814122,0,2.02919004378423,-1.21007532290718,NA,NA,-1.19402589743566,12.9800852347435,-5.70105835225579,0.801945747574928
"Russian Federation","Consolidative",0.00164723750761819,2.7683362631552,-5.30967353493508,1.20627374940205,3.21294911846863,7.89227509732666,21.2076604193073,16.303382432396,0.0449529760902401,-0.0256431297237403,-4.01827487657933,1.14602687305434,-1.91262362690502,NA,NA,0.732931163071893,-1.71709934331674,-3.85941120383718,0.743869174954859
"Rwanda","Rapidly Expansionist",0.867836417482848,3.85192251673361,-1.18742424211573,6.42530470751708,0.958183889286701,14.3159635993099,11.3254872093585,10.2046280230944,2.06692997976452,0.00929192061134287,-2.00951286791327,6.2339978115544,4.99476471054008,-11.9439861116398,-6.81377123140455,2.80014170324752,5.08958360606067,-14.5055979900127,4.15823670208639
"Sao Tome and Principe","Expansionist",0.317378324112361,1.9830610827352,-1.26511576974812,1.61420050300474,-0.377934678327685,10.8409953488185,11.3973428653186,NA,-0.218773454566268,0.034380168608017,-4.13886721565173,4.78735653375595,0,0,3.71550444461919,4.25343400918465,-10.1452482605196,10.849081603145,1.34111513058932
"Saudi Arabia","Consolidative",-0.0142930110035078,-3.40256068495345,-2.50049073933657,2.57160900557072,3.75835977932575,8.83394382440967,18.9218995890888,2.62976455230071,0,-0.280606116271953,-1.70184111498723,2.03418356850917,2.2383493622681,0,2.2383493622681,7.44383471226737,-5.1586158401694,1.45565545035502,0.853767464299504
"Senegal","Rapidly Expansionist",0.0299768716876203,5.86501437750959,-1.98628803235417,2.64389674671257,0.712713194241488,8.71979927715187,12.4875492562627,2.20239481958093,-0.487954256233047,-0.0682085291178858,-5.38580150376127,4.18440172728349,1.23847744458419,-2.63116135948849,-0.174101929108583,2.42620284265733,-15.6209519136912,9.14677691767314,1.44880526476201
"Sierra Leone","Rapidly Expansionist",1.91042976011617,8.38253955943771,-0.914285093935663,8.01034118749828,2.51520972462809,NA,NA,NA,-0.135561756444147,-0.0336233718425616,-3.5574148088843,4.34319539638239,4.18329238314779,0.131251980333613,1.27313408594396,2.98888683976151,2.94892874497115,-15.1868967984149,2.29605433509561
"Singapore","Consolidative",-3.18591819341923,15.9776331412572,-3.58074483476065,-2.56904238624081,-7.75808489426065,4.77286833519568,5.02375083336517,0.916346839062432,0,-0.305946689381009,NA,1.9269661909175,1.18136336535752,NA,4.56039114955247,2.44481474201794,3.16595874175756,3.03903507198329,0.936459423884406
"Solomon Islands","Rapidly Expansionist",1.97766057094761,2.35928368279203,-0.238883078444663,2.70998108008786,-0.374605551344709,NA,NA,NA,-0.246881613463901,-0.447913542132228,-1.34818665661907,3.32828277458523,0.964205940407026,0.83700087973928,0.840696776707905,NA,6.7369873967148,4.28434092673475,NA
"Somalia","Expansionist",0.00743363856712254,0.954278572548284,-0.167504772614702,1.49807331022351,0.887121385486034,NA,NA,NA,-1.07361775054048,-0.30677257784012,NA,4.5174420876229,-0.136565935747535,-0.931907268534993,-0.552749469956859,1.64339066378933,0,0,NA
"South Africa","Consolidative",-0.0629559427993143,-0.560955408078645,-4.8980438328176,2.12119799138277,3.67523152127636,9.88499513065593,9.25814468086126,7.6343269034765,0,-0.312308670290096,1.66298284940372,2.42417914505149,0.0225694510610941,-1.27507183659141,-0.0938444733959209,1.52178750446297,2.86338472021588,-8.50980165710677,0.34863723227998
"Spain","Consolidative",-0.756392590991706,-1.91580621379933,-4.21549973365731,0.91214271154092,2.29174134670571,5.60490159195923,6.03485169287539,0.781131544542624,0.849532409565179,-0.0312931393906313,0,1.71236079655004,-0.32399567430218,-2.41943820121296,NA,-0.33616258549275,3.94257607557078,2.34064788954071,0.506156251320755
"Sri Lanka","Expansionist",0.909378787285453,2.67805823839957,-1.57273994403344,2.24356996639443,1.10716043929231,NA,NA,8.54891880690216,-0.395601841273974,-0.900692309192752,-4.24739764751673,5.74534554929158,0.558856537865604,-0.954848713476997,-0.128667024086704,2.53250354992935,-4.04733552950135,-7.24765556502266,0.863770085765481
"Suriname","Expansionist",-0.349945425307574,0.0354501613758496,1.14767300129983,1.46126432233107,0.837911947769299,7.79088179039673,-2.52035907391338,18.4808246958566,-0.0256535760791432,-0.0474726464904651,-3.68985977054412,2.19223969243645,-0.3740974137173,0.115238513077709,0.0549394155595406,NA,8.35090042931039,-7.99853191846791,NA
"Swaziland","Expansionist",-0.00454431871843575,2.72014135202339,-0.967463423599257,1.48990568263305,1.20607795852972,NA,NA,NA,0.844310434336037,NA,2.62203397055503,2.82331106612317,-0.247408060225673,0.723796968959745,-0.0979934402456362,2.83969657390573,4.80007375941389,2.44891158224754,0.53296842283812
"Sweden","Consolidative",-0.417672630015797,-1.7008060925506,-2.87835412840515,-0.579267266415506,1.06787510706345,8.66271252671598,8.69068189974289,1.54407270149981,-0.0118604309919945,-0.00288545293345432,0,2.29201828428514,-0.993602604312782,-8.66841977109863,NA,0.470990142313932,2.45580912751719,2.59460682267079,0.420355506099623
"Switzerland","Consolidative",-0.201336401113672,-2.72072891221912,-1.64861615038894,0.0859454260486947,1.27762201085997,7.76540594433413,12.0439685322039,-0.907065315069788,0.336898660257257,0.000192482592376031,0,2.24433557266506,-0.630992513365303,-1.12036222182457,-0.254021923321557,0.164328105441669,2.39026003415099,1.63773896577808,0.532340155814714
"Syria","Consolidative",0.0476479407608421,-3.64795240103665,-3.45937179767284,2.38794068088577,1.6164947894129,NA,NA,6.12054380902824,0.952160892063469,NA,NA,2.75582541129131,0.336408999779492,-1.22739153044563,0.818380681105935,1.46754546253003,29.9460755817621,1.53076124631242,-0.348059553602065
"Tajikistan","Expansionist",0.299359474486183,-9.53632258842385,-0.663765440042841,5.98986345536592,3.43136896673299,NA,NA,15.8755057423687,0.0274227650640002,-0.000776296909610341,NA,3.43338792342012,3.74935224360304,-56.9486042241578,3.55335790055189,2.7376820063739,8.67219835619246,-4.99799118506926,0.944153341830556
"Tanzania","Rapidly Expansionist",0.906888057153776,8.49547332118525,-1.15373969010653,4.89053355429454,0.662581315202471,10.474024147997,11.7666313549942,6.78848583608076,-0.78803382800039,NA,-1.18910664857549,5.08737830945958,2.06673584719388,-0.885330322577327,-0.437462512522813,3.90579246990181,6.25182984559745,21.675603550878,1.67898936190216
"Thailand","Expansionist",0.436719669437036,2.197718630357,-1.4898496934822,2.52287812697323,2.64380350803439,8.34239309007301,6.54366693508508,3.33899840195462,0.0885663886965871,-0.3835843143845,-5.76713764803242,6.21737926590569,1.09819694744122,0.893303951367175,1.16275023101182,1.48603153183549,5.68920020438646,-8.2168641761857,1.00314126989083
"Timor-Leste","Rapidly Expansionist",0.639025910439761,10.199794759859,-0.347708003166214,1.29822166545743,-0.546094178806578,NA,NA,NA,-1.39956551245924,-0.365128139000193,-1.50798335852079,6.68983980670108,NA,NA,NA,1.91700483732637,-0.729909465128187,7.56698835856906,NA
"Togo","Expansionist",0.567583528299376,3.37043267265951,-0.0041051355841093,2.79990782693083,-0.447573258194545,6.40056893835057,6.08922467475004,4.30721449619305,-5.31882389231058,-0.000919825886591674,-4.18255114458755,4.790697168451,2.25934511656805,-0.16730895042596,0.391359004828873,2.6275790773882,1.10418919310928,8.3760368470791,1.01735502269911
"Trinidad and Tobago","Consolidative",-1.5090306673766,-0.203887384177293,-5.52832560501844,0.479241581884815,-0.0640825843806092,8.94122443116176,4.23489985595338,8.50430069889334,-0.119851282733152,-0.119566603748,-3.98800275063668,3.80367630993679,1.40441776855136,NA,NA,4.96296782933046,-5.51296168114538,7.30319190978936,0.74637941907949
"Tunisia","Expansionist",0.467319045859349,2.32944805280693,-1.58516626381173,1.24194482589124,0.140554033798024,6.28532460336573,7.72338334975304,3.8781886427381,1.70430849778815,0.00438043249186837,-1.83799180863379,2.57932291747276,0.608267074970392,-4.23587488288704,1.27738477081882,2.29697081399376,4.67944574705106,-8.99387731766237,0.933755894385602
"Turkey","Consolidative",-0.152479200991618,0.825793936465868,-4.1385264307358,1.74896280086443,2.76241195642248,7.72977996210733,8.04277739499066,22.4715857519219,0.873666791493832,-0.0410491010960023,0,2.45090937000476,0.423139395694716,5.99403688289601,NA,2.28701844348933,-7.44152737531625,-4.55810118309727,1.38998639894046
"Turkmenistan","Expansionist",-0.239454175725773,4.56951701312065,-0.6805250893959,5.06449403794036,1.94483863879464,NA,NA,7.30702122455369,0,-0.0293360639170293,-2.59861036984038,3.33392339268073,2.97407849758355,0,2.97407849758355,4.98352450011528,-0.114848090394226,3.22369154510973,NA
"Uganda","Expansionist",0.894137418294938,3.33577760607828,0.0257621054204238,1.1836418048883,-2.03390332422636,8.27215407718633,6.92683198140576,NA,-3.47469874441543,-0.376226204254526,2.73659790153002,4.87864703423821,4.31526000188494,1.30204839403991,2.75867312222822,1.76056332304244,2.99818400155152,-6.43396984614158,2.40775900126178
"Ukraine","Expansionist",-0.0799434984414482,6.45853127584097,-0.8002429925003,2.11406988873304,1.78070007444207,19.3115120776366,18.0031472931869,16.6028349411193,0.114357386587471,0.028333618376597,0.532125179543885,1.40441776855136,-3.74795394512397,-14.2928076597303,16.0652762401374,-1.45318671366557,-3.44689729402874,3.42240959805276,0.556880314235642
"United Arab Emirates","Consolidative",-0.251122527424286,-0.0427061735059686,-4.02295618873795,-1.99972830486455,-4.23967193014263,NA,NA,NA,0.615739779171243,-0.314199207349963,2.9647999110066,2.34406477889844,4.54259232988325,-8.72514001049037,NA,5.54027884990369,3.20763469875758,-0.486446305488597,0.59357773265265
"United Kingdom","Consolidative",-0.112409527989843,-2.59690917830145,-2.92357367203682,-0.278816709736895,0.565307788179203,4.40448055827585,2.7141435525827,2.35414497706543,0.435308989438909,NA,0,2.65345650749158,-1.67025715709888,0.0136901978840642,-1.78776633648401,-0.224850146496569,2.74226972952034,2.01999493661844,0.439993432133523
"United States","Consolidative",-0.122075100464392,0.0994996053453656,-4.14507433946851,1.08774009726702,1.73130517833811,6.39160399946912,5.61059447650745,4.1222010945398,0.129315934741814,NA,0,2.44626688254872,-0.0271313339569312,-9.93658049388499,15.1825715768383,-0.429529557473596,2.16266367868672,1.7821848078255,0.217540670218908
"Uruguay","Consolidative",-0.187102872942835,3.15562938438572,-1.43706432414739,2.49714130547631,1.0085355389525,7.78488998791336,13.2084451685089,10.9255543026051,2.57482765641663,-0.0480900135689799,-4.27047062566835,2.0012597099619,0.217716786758193,-4.81112003764392,NA,-2.94055601187209,-7.89695902096716,-6.39363303920201,0.603997644324106
"Uzbekistan","Expansionist",-0.177520808238196,-0.92866168159208,-0.65036424720718,4.99344356358302,2.20526171709685,NA,NA,NA,0.156750806266492,-0.0488479121575791,-7.4080972432271,3.27311253428595,3.24748071674437,11.7226053268637,-2.00683884802698,1.20513773523232,-10.3319823736576,12.7423778960273,NA
"Vanuatu","Expansionist",0.597023107040529,1.09605890468389,-0.265690627228476,1.47878963412806,-0.140257608266137,NA,NA,3.63083588754416,0,-0.456513975582928,-1.13139815678877,3.16129957200655,0.860070198239704,-5.61817842140385,1.21321437610871,NA,11.1650382358983,9.16823987728939,NA
"Venezuela","Consolidative",-0.0095408692839416,2.43787283974228,-2.30616531856425,1.83635615547857,1.11940722833144,12.8180104355742,-14.4195955494983,24.3451529888631,-0.38609233299729,NA,-1.23353787821867,1.84914848192932,1.25172360047094,-3.57962453629871,-2.41255510503643,3.00171843428862,-7.42277455528994,2.78498679803345,0.727726131203599
"Vietnam","Rapidly Expansionist",2.04994228175697,3.11586740775123,-2.05683232544988,4.84507587910767,2.3457072375993,22.3314974704586,13.4181258138401,8.93183292098345,1.73786854517106,NA,-5.58963610994918,7.03519546620164,1.31596557111484,-4.58353619022159,11.2918405040462,5.25067340140626,-9.00822577858863,12.8595352889622,1.26343659608696
"Yemen","Consolidative",-0.0408950772023853,2.86512695069181,-3.21919039780466,5.29827547430353,1.94009667471708,10.3308172008967,19.6010428356765,10.6057917025489,0,-0.299472941081447,0.904501153089243,NA,2.92506851313674,0,2.92506851313674,4.34946440990656,-10.4740151764171,2.1429530533158,1.13994623853408
"Zambia","Expansionist",0.453657261333018,-1.12027658447524,-1.43859057443187,6.74667634488542,3.74046485550166,12.3649303019299,14.1231477060392,NA,-0.330735542094929,-0.00167279132449183,-0.690782179976734,3.81547822055266,1.15391087421726,-0.414340690100712,-0.334585831507384,3.37285300919392,-9.50070622640751,13.3092111316,1.55072811682324
"Zimbabwe","Expansionist",0.649122510033839,-5.66221954751956,0.554673499221447,-1.02801460876776,-0.846871484879141,11.079019209278,2.20825912953737,NA,-1.87294776271671,-0.0546398308197249,1.49795929076084,NA,-0.41465224178665,-0.426416980895827,-0.310819974747278,-0.000167353682778426,-11.4284464561912,0.102275617228709,0.712376722768249
